source,row_origin,dataset_version,observation_date,species_name,species_id,region,state_code,planted_count,actual_alive_count,actual_dead_count,survival_ratio,ground_truth_observed_survival,years_tracked,wood_density_gcm3,tree_age_years,climate_zone,drought_score,fire_score,disease_score,growth_rate_class,region_drought_risk,region_fire_risk,region_disease_risk,species_drought_tolerance,species_growth_form,soil_ph,soil_organic_carbon_pct,soil_clay_pct,annual_rainfall_mm,tmax_mean_c,vpd_mean_hpa,planting_month,ndvi_at_planting,surrounding_landuse,elevation_m,management_score
NERC_EIDC_2023_survival_height,real,teme_survival_v4_nerc,,Shorea leprosula,shorea_leprosula,Perak,Perak,384,174,210,0.453125,0.453125,13.0,0.44,9.0,Tropical_Forest_Mineral_Soil,5.0,3.0,5.0,5.0,,,,,,,,,,,,,,,,0.8333333333333333
NERC_EIDC_2023_survival_height,real,teme_survival_v4_nerc,,Shorea leprosula,shorea_leprosula,Perak,Perak,384,240,144,0.625,0.625,13.0,0.44,9.0,Tropical_Forest_Mineral_Soil,5.0,3.0,5.0,5.0,,,,,,,,,,,,,,,,0.8333333333333333
NERC_EIDC_2023_survival_height,real,teme_survival_v4_nerc,,Shorea leprosula,shorea_leprosula,Perak,Perak,384,185,199,0.4817708333333333,0.4817708333333333,13.0,0.44,9.0,Tropical_Forest_Mineral_Soil,5.0,3.0,5.0,5.0,,,,,,,,,,,,,,,,0.8333333333333333
NERC_EIDC_2023_survival_height,real,teme_survival_v4_nerc,,Shorea leprosula,shorea_leprosula,Perak,Perak,666,471,195,0.7072072072072072,0.7072072072072072,14.0,0.44,9.0,Tropical_Forest_Mineral_Soil,5.0,3.0,5.0,5.0,,,,,,,,,,,,,,,,0.8333333333333333
NERC_EIDC_2023_survival_height,real,teme_survival_v4_nerc,,Shorea leprosula,shorea_leprosula,Perak,Perak,666,485,181,0.7282282282282282,0.7282282282282282,14.0,0.44,9.0,Tropical_Forest_Mineral_Soil,5.0,3.0,5.0,5.0,,,,,,,,,,,,,,,,0.8333333333333333
NERC_EIDC_2023_survival_height,real,teme_survival_v4_nerc,,Shorea leprosula,shorea_leprosula,Perak,Perak,666,334,332,0.5015015015015015,0.5015015015015015,14.0,0.44,9.0,Tropical_Forest_Mineral_Soil,5.0,3.0,5.0,5.0,,,,,,,,,,,,,,,,0.8333333333333333
NERC_EIDC_2023_survival_height,real,teme_survival_v4_nerc,,Shorea leprosula,shorea_leprosula,Perak,Perak,666,416,250,0.6246246246246246,0.6246246246246246,14.0,0.44,9.0,Tropical_Forest_Mineral_Soil,5.0,3.0,5.0,5.0,,,,,,,,,,,,,,,,0.8333333333333333
NERC_EIDC_2023_survival_height,real,teme_survival_v4_nerc,,Shorea leprosula,shorea_leprosula,Perak,Perak,666,196,470,0.29429429429429427,0.29429429429429427,14.0,0.44,9.0,Tropical_Forest_Mineral_Soil,5.0,3.0,5.0,5.0,,,,,,,,,,,,,,,,0.8333333333333333
NERC_EIDC_2023_survival_height,real,teme_survival_v4_nerc,,Shorea parvifolia,shorea_parvifolia,Perak,Perak,384,178,206,0.4635416666666667,0.4635416666666667,13.0,0.405,9.0,Tropical_Forest_Mineral_Soil,5.0,3.0,5.0,5.0,,,,,,,,,,,,,,,,0.8333333333333333
NERC_EIDC_2023_survival_height,real,teme_survival_v4_nerc,,Shorea parvifolia,shorea_parvifolia,Perak,Perak,384,77,307,0.20052083333333334,0.20052083333333334,13.0,0.405,9.0,Tropical_Forest_Mineral_Soil,5.0,3.0,5.0,5.0,,,,,,,,,,,,,,,,0.8333333333333333
NERC_EIDC_2023_survival_height,real,teme_survival_v4_nerc,,Shorea parvifolia,shorea_parvifolia,Perak,Perak,666,437,229,0.6561561561561562,0.6561561561561562,14.0,0.405,9.0,Tropical_Forest_Mineral_Soil,5.0,3.0,5.0,5.0,,,,,,,,,,,,,,,,0.8333333333333333
NERC_EIDC_2023_survival_height,real,teme_survival_v4_nerc,,Shorea parvifolia,shorea_parvifolia,Perak,Perak,666,282,384,0.42342342342342343,0.42342342342342343,14.0,0.405,9.0,Tropical_Forest_Mineral_Soil,5.0,3.0,5.0,5.0,,,,,,,,,,,,,,,,0.8333333333333333
NERC_EIDC_2023_survival_height,real,teme_survival_v4_nerc,,Shorea parvifolia,shorea_parvifolia,Perak,Perak,666,354,312,0.5315315315315315,0.5315315315315315,14.0,0.405,9.0,Tropical_Forest_Mineral_Soil,5.0,3.0,5.0,5.0,,,,,,,,,,,,,,,,0.8333333333333333
NERC_EIDC_2023_survival_height,real,teme_survival_v4_nerc,,Shorea parvifolia,shorea_parvifolia,Perak,Perak,666,144,522,0.21621621621621623,0.21621621621621623,14.0,0.405,9.0,Tropical_Forest_Mineral_Soil,5.0,3.0,5.0,5.0,,,,,,,,,,,,,,,,0.8333333333333333
NERC_EIDC_2023_survival_height,real,teme_survival_v4_nerc,,Shorea parvifolia,shorea_parvifolia,Perak,Perak,666,113,553,0.16966966966966968,0.16966966966966968,14.0,0.405,9.0,Tropical_Forest_Mineral_Soil,5.0,3.0,5.0,5.0,,,,,,,,,,,,,,,,0.8333333333333333
NERC_EIDC_2023_survival_height,real,teme_survival_v4_nerc,,Shorea parvifolia,shorea_parvifolia,Perak,Perak,384,214,170,0.5572916666666666,0.5572916666666666,13.0,0.405,9.0,Tropical_Forest_Mineral_Soil,5.0,3.0,5.0,5.0,,,,,,,,,,,,,,,,0.8333333333333333
NERC_EIDC_2023_survival_height,real,teme_survival_v4_nerc,,Shorea macroptera,shorea_macroptera,Malaysia,Malaysia,500,328,172,0.656,0.656,11.0,0.425,9.0,Tropical_Forest_Mineral_Soil,5.0,3.0,5.0,7.0,,,,,,,,,,,,,,,,0.8333333333333333
NERC_EIDC_2023_survival_height,real,teme_survival_v4_nerc,,Shorea macroptera,shorea_macroptera,Malaysia,Malaysia,88,46,42,0.5227272727272727,0.5227272727272727,11.0,0.425,9.0,Tropical_Forest_Mineral_Soil,5.0,3.0,5.0,9.0,,,,,,,,,,,,,,,,0.8333333333333333
NERC_EIDC_2023_survival_height,real,teme_survival_v4_nerc,,Shorea macroptera,shorea_macroptera,Malaysia,Malaysia,55,25,30,0.45454545454545453,0.45454545454545453,11.0,0.425,9.0,Tropical_Forest_Mineral_Soil,5.0,3.0,5.0,9.0,,,,,,,,,,,,,,,,0.8333333333333333
NERC_EIDC_2023_survival_height,real,teme_survival_v4_nerc,,Shorea macroptera,shorea_macroptera,Malaysia,Malaysia,36,18,18,0.5,0.5,11.0,0.425,9.0,Tropical_Forest_Mineral_Soil,5.0,3.0,5.0,6.0,,,,,,,,,,,,,,,,0.8333333333333333
NERC_EIDC_2023_survival_height,real,teme_survival_v4_nerc,,Shorea macroptera,shorea_macroptera,Malaysia,Malaysia,36,17,19,0.4722222222222222,0.4722222222222222,11.0,0.425,9.0,Tropical_Forest_Mineral_Soil,5.0,3.0,5.0,8.0,,,,,,,,,,,,,,,,0.8333333333333333
NERC_EIDC_2023_survival_height,real,teme_survival_v4_nerc,,Shorea macroptera,shorea_macroptera,Malaysia,Malaysia,36,17,19,0.4722222222222222,0.4722222222222222,11.0,0.425,9.0,Tropical_Forest_Mineral_Soil,5.0,3.0,5.0,8.0,,,,,,,,,,,,,,,,0.8333333333333333
NERC_EIDC_2023_survival_height,real,teme_survival_v4_nerc,,Shorea pauciflora,shorea_pauciflora,Malaysia,Malaysia,36,13,23,0.3611111111111111,0.3611111111111111,11.0,0.5325,9.0,Tropical_Forest_Mineral_Soil,5.0,3.0,5.0,6.0,,,,,,,,,,,,,,,,0.8333333333333333
NERC_EIDC_2023_survival_height,real,teme_survival_v4_nerc,,Shorea pauciflora,shorea_pauciflora,Malaysia,Malaysia,36,14,22,0.3888888888888889,0.3888888888888889,11.0,0.5325,9.0,Tropical_Forest_Mineral_Soil,5.0,3.0,5.0,9.0,,,,,,,,,,,,,,,,0.8333333333333333
NERC_EIDC_2023_survival_height,real,teme_survival_v4_nerc,,Shorea pauciflora,shorea_pauciflora,Malaysia,Malaysia,36,10,26,0.2777777777777778,0.2777777777777778,11.0,0.5325,9.0,Tropical_Forest_Mineral_Soil,5.0,3.0,5.0,8.0,,,,,,,,,,,,,,,,0.8333333333333333
NERC_EIDC_2023_survival_height,real,teme_survival_v4_nerc,,Shorea pauciflora,shorea_pauciflora,Malaysia,Malaysia,500,234,266,0.468,0.468,11.0,0.5325,9.0,Tropical_Forest_Mineral_Soil,5.0,3.0,5.0,8.0,,,,,,,,,,,,,,,,0.8333333333333333
NERC_EIDC_2023_survival_height,real,teme_survival_v4_nerc,,Shorea pauciflora,shorea_pauciflora,Malaysia,Malaysia,88,37,51,0.42045454545454547,0.42045454545454547,11.0,0.5325,9.0,Tropical_Forest_Mineral_Soil,5.0,3.0,5.0,9.0,,,,,,,,,,,,,,,,0.8333333333333333
NERC_EIDC_2023_survival_height,real,teme_survival_v4_nerc,,Shorea pauciflora,shorea_pauciflora,Malaysia,Malaysia,55,16,39,0.2909090909090909,0.2909090909090909,11.0,0.5325,9.0,Tropical_Forest_Mineral_Soil,5.0,3.0,5.0,8.0,,,,,,,,,,,,,,,,0.8333333333333333
NERC_EIDC_2023_survival_height,real,teme_survival_v4_nerc,,Cleistanthus oblongifolius,cleistanthus_oblongifolius,East Kalimantan,East Kalimantan,120,108,12,0.9,0.9,4.0,0.6518,6.0,Tropical_Forest_Mineral_Soil,5.0,3.0,5.0,5.0,,,,,,,,,,,,,,,,2.5
NERC_EIDC_2023_survival_height,real,teme_survival_v4_nerc,,Ficus variegata,ficus_variegata,East Kalimantan,East Kalimantan,120,39,81,0.325,0.325,4.0,0.327,6.0,Tropical_Forest_Mineral_Soil,5.0,3.0,5.0,4.0,,,,,,,,,,,,,,,,2.5
NERC_EIDC_2023_survival_height,real,teme_survival_v4_nerc,,Glochidion rubrum,glochidion_rubrum,East Kalimantan,East Kalimantan,120,72,48,0.6,0.6,4.0,0.64,6.0,Tropical_Forest_Mineral_Soil,5.0,3.0,5.0,4.0,,,,,,,,,,,,,,,,2.5
NERC_EIDC_2023_survival_height,real,teme_survival_v4_nerc,,Macaranga motleyana,macaranga_motleyana,East Kalimantan,East Kalimantan,120,99,21,0.825,0.825,4.0,0.382929167,6.0,Tropical_Forest_Mineral_Soil,5.0,3.0,5.0,6.0,,,,,,,,,,,,,,,,2.5
NERC_EIDC_2023_survival_height,real,teme_survival_v4_nerc,,Schima wallichii,schima_wallichii,East Kalimantan,East Kalimantan,120,79,41,0.6583333333333333,0.6583333333333333,4.0,0.55775,6.0,Tropical_Forest_Mineral_Soil,5.0,3.0,5.0,7.0,,,,,,,,,,,,,,,,2.5
NERC_EIDC_2023_survival_height,real,teme_survival_v4_nerc,,Shorea balangeran,shorea_balangeran,East Kalimantan,East Kalimantan,120,101,19,0.8416666666666667,0.8416666666666667,4.0,0.69,6.0,Tropical_Forest_Mineral_Soil,5.0,3.0,5.0,9.0,,,,,,,,,,,,,,,,2.5
NERC_EIDC_2023_survival_height,real,teme_survival_v4_nerc,,Syzygium lineatum,syzygium_lineatum,East Kalimantan,East Kalimantan,120,108,12,0.9,0.9,4.0,0.664366667,6.0,Tropical_Forest_Mineral_Soil,5.0,3.0,5.0,7.0,,,,,,,,,,,,,,,,2.5
NERC_EIDC_2023_survival_height,real,teme_survival_v4_nerc,,Syzygium nervosum,syzygium_nervosum,East Kalimantan,East Kalimantan,120,110,10,0.9166666666666666,0.9166666666666666,4.0,0.664366667,6.0,Tropical_Forest_Mineral_Soil,5.0,3.0,5.0,8.0,,,,,,,,,,,,,,,,2.5
NERC_EIDC_2023_survival_height,real,teme_survival_v4_nerc,,Syzygium scortechinii,syzygium_scortechinii,East Kalimantan,East Kalimantan,120,116,4,0.9666666666666667,0.9666666666666667,4.0,0.664366667,6.0,Tropical_Forest_Mineral_Soil,5.0,3.0,5.0,9.0,,,,,,,,,,,,,,,,2.5
NERC_EIDC_2023_survival_height,real,teme_survival_v4_nerc,,Vitex pinnata,vitex_pinnata,East Kalimantan,East Kalimantan,120,120,0,1.0,1.0,4.0,0.565170667,6.0,Tropical_Forest_Mineral_Soil,5.0,3.0,5.0,10.0,,,,,,,,,,,,,,,,2.5
NERC_EIDC_2023_survival_height,real,teme_survival_v4_nerc,,Shorea parvifolia,shorea_parvifolia,South Kalimantan,South Kalimantan,35,10,25,0.2857142857142857,0.2857142857142857,2.0,0.405,,Tropical_Forest_Mineral_Soil,5.0,3.0,5.0,6.0,,,,,,,,,,,,,,,,0.8333333333333333
NERC_EIDC_2023_survival_height,real,teme_survival_v4_nerc,,Shorea parvifolia,shorea_parvifolia,South Kalimantan,South Kalimantan,35,22,13,0.6285714285714286,0.6285714285714286,2.0,0.405,,Tropical_Forest_Mineral_Soil,5.0,3.0,5.0,9.0,,,,,,,,,,,,,,,,0.8333333333333333
NERC_EIDC_2023_survival_height,real,teme_survival_v4_nerc,,Shorea johorensis,shorea_johorensis,South Kalimantan,South Kalimantan,20,12,8,0.6,0.6,2.0,0.393333333,3.0,Tropical_Forest_Mineral_Soil,5.0,3.0,5.0,6.0,,,,,,,,,,,,,,,,0.8333333333333333
NERC_EIDC_2023_survival_height,real,teme_survival_v4_nerc,,Shorea johorensis,shorea_johorensis,South Kalimantan,South Kalimantan,20,12,8,0.6,0.6,2.0,0.393333333,3.0,Tropical_Forest_Mineral_Soil,5.0,3.0,5.0,7.0,,,,,,,,,,,,,,,,0.8333333333333333
NERC_EIDC_2023_survival_height,real,teme_survival_v4_nerc,,Shorea johorensis,shorea_johorensis,South Kalimantan,South Kalimantan,20,9,11,0.45,0.45,2.0,0.393333333,3.0,Tropical_Forest_Mineral_Soil,5.0,3.0,5.0,7.0,,,,,,,,,,,,,,,,0.8333333333333333
NERC_EIDC_2023_survival_height,real,teme_survival_v4_nerc,,Shorea johorensis,shorea_johorensis,South Kalimantan,South Kalimantan,20,7,13,0.35,0.35,2.0,0.393333333,3.0,Tropical_Forest_Mineral_Soil,5.0,3.0,5.0,5.0,,,,,,,,,,,,,,,,0.8333333333333333
NERC_EIDC_2023_survival_height,real,teme_survival_v4_nerc,,Shorea johorensis,shorea_johorensis,South Kalimantan,South Kalimantan,20,14,6,0.7,0.7,2.0,0.393333333,3.0,Tropical_Forest_Mineral_Soil,5.0,3.0,5.0,6.0,,,,,,,,,,,,,,,,0.8333333333333333
NERC_EIDC_2023_survival_height,real,teme_survival_v4_nerc,,Shorea johorensis,shorea_johorensis,South Kalimantan,South Kalimantan,20,12,8,0.6,0.6,2.0,0.393333333,3.0,Tropical_Forest_Mineral_Soil,5.0,3.0,5.0,4.0,,,,,,,,,,,,,,,,0.8333333333333333
NERC_EIDC_2023_survival_height,real,teme_survival_v4_nerc,,Shorea johorensis,shorea_johorensis,South Kalimantan,South Kalimantan,20,10,10,0.5,0.5,2.0,0.393333333,3.0,Tropical_Forest_Mineral_Soil,5.0,3.0,5.0,6.0,,,,,,,,,,,,,,,,0.8333333333333333
NERC_EIDC_2023_survival_height,real,teme_survival_v4_nerc,,Shorea johorensis,shorea_johorensis,South Kalimantan,South Kalimantan,20,12,8,0.6,0.6,2.0,0.393333333,3.0,Tropical_Forest_Mineral_Soil,5.0,3.0,5.0,7.0,,,,,,,,,,,,,,,,0.8333333333333333
NERC_EIDC_2023_survival_height,real,teme_survival_v4_nerc,,Shorea johorensis,shorea_johorensis,South Kalimantan,South Kalimantan,20,12,8,0.6,0.6,2.0,0.393333333,3.0,Tropical_Forest_Mineral_Soil,5.0,3.0,5.0,7.0,,,,,,,,,,,,,,,,0.8333333333333333
NERC_EIDC_2023_survival_height,real,teme_survival_v4_nerc,,Shorea johorensis,shorea_johorensis,South Kalimantan,South Kalimantan,20,11,9,0.55,0.55,2.0,0.393333333,3.0,Tropical_Forest_Mineral_Soil,5.0,3.0,5.0,5.0,,,,,,,,,,,,,,,,0.8333333333333333
NERC_EIDC_2023_survival_height,real,teme_survival_v4_nerc,,Shorea johorensis,shorea_johorensis,South Kalimantan,South Kalimantan,20,12,8,0.6,0.6,2.0,0.393333333,3.0,Tropical_Forest_Mineral_Soil,5.0,3.0,5.0,8.0,,,,,,,,,,,,,,,,0.8333333333333333
NERC_EIDC_2023_survival_height,real,teme_survival_v4_nerc,,Shorea johorensis,shorea_johorensis,South Kalimantan,South Kalimantan,20,9,11,0.45,0.45,2.0,0.393333333,3.0,Tropical_Forest_Mineral_Soil,5.0,3.0,5.0,4.0,,,,,,,,,,,,,,,,0.8333333333333333
NERC_EIDC_2023_survival_height,real,teme_survival_v4_nerc,,Shorea leprosula,shorea_leprosula,South Kalimantan,South Kalimantan,20,14,6,0.7,0.7,2.0,0.44,3.0,Tropical_Forest_Mineral_Soil,5.0,3.0,5.0,4.0,,,,,,,,,,,,,,,,0.8333333333333333
NERC_EIDC_2023_survival_height,real,teme_survival_v4_nerc,,Shorea leprosula,shorea_leprosula,South Kalimantan,South Kalimantan,20,17,3,0.85,0.85,2.0,0.44,3.0,Tropical_Forest_Mineral_Soil,5.0,3.0,5.0,7.0,,,,,,,,,,,,,,,,0.8333333333333333
NERC_EIDC_2023_survival_height,real,teme_survival_v4_nerc,,Shorea leprosula,shorea_leprosula,South Kalimantan,South Kalimantan,20,15,5,0.75,0.75,2.0,0.44,3.0,Tropical_Forest_Mineral_Soil,5.0,3.0,5.0,8.0,,,,,,,,,,,,,,,,0.8333333333333333
NERC_EIDC_2023_survival_height,real,teme_survival_v4_nerc,,Shorea leprosula,shorea_leprosula,South Kalimantan,South Kalimantan,20,16,4,0.8,0.8,2.0,0.44,3.0,Tropical_Forest_Mineral_Soil,5.0,3.0,5.0,7.0,,,,,,,,,,,,,,,,0.8333333333333333
NERC_EIDC_2023_survival_height,real,teme_survival_v4_nerc,,Shorea leprosula,shorea_leprosula,South Kalimantan,South Kalimantan,20,8,12,0.4,0.4,2.0,0.44,3.0,Tropical_Forest_Mineral_Soil,5.0,3.0,5.0,8.0,,,,,,,,,,,,,,,,0.8333333333333333
NERC_EIDC_2023_survival_height,real,teme_survival_v4_nerc,,Shorea leprosula,shorea_leprosula,South Kalimantan,South Kalimantan,20,10,10,0.5,0.5,2.0,0.44,3.0,Tropical_Forest_Mineral_Soil,5.0,3.0,5.0,8.0,,,,,,,,,,,,,,,,0.8333333333333333
NERC_EIDC_2023_survival_height,real,teme_survival_v4_nerc,,Shorea leprosula,shorea_leprosula,South Kalimantan,South Kalimantan,20,12,8,0.6,0.6,2.0,0.44,3.0,Tropical_Forest_Mineral_Soil,5.0,3.0,5.0,8.0,,,,,,,,,,,,,,,,0.8333333333333333
NERC_EIDC_2023_survival_height,real,teme_survival_v4_nerc,,Shorea leprosula,shorea_leprosula,South Kalimantan,South Kalimantan,20,12,8,0.6,0.6,2.0,0.44,3.0,Tropical_Forest_Mineral_Soil,5.0,3.0,5.0,6.0,,,,,,,,,,,,,,,,0.8333333333333333
NERC_EIDC_2023_survival_height,real,teme_survival_v4_nerc,,Shorea parvifolia,shorea_parvifolia,South Kalimantan,South Kalimantan,20,8,12,0.4,0.4,2.0,0.405,3.0,Tropical_Forest_Mineral_Soil,5.0,3.0,5.0,4.0,,,,,,,,,,,,,,,,0.8333333333333333
NERC_EIDC_2023_survival_height,real,teme_survival_v4_nerc,,Shorea parvifolia,shorea_parvifolia,South Kalimantan,South Kalimantan,20,16,4,0.8,0.8,2.0,0.405,3.0,Tropical_Forest_Mineral_Soil,5.0,3.0,5.0,7.0,,,,,,,,,,,,,,,,0.8333333333333333
NERC_EIDC_2023_survival_height,real,teme_survival_v4_nerc,,Shorea parvifolia,shorea_parvifolia,South Kalimantan,South Kalimantan,20,10,10,0.5,0.5,2.0,0.405,3.0,Tropical_Forest_Mineral_Soil,5.0,3.0,5.0,8.0,,,,,,,,,,,,,,,,0.8333333333333333
NERC_EIDC_2023_survival_height,real,teme_survival_v4_nerc,,Shorea parvifolia,shorea_parvifolia,South Kalimantan,South Kalimantan,20,10,10,0.5,0.5,2.0,0.405,3.0,Tropical_Forest_Mineral_Soil,5.0,3.0,5.0,8.0,,,,,,,,,,,,,,,,0.8333333333333333
NERC_EIDC_2023_survival_height,real,teme_survival_v4_nerc,,Shorea parvifolia,shorea_parvifolia,South Kalimantan,South Kalimantan,20,9,11,0.45,0.45,2.0,0.405,3.0,Tropical_Forest_Mineral_Soil,5.0,3.0,5.0,7.0,,,,,,,,,,,,,,,,0.8333333333333333
NERC_EIDC_2023_survival_height,real,teme_survival_v4_nerc,,Shorea parvifolia,shorea_parvifolia,South Kalimantan,South Kalimantan,20,12,8,0.6,0.6,2.0,0.405,3.0,Tropical_Forest_Mineral_Soil,5.0,3.0,5.0,7.0,,,,,,,,,,,,,,,,0.8333333333333333
NERC_EIDC_2023_survival_height,real,teme_survival_v4_nerc,,Shorea parvifolia,shorea_parvifolia,South Kalimantan,South Kalimantan,20,12,8,0.6,0.6,2.0,0.405,3.0,Tropical_Forest_Mineral_Soil,5.0,3.0,5.0,8.0,,,,,,,,,,,,,,,,0.8333333333333333
NERC_EIDC_2023_survival_height,real,teme_survival_v4_nerc,,Shorea parvifolia,shorea_parvifolia,South Kalimantan,South Kalimantan,20,12,8,0.6,0.6,2.0,0.405,3.0,Tropical_Forest_Mineral_Soil,5.0,3.0,5.0,8.0,,,,,,,,,,,,,,,,0.8333333333333333
NERC_EIDC_2023_survival_height,real,teme_survival_v4_nerc,,Shorea parvifolia,shorea_parvifolia,South Kalimantan,South Kalimantan,20,14,6,0.7,0.7,2.0,0.405,3.0,Tropical_Forest_Mineral_Soil,5.0,3.0,5.0,6.0,,,,,,,,,,,,,,,,0.8333333333333333
NERC_EIDC_2023_survival_height,real,teme_survival_v4_nerc,,Shorea parvifolia,shorea_parvifolia,South Kalimantan,South Kalimantan,20,8,12,0.4,0.4,2.0,0.405,3.0,Tropical_Forest_Mineral_Soil,5.0,3.0,5.0,7.0,,,,,,,,,,,,,,,,0.8333333333333333
NERC_EIDC_2023_survival_height,real,teme_survival_v4_nerc,,Shorea parvifolia,shorea_parvifolia,South Kalimantan,South Kalimantan,20,12,8,0.6,0.6,2.0,0.405,3.0,Tropical_Forest_Mineral_Soil,5.0,3.0,5.0,6.0,,,,,,,,,,,,,,,,0.8333333333333333
NERC_EIDC_2023_survival_height,real,teme_survival_v4_nerc,,Shorea parvifolia,shorea_parvifolia,South Kalimantan,South Kalimantan,20,12,8,0.6,0.6,2.0,0.405,3.0,Tropical_Forest_Mineral_Soil,5.0,3.0,5.0,7.0,,,,,,,,,,,,,,,,0.8333333333333333
NERC_EIDC_2023_survival_height,real,teme_survival_v4_nerc,,Dipterocarpus cornutus,dipterocarpus_cornutus,South Kalimantan,South Kalimantan,60,3,57,0.05,0.05,3.0,0.676666667,3.0,Tropical_Forest_Mineral_Soil,5.0,3.0,5.0,4.0,,,,,,,,,,,,,,,,0.8333333333333333
NERC_EIDC_2023_survival_height,real,teme_survival_v4_nerc,,Dipterocarpus kunstleri,dipterocarpus_kunstleri,South Kalimantan,South Kalimantan,60,22,38,0.36666666666666664,0.36666666666666664,3.0,0.6,3.0,Tropical_Forest_Mineral_Soil,5.0,3.0,5.0,7.0,,,,,,,,,,,,,,,,0.8333333333333333
NERC_EIDC_2023_survival_height,real,teme_survival_v4_nerc,,Hopea sangal,hopea_sangal,South Kalimantan,South Kalimantan,60,46,14,0.7666666666666667,0.7666666666666667,3.0,0.714693989,3.0,Tropical_Forest_Mineral_Soil,5.0,3.0,5.0,9.0,,,,,,,,,,,,,,,,0.8333333333333333
NERC_EIDC_2023_survival_height,real,teme_survival_v4_nerc,,Shorea faguetiana,shorea_faguetiana,South Kalimantan,South Kalimantan,60,33,27,0.55,0.55,3.0,0.48,3.0,Tropical_Forest_Mineral_Soil,5.0,3.0,5.0,7.0,,,,,,,,,,,,,,,,0.8333333333333333
NERC_EIDC_2023_survival_height,real,teme_survival_v4_nerc,,Shorea fallax,shorea_fallax,South Kalimantan,South Kalimantan,60,40,20,0.6666666666666666,0.6666666666666666,3.0,0.5,3.0,Tropical_Forest_Mineral_Soil,5.0,3.0,5.0,6.0,,,,,,,,,,,,,,,,0.8333333333333333
NERC_EIDC_2023_survival_height,real,teme_survival_v4_nerc,,Shorea johorensis,shorea_johorensis,South Kalimantan,South Kalimantan,60,34,26,0.5666666666666667,0.5666666666666667,3.0,0.393333333,3.0,Tropical_Forest_Mineral_Soil,5.0,3.0,5.0,10.0,,,,,,,,,,,,,,,,0.8333333333333333
NERC_EIDC_2023_survival_height,real,teme_survival_v4_nerc,,Shorea leprosula,shorea_leprosula,South Kalimantan,South Kalimantan,60,40,20,0.6666666666666666,0.6666666666666666,3.0,0.44,3.0,Tropical_Forest_Mineral_Soil,5.0,3.0,5.0,10.0,,,,,,,,,,,,,,,,0.8333333333333333
NERC_EIDC_2023_survival_height,real,teme_survival_v4_nerc,,Shorea ovalis,shorea_ovalis,South Kalimantan,South Kalimantan,60,24,36,0.4,0.4,3.0,0.43,3.0,Tropical_Forest_Mineral_Soil,5.0,3.0,5.0,7.0,,,,,,,,,,,,,,,,0.8333333333333333
NERC_EIDC_2023_survival_height,real,teme_survival_v4_nerc,,Shorea parvifolia,shorea_parvifolia,South Kalimantan,South Kalimantan,60,28,32,0.4666666666666667,0.4666666666666667,3.0,0.405,3.0,Tropical_Forest_Mineral_Soil,5.0,3.0,5.0,9.0,,,,,,,,,,,,,,,,0.8333333333333333
NERC_EIDC_2023_survival_height,real,teme_survival_v4_nerc,,Shorea polyandra,shorea_polyandra,South Kalimantan,South Kalimantan,60,13,47,0.21666666666666667,0.21666666666666667,3.0,0.583246313,3.0,Tropical_Forest_Mineral_Soil,5.0,3.0,5.0,6.0,,,,,,,,,,,,,,,,0.8333333333333333
NERC_EIDC_2023_survival_height,real,teme_survival_v4_nerc,,Durio zibethinus,durio_zibethinus,South Kalimantan,South Kalimantan,80,67,13,0.8375,0.8375,3.0,0.516,6.0,Tropical_Forest_Mineral_Soil,5.0,3.0,5.0,7.0,,,,,,,,,,,,,,,,0.8333333333333333
NERC_EIDC_2023_survival_height,real,teme_survival_v4_nerc,,Durio zibethinus,durio_zibethinus,South Kalimantan,South Kalimantan,80,44,36,0.55,0.55,3.0,0.516,6.0,Tropical_Forest_Mineral_Soil,5.0,3.0,5.0,8.0,,,,,,,,,,,,,,,,0.8333333333333333
NERC_EIDC_2023_survival_height,real,teme_survival_v4_nerc,,Alstonia angustiloba,alstonia_angustiloba,Sengalor,Sengalor,100,73,27,0.73,0.73,1.92,0.346666667,3.5,Tropical_Forest_Mineral_Soil,5.0,3.0,5.0,8.0,,,,,,,,,,,,,,,,0.8333333333333333
NERC_EIDC_2023_survival_height,real,teme_survival_v4_nerc,,Alstonia angustiloba,alstonia_angustiloba,Sengalor,Sengalor,100,77,23,0.77,0.77,1.92,0.346666667,3.5,Tropical_Forest_Mineral_Soil,5.0,3.0,5.0,9.0,,,,,,,,,,,,,,,,0.0
NERC_EIDC_2023_survival_height,real,teme_survival_v4_nerc,,Alstonia angustiloba,alstonia_angustiloba,Sengalor,Sengalor,100,77,23,0.77,0.77,1.92,0.346666667,3.5,Tropical_Forest_Mineral_Soil,5.0,3.0,5.0,9.0,,,,,,,,,,,,,,,,0.0
NERC_EIDC_2023_survival_height,real,teme_survival_v4_nerc,,Endospermum diadenum,endospermum_diadenum,Sengalor,Sengalor,100,85,15,0.85,0.85,1.92,0.366666667,3.5,Tropical_Forest_Mineral_Soil,5.0,3.0,5.0,9.0,,,,,,,,,,,,,,,,0.8333333333333333
NERC_EIDC_2023_survival_height,real,teme_survival_v4_nerc,,Endospermum diadenum,endospermum_diadenum,Sengalor,Sengalor,100,97,3,0.97,0.97,1.92,0.366666667,3.5,Tropical_Forest_Mineral_Soil,5.0,3.0,5.0,10.0,,,,,,,,,,,,,,,,0.0
NERC_EIDC_2023_survival_height,real,teme_survival_v4_nerc,,Endospermum diadenum,endospermum_diadenum,Sengalor,Sengalor,100,90,10,0.9,0.9,1.92,0.366666667,3.5,Tropical_Forest_Mineral_Soil,5.0,3.0,5.0,10.0,,,,,,,,,,,,,,,,0.0
NERC_EIDC_2023_survival_height,real,teme_survival_v4_nerc,,Shorea parvifolia,shorea_parvifolia,Sengalor,Sengalor,100,72,28,0.72,0.72,1.92,0.405,3.5,Tropical_Forest_Mineral_Soil,5.0,3.0,5.0,7.0,,,,,,,,,,,,,,,,0.8333333333333333
NERC_EIDC_2023_survival_height,real,teme_survival_v4_nerc,,Shorea parvifolia,shorea_parvifolia,Sengalor,Sengalor,100,79,21,0.79,0.79,1.92,0.405,3.5,Tropical_Forest_Mineral_Soil,5.0,3.0,5.0,7.0,,,,,,,,,,,,,,,,0.0
NERC_EIDC_2023_survival_height,real,teme_survival_v4_nerc,,Shorea parvifolia,shorea_parvifolia,Sengalor,Sengalor,100,72,28,0.72,0.72,1.92,0.405,3.5,Tropical_Forest_Mineral_Soil,5.0,3.0,5.0,8.0,,,,,,,,,,,,,,,,0.0
NERC_EIDC_2023_survival_height,real,teme_survival_v4_nerc,,Azadirachta excelsa,azadirachta_excelsa,Negeri Sembilan,Negeri Sembilan,135,100,35,0.7407407407407407,0.7407407407407407,9.0,0.505,,Tropical_Forest_Mineral_Soil,5.0,3.0,5.0,5.0,,,,,,,,,,,,,,,,0.8333333333333333
NERC_EIDC_2023_survival_height,real,teme_survival_v4_nerc,,Cinnamomum verum,cinnamomum_verum,Negeri Sembilan,Negeri Sembilan,135,103,32,0.762962962962963,0.762962962962963,9.0,0.498,,Tropical_Forest_Mineral_Soil,5.0,3.0,5.0,5.0,,,,,,,,,,,,,,,,0.8333333333333333
NERC_EIDC_2023_survival_height,real,teme_survival_v4_nerc,,Hopea pubescens,hopea_pubescens,Negeri Sembilan,Negeri Sembilan,135,60,75,0.4444444444444444,0.4444444444444444,9.0,0.5,,Tropical_Forest_Mineral_Soil,5.0,3.0,5.0,5.0,,,,,,,,,,,,,,,,0.8333333333333333
NERC_EIDC_2023_survival_height,real,teme_survival_v4_nerc,,Intsia palembanica,intsia_palembanica,Negeri Sembilan,Negeri Sembilan,135,65,70,0.48148148148148145,0.48148148148148145,9.0,0.658666667,,Tropical_Forest_Mineral_Soil,5.0,3.0,5.0,5.0,,,,,,,,,,,,,,,,0.8333333333333333
NERC_EIDC_2023_survival_height,real,teme_survival_v4_nerc,,Shorea leprosula,shorea_leprosula,Negeri Sembilan,Negeri Sembilan,135,28,107,0.2074074074074074,0.2074074074074074,9.0,0.44,,Tropical_Forest_Mineral_Soil,5.0,3.0,5.0,5.0,,,,,,,,,,,,,,,,0.8333333333333333
NERC_EIDC_2023_survival_height,real,teme_survival_v4_nerc,,Shorea macrophylla,shorea_macrophylla,Sarawak,Sarawak,150,98,52,0.6533333333333333,0.6533333333333333,5.0,0.32,,Tropical_Forest_Mineral_Soil,5.0,3.0,5.0,5.0,,,,,,,,,,,,,,,,0.0
NERC_EIDC_2023_survival_height,real,teme_survival_v4_nerc,,Shorea macrophylla,shorea_macrophylla,Sarawak,Sarawak,100,56,44,0.56,0.56,20.0,0.32,,Tropical_Forest_Mineral_Soil,5.0,3.0,5.0,5.0,,,,,,,,,,,,,,,,0.0
NERC_EIDC_2023_survival_height,real,teme_survival_v4_nerc,,Fagraea crenulata,fagraea_crenulata,Malaysia,Malaysia,36,24,12,0.6666666666666666,0.6666666666666666,30.0,0.47,,Tropical_Forest_Mineral_Soil,5.0,3.0,5.0,5.0,,,,,,,,,,,,,,,,0.0
NERC_EIDC_2023_survival_height,real,teme_survival_v4_nerc,,Hopea nervosa,hopea_nervosa,Sengalor,Sengalor,64,37,27,0.578125,0.578125,2.17,0.613333333,,Tropical_Forest_Mineral_Soil,5.0,3.0,5.0,5.0,,,,,,,,,,,,,,,,2.5
NERC_EIDC_2023_survival_height,real,teme_survival_v4_nerc,,Shorea assamica,shorea_assamica,Sengalor,Sengalor,64,55,9,0.859375,0.859375,2.17,0.464333333,,Tropical_Forest_Mineral_Soil,5.0,3.0,5.0,7.0,,,,,,,,,,,,,,,,2.5
NERC_EIDC_2023_survival_height,real,teme_survival_v4_nerc,,Shorea macroptera,shorea_macroptera,Sengalor,Sengalor,64,41,23,0.640625,0.640625,2.17,0.425,,Tropical_Forest_Mineral_Soil,5.0,3.0,5.0,7.0,,,,,,,,,,,,,,,,2.5
NERC_EIDC_2023_survival_height,real,teme_survival_v4_nerc,,Shorea platyclados,shorea_platyclados,Sengalor,Sengalor,64,59,5,0.921875,0.921875,2.17,0.556666667,,Tropical_Forest_Mineral_Soil,5.0,3.0,5.0,10.0,,,,,,,,,,,,,,,,2.5
NERC_EIDC_2023_survival_height,real,teme_survival_v4_nerc,,Acacia mangium,acacia_mangium,Malaysia,Malaysia,36,18,18,0.5,0.5,2.0,0.507,,Tropical_Forest_Mineral_Soil,5.0,3.0,5.0,5.0,,,,,,,,,,,,,,,,0.0
NERC_EIDC_2023_survival_height,real,teme_survival_v4_nerc,,Fagraea crenulata,fagraea_crenulata,Malaysia,Malaysia,36,35,1,0.9722222222222222,0.9722222222222222,2.0,0.47,,Tropical_Forest_Mineral_Soil,5.0,3.0,5.0,5.0,,,,,,,,,,,,,,,,0.0
NERC_EIDC_2023_survival_height,real,teme_survival_v4_nerc,,Hopea odorata,hopea_odorata,Malaysia,Malaysia,36,34,2,0.9444444444444444,0.9444444444444444,2.0,0.635,,Tropical_Forest_Mineral_Soil,5.0,3.0,5.0,5.0,,,,,,,,,,,,,,,,0.0
NERC_EIDC_2023_survival_height,real,teme_survival_v4_nerc,,Khaya ivorensis,khaya_ivorensis,Malaysia,Malaysia,36,31,5,0.8611111111111112,0.8611111111111112,2.0,0.441933333,,Tropical_Forest_Mineral_Soil,5.0,3.0,5.0,5.0,,,,,,,,,,,,,,,,0.0
NERC_EIDC_2023_survival_height,real,teme_survival_v4_nerc,,Swietenia macrophylla,swietenia_macrophylla,Malaysia,Malaysia,36,25,11,0.6944444444444444,0.6944444444444444,2.0,0.519545455,,Tropical_Forest_Mineral_Soil,5.0,3.0,5.0,5.0,,,,,,,,,,,,,,,,0.0
NERC_EIDC_2023_survival_height,real,teme_survival_v4_nerc,,Acacia mangium,acacia_mangium,Malaysia,Malaysia,100,50,50,0.5,0.5,2.0,0.507,,Tropical_Forest_Mineral_Soil,5.0,3.0,5.0,5.0,,,,,,,,,,,,,,,,3.333333333333333
NERC_EIDC_2023_survival_height,real,teme_survival_v4_nerc,,Fagraea crenulata,fagraea_crenulata,Malaysia,Malaysia,200,194,6,0.97,0.97,1.0,0.47,,Tropical_Forest_Mineral_Soil,5.0,3.0,5.0,5.0,,,,,,,,,,,,,,,,3.333333333333333
NERC_EIDC_2023_survival_height,real,teme_survival_v4_nerc,,Hopea odorata,hopea_odorata,Malaysia,Malaysia,100,95,5,0.95,0.95,2.0,0.635,,Tropical_Forest_Mineral_Soil,5.0,3.0,5.0,5.0,,,,,,,,,,,,,,,,3.333333333333333
NERC_EIDC_2023_survival_height,real,teme_survival_v4_nerc,,Khaya ivorensis,khaya_ivorensis,Malaysia,Malaysia,80,68,12,0.85,0.85,2.0,0.441933333,,Tropical_Forest_Mineral_Soil,5.0,3.0,5.0,5.0,,,,,,,,,,,,,,,,3.333333333333333
NERC_EIDC_2023_survival_height,real,teme_survival_v4_nerc,,Peronema canescens,peronema_canescens,Malaysia,Malaysia,200,171,29,0.855,0.855,1.0,0.57,,Tropical_Forest_Mineral_Soil,5.0,3.0,5.0,5.0,,,,,,,,,,,,,,,,3.333333333333333
NERC_EIDC_2023_survival_height,real,teme_survival_v4_nerc,,Swietenia macrophylla,swietenia_macrophylla,Malaysia,Malaysia,100,70,30,0.7,0.7,2.0,0.519545455,,Tropical_Forest_Mineral_Soil,5.0,3.0,5.0,5.0,,,,,,,,,,,,,,,,3.333333333333333
NERC_EIDC_2023_survival_height,real,teme_survival_v4_nerc,,Khaya ivorensis,khaya_ivorensis,Malaysia,Malaysia,24,15,9,0.625,0.625,2.0,0.441933333,,Tropical_Forest_Mineral_Soil,5.0,3.0,5.0,4.0,,,,,,,,,,,,,,,,1.6666666666666665
NERC_EIDC_2023_survival_height,real,teme_survival_v4_nerc,,Swietenia macrophylla,swietenia_macrophylla,Malaysia,Malaysia,24,12,12,0.5,0.5,2.0,0.519545455,,Tropical_Forest_Mineral_Soil,5.0,3.0,5.0,7.0,,,,,,,,,,,,,,,,1.6666666666666665
NERC_EIDC_2023_survival_height,real,teme_survival_v4_nerc,,Agathis borneensis,agathis_borneensis,Malaysia,Malaysia,36,15,21,0.4166666666666667,0.4166666666666667,5.0,0.383333333,,Tropical_Forest_Mineral_Soil,5.0,3.0,5.0,7.0,,,,,,,,,,,,,,,,2.5
NERC_EIDC_2023_survival_height,real,teme_survival_v4_nerc,,Agathis borneensis,agathis_borneensis,Malaysia,Malaysia,36,18,18,0.5,0.5,5.0,0.383333333,,Tropical_Forest_Mineral_Soil,5.0,3.0,5.0,8.0,,,,,,,,,,,,,,,,2.5
NERC_EIDC_2023_survival_height,real,teme_survival_v4_nerc,,Aqularia sinensis,aqularia_sinensis,Malaysia,Malaysia,36,13,23,0.3611111111111111,0.3611111111111111,5.0,0.529428571,,Tropical_Forest_Mineral_Soil,5.0,3.0,5.0,10.0,,,,,,,,,,,,,,,,2.5
NERC_EIDC_2023_survival_height,real,teme_survival_v4_nerc,,Aqularia sinensis,aqularia_sinensis,Malaysia,Malaysia,36,20,16,0.5555555555555556,0.5555555555555556,5.0,0.529428571,,Tropical_Forest_Mineral_Soil,5.0,3.0,5.0,10.0,,,,,,,,,,,,,,,,2.5
NERC_EIDC_2023_survival_height,real,teme_survival_v4_nerc,,Cananga odorata,cananga_odorata,Malaysia,Malaysia,36,4,32,0.1111111111111111,0.1111111111111111,5.0,0.3272,,Tropical_Forest_Mineral_Soil,5.0,3.0,5.0,8.0,,,,,,,,,,,,,,,,2.5
NERC_EIDC_2023_survival_height,real,teme_survival_v4_nerc,,Cananga odorata,cananga_odorata,Malaysia,Malaysia,36,4,32,0.1111111111111111,0.1111111111111111,5.0,0.3272,,Tropical_Forest_Mineral_Soil,5.0,3.0,5.0,9.0,,,,,,,,,,,,,,,,2.5
NERC_EIDC_2023_survival_height,real,teme_survival_v4_nerc,,Careya arborea,careya_arborea,Malaysia,Malaysia,36,5,31,0.1388888888888889,0.1388888888888889,5.0,0.731333333,,Tropical_Forest_Mineral_Soil,5.0,3.0,5.0,5.0,,,,,,,,,,,,,,,,2.5
NERC_EIDC_2023_survival_height,real,teme_survival_v4_nerc,,Careya arborea,careya_arborea,Malaysia,Malaysia,36,3,33,0.08333333333333333,0.08333333333333333,5.0,0.731333333,,Tropical_Forest_Mineral_Soil,5.0,3.0,5.0,4.0,,,,,,,,,,,,,,,,2.5
NERC_EIDC_2023_survival_height,real,teme_survival_v4_nerc,,Dryobalanops sumatrensis,dryobalanops_sumatrensis,Malaysia,Malaysia,36,24,12,0.6666666666666666,0.6666666666666666,5.0,0.65,,Tropical_Forest_Mineral_Soil,5.0,3.0,5.0,10.0,,,,,,,,,,,,,,,,2.5
NERC_EIDC_2023_survival_height,real,teme_survival_v4_nerc,,Dryobalanops sumatrensis,dryobalanops_sumatrensis,Malaysia,Malaysia,36,27,9,0.75,0.75,5.0,0.65,,Tropical_Forest_Mineral_Soil,5.0,3.0,5.0,10.0,,,,,,,,,,,,,,,,2.5
NERC_EIDC_2023_survival_height,real,teme_survival_v4_nerc,,Garcinia hombroniana,garcinia_hombroniana,Malaysia,Malaysia,36,19,17,0.5277777777777778,0.5277777777777778,5.0,0.68,,Tropical_Forest_Mineral_Soil,5.0,3.0,5.0,8.0,,,,,,,,,,,,,,,,2.5
NERC_EIDC_2023_survival_height,real,teme_survival_v4_nerc,,Garcinia hombroniana,garcinia_hombroniana,Malaysia,Malaysia,36,9,27,0.25,0.25,5.0,0.68,,Tropical_Forest_Mineral_Soil,5.0,3.0,5.0,8.0,,,,,,,,,,,,,,,,2.5
NERC_EIDC_2023_survival_height,real,teme_survival_v4_nerc,,Hopea pubescens,hopea_pubescens,Malaysia,Malaysia,36,20,16,0.5555555555555556,0.5555555555555556,5.0,0.5,,Tropical_Forest_Mineral_Soil,5.0,3.0,5.0,10.0,,,,,,,,,,,,,,,,2.5
NERC_EIDC_2023_survival_height,real,teme_survival_v4_nerc,,Hopea pubescens,hopea_pubescens,Malaysia,Malaysia,36,17,19,0.4722222222222222,0.4722222222222222,5.0,0.5,,Tropical_Forest_Mineral_Soil,5.0,3.0,5.0,9.0,,,,,,,,,,,,,,,,2.5
NERC_EIDC_2023_survival_height,real,teme_survival_v4_nerc,,Melaleuca cajuputi,melaleuca_cajuputi,Malaysia,Malaysia,36,0,36,0.0,0.0,5.0,0.756647186,,Tropical_Forest_Mineral_Soil,5.0,3.0,5.0,5.0,,,,,,,,,,,,,,,,2.5
NERC_EIDC_2023_survival_height,real,teme_survival_v4_nerc,,Melaleuca cajuputi,melaleuca_cajuputi,Malaysia,Malaysia,36,1,35,0.027777777777777776,0.027777777777777776,5.0,0.756647186,,Tropical_Forest_Mineral_Soil,5.0,3.0,5.0,10.0,,,,,,,,,,,,,,,,2.5
NERC_EIDC_2023_survival_height,real,teme_survival_v4_nerc,,Neobalanocarpus heimii,neobalanocarpus_heimii,Malaysia,Malaysia,36,29,7,0.8055555555555556,0.8055555555555556,5.0,0.76,,Tropical_Forest_Mineral_Soil,5.0,3.0,5.0,8.0,,,,,,,,,,,,,,,,2.5
NERC_EIDC_2023_survival_height,real,teme_survival_v4_nerc,,Neobalanocarpus heimii,neobalanocarpus_heimii,Malaysia,Malaysia,36,23,13,0.6388888888888888,0.6388888888888888,5.0,0.76,,Tropical_Forest_Mineral_Soil,5.0,3.0,5.0,8.0,,,,,,,,,,,,,,,,2.5
NERC_EIDC_2023_survival_height,real,teme_survival_v4_nerc,,Palaquium gutta,palaquium_gutta,Malaysia,Malaysia,36,17,19,0.4722222222222222,0.4722222222222222,5.0,0.615,,Tropical_Forest_Mineral_Soil,5.0,3.0,5.0,8.0,,,,,,,,,,,,,,,,2.5
NERC_EIDC_2023_survival_height,real,teme_survival_v4_nerc,,Palaquium gutta,palaquium_gutta,Malaysia,Malaysia,36,10,26,0.2777777777777778,0.2777777777777778,5.0,0.615,,Tropical_Forest_Mineral_Soil,5.0,3.0,5.0,8.0,,,,,,,,,,,,,,,,2.5
NERC_EIDC_2023_survival_height,real,teme_survival_v4_nerc,,Pentaspadon motleyi,pentaspadon_motleyi,Malaysia,Malaysia,36,29,7,0.8055555555555556,0.8055555555555556,5.0,0.5,,Tropical_Forest_Mineral_Soil,5.0,3.0,5.0,8.0,,,,,,,,,,,,,,,,2.5
NERC_EIDC_2023_survival_height,real,teme_survival_v4_nerc,,Pentaspadon motleyi,pentaspadon_motleyi,Malaysia,Malaysia,36,29,7,0.8055555555555556,0.8055555555555556,5.0,0.5,,Tropical_Forest_Mineral_Soil,5.0,3.0,5.0,10.0,,,,,,,,,,,,,,,,2.5
NERC_EIDC_2023_survival_height,real,teme_survival_v4_nerc,,Shorea acuminata,shorea_acuminata,Malaysia,Malaysia,36,23,13,0.6388888888888888,0.6388888888888888,5.0,0.42,,Tropical_Forest_Mineral_Soil,5.0,3.0,5.0,10.0,,,,,,,,,,,,,,,,2.5
NERC_EIDC_2023_survival_height,real,teme_survival_v4_nerc,,Shorea acuminata,shorea_acuminata,Malaysia,Malaysia,36,23,13,0.6388888888888888,0.6388888888888888,5.0,0.42,,Tropical_Forest_Mineral_Soil,5.0,3.0,5.0,10.0,,,,,,,,,,,,,,,,2.5
NERC_EIDC_2023_survival_height,real,teme_survival_v4_nerc,,Shorea assamica,shorea_assamica,Malaysia,Malaysia,36,23,13,0.6388888888888888,0.6388888888888888,5.0,0.464333333,,Tropical_Forest_Mineral_Soil,5.0,3.0,5.0,10.0,,,,,,,,,,,,,,,,2.5
NERC_EIDC_2023_survival_height,real,teme_survival_v4_nerc,,Shorea assamica,shorea_assamica,Malaysia,Malaysia,36,17,19,0.4722222222222222,0.4722222222222222,5.0,0.464333333,,Tropical_Forest_Mineral_Soil,5.0,3.0,5.0,8.0,,,,,,,,,,,,,,,,2.5
NERC_EIDC_2023_survival_height,real,teme_survival_v4_nerc,,Shorea curtisii,shorea_curtisii,Malaysia,Malaysia,36,20,16,0.5555555555555556,0.5555555555555556,5.0,0.526666667,,Tropical_Forest_Mineral_Soil,5.0,3.0,5.0,9.0,,,,,,,,,,,,,,,,2.5
NERC_EIDC_2023_survival_height,real,teme_survival_v4_nerc,,Shorea curtisii,shorea_curtisii,Malaysia,Malaysia,36,20,16,0.5555555555555556,0.5555555555555556,5.0,0.526666667,,Tropical_Forest_Mineral_Soil,5.0,3.0,5.0,10.0,,,,,,,,,,,,,,,,2.5
NERC_EIDC_2023_survival_height,real,teme_survival_v4_nerc,,Shorea macroptera,shorea_macroptera,Malaysia,Malaysia,36,20,16,0.5555555555555556,0.5555555555555556,5.0,0.425,,Tropical_Forest_Mineral_Soil,5.0,3.0,5.0,10.0,,,,,,,,,,,,,,,,2.5
NERC_EIDC_2023_survival_height,real,teme_survival_v4_nerc,,Shorea macroptera,shorea_macroptera,Malaysia,Malaysia,36,20,16,0.5555555555555556,0.5555555555555556,5.0,0.425,,Tropical_Forest_Mineral_Soil,5.0,3.0,5.0,10.0,,,,,,,,,,,,,,,,2.5
NERC_EIDC_2023_survival_height,real,teme_survival_v4_nerc,,Shorea ovalis,shorea_ovalis,Malaysia,Malaysia,36,20,16,0.5555555555555556,0.5555555555555556,5.0,0.43,,Tropical_Forest_Mineral_Soil,5.0,3.0,5.0,9.0,,,,,,,,,,,,,,,,2.5
NERC_EIDC_2023_survival_height,real,teme_survival_v4_nerc,,Shorea ovalis,shorea_ovalis,Malaysia,Malaysia,36,19,17,0.5277777777777778,0.5277777777777778,5.0,0.43,,Tropical_Forest_Mineral_Soil,5.0,3.0,5.0,10.0,,,,,,,,,,,,,,,,2.5
NERC_EIDC_2023_survival_height,real,teme_survival_v4_nerc,,Shorea parvifolia,shorea_parvifolia,Malaysia,Malaysia,36,20,16,0.5555555555555556,0.5555555555555556,5.0,0.405,,Tropical_Forest_Mineral_Soil,5.0,3.0,5.0,10.0,,,,,,,,,,,,,,,,2.5
NERC_EIDC_2023_survival_height,real,teme_survival_v4_nerc,,Shorea parvifolia,shorea_parvifolia,Malaysia,Malaysia,36,26,10,0.7222222222222222,0.7222222222222222,5.0,0.405,,Tropical_Forest_Mineral_Soil,5.0,3.0,5.0,10.0,,,,,,,,,,,,,,,,2.5
NERC_EIDC_2023_survival_height,real,teme_survival_v4_nerc,,Shorea platyclados,shorea_platyclados,Malaysia,Malaysia,36,12,24,0.3333333333333333,0.3333333333333333,5.0,0.556666667,,Tropical_Forest_Mineral_Soil,5.0,3.0,5.0,10.0,,,,,,,,,,,,,,,,2.5
NERC_EIDC_2023_survival_height,real,teme_survival_v4_nerc,,Shorea platyclados,shorea_platyclados,Malaysia,Malaysia,36,18,18,0.5,0.5,5.0,0.556666667,,Tropical_Forest_Mineral_Soil,5.0,3.0,5.0,10.0,,,,,,,,,,,,,,,,2.5
NERC_EIDC_2023_survival_height,real,teme_survival_v4_nerc,,Shorea roxburghii,shorea_roxburghii,Malaysia,Malaysia,36,31,5,0.8611111111111112,0.8611111111111112,5.0,0.7,,Tropical_Forest_Mineral_Soil,5.0,3.0,5.0,8.0,,,,,,,,,,,,,,,,2.5
NERC_EIDC_2023_survival_height,real,teme_survival_v4_nerc,,Shorea roxburghii,shorea_roxburghii,Malaysia,Malaysia,36,31,5,0.8611111111111112,0.8611111111111112,5.0,0.7,,Tropical_Forest_Mineral_Soil,5.0,3.0,5.0,9.0,,,,,,,,,,,,,,,,2.5
NERC_EIDC_2023_survival_height,real,teme_survival_v4_nerc,,Sindora coriacea,sindora_coriacea,Malaysia,Malaysia,36,18,18,0.5,0.5,5.0,0.55,,Tropical_Forest_Mineral_Soil,5.0,3.0,5.0,8.0,,,,,,,,,,,,,,,,2.5
NERC_EIDC_2023_survival_height,real,teme_survival_v4_nerc,,Sindora coriacea,sindora_coriacea,Malaysia,Malaysia,36,18,18,0.5,0.5,5.0,0.55,,Tropical_Forest_Mineral_Soil,5.0,3.0,5.0,8.0,,,,,,,,,,,,,,,,2.5
NERC_EIDC_2023_survival_height,real,teme_survival_v4_nerc,,Calophyllum blancoi,calophyllum_blancoi,Sarawak,Sarawak,107,26,81,0.24299065420560748,0.24299065420560748,5.5,0.669211656,,Tropical_Forest_Mineral_Soil,5.0,3.0,5.0,4.0,,,,,,,,,,,,,,,,1.6666666666666665
NERC_EIDC_2023_survival_height,real,teme_survival_v4_nerc,,Cotylelobium burckii,cotylelobium_burckii,Sarawak,Sarawak,12,1,11,0.08333333333333333,0.08333333333333333,6.0,0.815,,Tropical_Forest_Mineral_Soil,5.0,3.0,5.0,7.0,,,,,,,,,,,,,,,,0.8333333333333333
NERC_EIDC_2023_survival_height,real,teme_survival_v4_nerc,,Cotylelobium burckii,cotylelobium_burckii,Sarawak,Sarawak,1,0,1,0.0,0.0,5.0,0.815,,Tropical_Forest_Mineral_Soil,5.0,3.0,5.0,4.0,,,,,,,,,,,,,,,,0.8333333333333333
NERC_EIDC_2023_survival_height,real,teme_survival_v4_nerc,,Dryobalanops sumatrensis,dryobalanops_sumatrensis,Sarawak,Sarawak,3,1,2,0.3333333333333333,0.3333333333333333,5.5,0.65,,Tropical_Forest_Mineral_Soil,5.0,3.0,5.0,5.0,,,,,,,,,,,,,,,,1.6666666666666665
NERC_EIDC_2023_survival_height,real,teme_survival_v4_nerc,,Dryobalanops sumatrensis,dryobalanops_sumatrensis,Sarawak,Sarawak,39,6,33,0.15384615384615385,0.15384615384615385,6.0,0.65,,Tropical_Forest_Mineral_Soil,5.0,3.0,5.0,7.0,,,,,,,,,,,,,,,,0.8333333333333333
NERC_EIDC_2023_survival_height,real,teme_survival_v4_nerc,,Dryobalanops sumatrensis,dryobalanops_sumatrensis,Sarawak,Sarawak,14,8,6,0.5714285714285714,0.5714285714285714,5.0,0.65,,Tropical_Forest_Mineral_Soil,5.0,3.0,5.0,8.0,,,,,,,,,,,,,,,,0.8333333333333333
NERC_EIDC_2023_survival_height,real,teme_survival_v4_nerc,,Durio carinatus,durio_carinatus,Sarawak,Sarawak,56,19,37,0.3392857142857143,0.3392857142857143,6.0,0.46,,Tropical_Forest_Mineral_Soil,5.0,3.0,5.0,8.0,,,,,,,,,,,,,,,,0.8333333333333333
NERC_EIDC_2023_survival_height,real,teme_survival_v4_nerc,,Durio carinatus,durio_carinatus,Sarawak,Sarawak,3,1,2,0.3333333333333333,0.3333333333333333,5.5,0.46,,Tropical_Forest_Mineral_Soil,5.0,3.0,5.0,6.0,,,,,,,,,,,,,,,,1.6666666666666665
NERC_EIDC_2023_survival_height,real,teme_survival_v4_nerc,,Durio carinatus,durio_carinatus,Sarawak,Sarawak,15,11,4,0.7333333333333333,0.7333333333333333,5.0,0.46,,Tropical_Forest_Mineral_Soil,5.0,3.0,5.0,7.0,,,,,,,,,,,,,,,,0.8333333333333333
NERC_EIDC_2023_survival_height,real,teme_survival_v4_nerc,,Eugenia sp,eugenia_sp,Sarawak,Sarawak,52,23,29,0.4423076923076923,0.4423076923076923,6.0,0.683,,Tropical_Forest_Mineral_Soil,5.0,3.0,5.0,5.0,,,,,,,,,,,,,,,,0.8333333333333333
NERC_EIDC_2023_survival_height,real,teme_survival_v4_nerc,,Eugenia sp,eugenia_sp,Sarawak,Sarawak,32,17,15,0.53125,0.53125,5.0,0.683,,Tropical_Forest_Mineral_Soil,5.0,3.0,5.0,4.0,,,,,,,,,,,,,,,,0.8333333333333333
NERC_EIDC_2023_survival_height,real,teme_survival_v4_nerc,,Eusideroxylon zwageri,eusideroxylon_zwageri,Sarawak,Sarawak,27,26,1,0.9629629629629629,0.9629629629629629,6.0,0.786666667,,Tropical_Forest_Mineral_Soil,5.0,3.0,5.0,4.0,,,,,,,,,,,,,,,,0.8333333333333333
NERC_EIDC_2023_survival_height,real,teme_survival_v4_nerc,,Hopea beccariana,hopea_beccariana,Sarawak,Sarawak,51,7,44,0.13725490196078433,0.13725490196078433,5.5,0.653333333,,Tropical_Forest_Mineral_Soil,5.0,3.0,5.0,5.0,,,,,,,,,,,,,,,,1.6666666666666665
NERC_EIDC_2023_survival_height,real,teme_survival_v4_nerc,,Hopea beccariana,hopea_beccariana,Sarawak,Sarawak,15,5,10,0.3333333333333333,0.3333333333333333,6.0,0.653333333,,Tropical_Forest_Mineral_Soil,5.0,3.0,5.0,6.0,,,,,,,,,,,,,,,,0.8333333333333333
NERC_EIDC_2023_survival_height,real,teme_survival_v4_nerc,,Hopea kerangasensis,hopea_kerangasensis,Sarawak,Sarawak,60,8,52,0.13333333333333333,0.13333333333333333,5.5,0.714693989,,Tropical_Forest_Mineral_Soil,5.0,3.0,5.0,5.0,,,,,,,,,,,,,,,,1.6666666666666665
NERC_EIDC_2023_survival_height,real,teme_survival_v4_nerc,,Hopea kerangasensis,hopea_kerangasensis,Sarawak,Sarawak,4,0,4,0.0,0.0,5.0,0.714693989,,Tropical_Forest_Mineral_Soil,5.0,3.0,5.0,1.0,,,,,,,,,,,,,,,,0.8333333333333333
NERC_EIDC_2023_survival_height,real,teme_survival_v4_nerc,,Hopea kerangasensis,hopea_kerangasensis,Sarawak,Sarawak,34,17,17,0.5,0.5,6.0,0.714693989,,Tropical_Forest_Mineral_Soil,5.0,3.0,5.0,9.0,,,,,,,,,,,,,,,,0.8333333333333333
NERC_EIDC_2023_survival_height,real,teme_survival_v4_nerc,,Pentaspadon motleyi,pentaspadon_motleyi,Sarawak,Sarawak,2,2,0,1.0,1.0,5.5,0.5,,Tropical_Forest_Mineral_Soil,5.0,3.0,5.0,10.0,,,,,,,,,,,,,,,,1.6666666666666665
NERC_EIDC_2023_survival_height,real,teme_survival_v4_nerc,,Pentaspadon motleyi,pentaspadon_motleyi,Sarawak,Sarawak,36,25,11,0.6944444444444444,0.6944444444444444,6.0,0.5,,Tropical_Forest_Mineral_Soil,5.0,3.0,5.0,10.0,,,,,,,,,,,,,,,,0.8333333333333333
NERC_EIDC_2023_survival_height,real,teme_survival_v4_nerc,,Shorea gibbosa,shorea_gibbosa,Sarawak,Sarawak,13,2,11,0.15384615384615385,0.15384615384615385,6.0,0.455,,Tropical_Forest_Mineral_Soil,5.0,3.0,5.0,6.0,,,,,,,,,,,,,,,,0.8333333333333333
NERC_EIDC_2023_survival_height,real,teme_survival_v4_nerc,,Shorea leprosula,shorea_leprosula,Sarawak,Sarawak,88,35,53,0.3977272727272727,0.3977272727272727,5.5,0.44,,Tropical_Forest_Mineral_Soil,5.0,3.0,5.0,10.0,,,,,,,,,,,,,,,,1.6666666666666665
NERC_EIDC_2023_survival_height,real,teme_survival_v4_nerc,,Shorea leprosula,shorea_leprosula,Sarawak,Sarawak,61,21,40,0.3442622950819672,0.3442622950819672,5.0,0.44,,Tropical_Forest_Mineral_Soil,5.0,3.0,5.0,9.0,,,,,,,,,,,,,,,,0.8333333333333333
NERC_EIDC_2023_survival_height,real,teme_survival_v4_nerc,,Shorea leprosula,shorea_leprosula,Sarawak,Sarawak,89,8,81,0.0898876404494382,0.0898876404494382,6.0,0.44,,Tropical_Forest_Mineral_Soil,5.0,3.0,5.0,3.0,,,,,,,,,,,,,,,,0.8333333333333333
NERC_EIDC_2023_survival_height,real,teme_survival_v4_nerc,,Shorea macrophylla,shorea_macrophylla,Sarawak,Sarawak,8,6,2,0.75,0.75,5.5,0.32,,Tropical_Forest_Mineral_Soil,5.0,3.0,5.0,5.0,,,,,,,,,,,,,,,,1.6666666666666665
NERC_EIDC_2023_survival_height,real,teme_survival_v4_nerc,,Shorea macrophylla,shorea_macrophylla,Sarawak,Sarawak,26,22,4,0.8461538461538461,0.8461538461538461,6.0,0.32,,Tropical_Forest_Mineral_Soil,5.0,3.0,5.0,6.0,,,,,,,,,,,,,,,,0.8333333333333333
NERC_EIDC_2023_survival_height,real,teme_survival_v4_nerc,,Shorea macrophylla,shorea_macrophylla,Sarawak,Sarawak,6,4,2,0.6666666666666666,0.6666666666666666,5.0,0.32,,Tropical_Forest_Mineral_Soil,5.0,3.0,5.0,7.0,,,,,,,,,,,,,,,,0.8333333333333333
NERC_EIDC_2023_survival_height,real,teme_survival_v4_nerc,,Shorea materialis,shorea_materialis,Sarawak,Sarawak,103,10,93,0.0970873786407767,0.0970873786407767,5.5,0.745,,Tropical_Forest_Mineral_Soil,5.0,3.0,5.0,8.0,,,,,,,,,,,,,,,,1.6666666666666665
NERC_EIDC_2023_survival_height,real,teme_survival_v4_nerc,,Shorea mecistopteryx,shorea_mecistopteryx,Sarawak,Sarawak,105,67,38,0.638095238095238,0.638095238095238,5.5,0.426666667,,Tropical_Forest_Mineral_Soil,5.0,3.0,5.0,8.0,,,,,,,,,,,,,,,,1.6666666666666665
NERC_EIDC_2023_survival_height,real,teme_survival_v4_nerc,,Shorea mecistopteryx,shorea_mecistopteryx,Sarawak,Sarawak,26,19,7,0.7307692307692307,0.7307692307692307,6.0,0.426666667,,Tropical_Forest_Mineral_Soil,5.0,3.0,5.0,10.0,,,,,,,,,,,,,,,,0.8333333333333333
NERC_EIDC_2023_survival_height,real,teme_survival_v4_nerc,,Shorea mecistopteryx,shorea_mecistopteryx,Sarawak,Sarawak,34,20,14,0.5882352941176471,0.5882352941176471,5.0,0.426666667,,Tropical_Forest_Mineral_Soil,5.0,3.0,5.0,7.0,,,,,,,,,,,,,,,,0.8333333333333333
NERC_EIDC_2023_survival_height,real,teme_survival_v4_nerc,,Shorea mecistopteryx,shorea_mecistopteryx,Sarawak,Sarawak,58,31,27,0.5344827586206896,0.5344827586206896,6.0,0.426666667,,Tropical_Forest_Mineral_Soil,5.0,3.0,5.0,9.0,,,,,,,,,,,,,,,,0.8333333333333333
NERC_EIDC_2023_survival_height,real,teme_survival_v4_nerc,,Shorea ovata,shorea_ovata,Sarawak,Sarawak,20,9,11,0.45,0.45,5.5,0.64,,Tropical_Forest_Mineral_Soil,5.0,3.0,5.0,5.0,,,,,,,,,,,,,,,,1.6666666666666665
NERC_EIDC_2023_survival_height,real,teme_survival_v4_nerc,,Shorea ovata,shorea_ovata,Sarawak,Sarawak,50,25,25,0.5,0.5,5.0,0.64,,Tropical_Forest_Mineral_Soil,5.0,3.0,5.0,9.0,,,,,,,,,,,,,,,,0.8333333333333333
NERC_EIDC_2023_survival_height,real,teme_survival_v4_nerc,,Shorea ovata,shorea_ovata,Sarawak,Sarawak,29,4,25,0.13793103448275862,0.13793103448275862,6.0,0.64,,Tropical_Forest_Mineral_Soil,5.0,3.0,5.0,3.0,,,,,,,,,,,,,,,,0.8333333333333333
NERC_EIDC_2023_survival_height,real,teme_survival_v4_nerc,,Vatica sp,vatica_sp,Sarawak,Sarawak,3,0,3,0.0,0.0,5.5,0.706897436,,Tropical_Forest_Mineral_Soil,5.0,3.0,5.0,5.0,,,,,,,,,,,,,,,,1.6666666666666665
NERC_EIDC_2023_survival_height,real,teme_survival_v4_nerc,,Whiteodendron moultonianum,whiteodendron_moultonianum,Sarawak,Sarawak,16,6,10,0.375,0.375,6.0,0.785,,Tropical_Forest_Mineral_Soil,5.0,3.0,5.0,7.0,,,,,,,,,,,,,,,,0.8333333333333333
NERC_EIDC_2023_survival_height,real,teme_survival_v4_nerc,,Whiteodendron moultonianum,whiteodendron_moultonianum,Sarawak,Sarawak,3,2,1,0.6666666666666666,0.6666666666666666,5.5,0.785,,Tropical_Forest_Mineral_Soil,5.0,3.0,5.0,5.0,,,,,,,,,,,,,,,,1.6666666666666665
NERC_EIDC_2023_survival_height,real,teme_survival_v4_nerc,,Dipterocarpus zeylanicus,dipterocarpus_zeylanicus,Sri Lanka,Sri Lanka,60,59,1,0.9833333333333333,0.9833333333333333,2.0,0.69,12.0,Tropical_Forest_Mineral_Soil,5.0,3.0,5.0,8.0,,,,,,,,,,,,,,,,1.6666666666666665
NERC_EIDC_2023_survival_height,real,teme_survival_v4_nerc,,Dipterocarpus zeylanicus,dipterocarpus_zeylanicus,Sri Lanka,Sri Lanka,60,60,0,1.0,1.0,2.0,0.69,12.0,Tropical_Forest_Mineral_Soil,5.0,3.0,5.0,6.0,,,,,,,,,,,,,,,,1.6666666666666665
NERC_EIDC_2023_survival_height,real,teme_survival_v4_nerc,,Dipterocarpus zeylanicus,dipterocarpus_zeylanicus,Sri Lanka,Sri Lanka,60,57,3,0.95,0.95,2.0,0.69,12.0,Tropical_Forest_Mineral_Soil,5.0,3.0,5.0,6.0,,,,,,,,,,,,,,,,1.6666666666666665
NERC_EIDC_2023_survival_height,real,teme_survival_v4_nerc,,Dipterocarpus zeylanicus,dipterocarpus_zeylanicus,Sri Lanka,Sri Lanka,60,56,4,0.9333333333333333,0.9333333333333333,2.0,0.69,12.0,Tropical_Forest_Mineral_Soil,5.0,3.0,5.0,1.0,,,,,,,,,,,,,,,,1.6666666666666665
NERC_EIDC_2023_survival_height,real,teme_survival_v4_nerc,,Mesua ferrea,mesua_ferrea,Sri Lanka,Sri Lanka,60,55,5,0.9166666666666666,0.9166666666666666,2.0,0.92,12.0,Tropical_Forest_Mineral_Soil,5.0,3.0,5.0,7.0,,,,,,,,,,,,,,,,1.6666666666666665
NERC_EIDC_2023_survival_height,real,teme_survival_v4_nerc,,Mesua ferrea,mesua_ferrea,Sri Lanka,Sri Lanka,60,60,0,1.0,1.0,2.0,0.92,12.0,Tropical_Forest_Mineral_Soil,5.0,3.0,5.0,6.0,,,,,,,,,,,,,,,,1.6666666666666665
NERC_EIDC_2023_survival_height,real,teme_survival_v4_nerc,,Mesua ferrea,mesua_ferrea,Sri Lanka,Sri Lanka,60,54,6,0.9,0.9,2.0,0.92,12.0,Tropical_Forest_Mineral_Soil,5.0,3.0,5.0,5.0,,,,,,,,,,,,,,,,1.6666666666666665
NERC_EIDC_2023_survival_height,real,teme_survival_v4_nerc,,Mesua ferrea,mesua_ferrea,Sri Lanka,Sri Lanka,60,54,6,0.9,0.9,2.0,0.92,12.0,Tropical_Forest_Mineral_Soil,5.0,3.0,5.0,1.0,,,,,,,,,,,,,,,,1.6666666666666665
NERC_EIDC_2023_survival_height,real,teme_survival_v4_nerc,,Shorea disticha,shorea_disticha,Sri Lanka,Sri Lanka,60,56,4,0.9333333333333333,0.9333333333333333,2.0,0.583246313,12.0,Tropical_Forest_Mineral_Soil,5.0,3.0,5.0,8.0,,,,,,,,,,,,,,,,1.6666666666666665
NERC_EIDC_2023_survival_height,real,teme_survival_v4_nerc,,Shorea disticha,shorea_disticha,Sri Lanka,Sri Lanka,60,54,6,0.9,0.9,2.0,0.583246313,12.0,Tropical_Forest_Mineral_Soil,5.0,3.0,5.0,8.0,,,,,,,,,,,,,,,,1.6666666666666665
NERC_EIDC_2023_survival_height,real,teme_survival_v4_nerc,,Shorea disticha,shorea_disticha,Sri Lanka,Sri Lanka,60,57,3,0.95,0.95,2.0,0.583246313,12.0,Tropical_Forest_Mineral_Soil,5.0,3.0,5.0,4.0,,,,,,,,,,,,,,,,1.6666666666666665
NERC_EIDC_2023_survival_height,real,teme_survival_v4_nerc,,Shorea disticha,shorea_disticha,Sri Lanka,Sri Lanka,60,58,2,0.9666666666666667,0.9666666666666667,2.0,0.583246313,12.0,Tropical_Forest_Mineral_Soil,5.0,3.0,5.0,9.0,,,,,,,,,,,,,,,,1.6666666666666665
NERC_EIDC_2023_survival_height,real,teme_survival_v4_nerc,,Shorea megistophylla,shorea_megistophylla,Sri Lanka,Sri Lanka,60,59,1,0.9833333333333333,0.9833333333333333,2.0,0.583246313,12.0,Tropical_Forest_Mineral_Soil,5.0,3.0,5.0,8.0,,,,,,,,,,,,,,,,1.6666666666666665
NERC_EIDC_2023_survival_height,real,teme_survival_v4_nerc,,Shorea megistophylla,shorea_megistophylla,Sri Lanka,Sri Lanka,60,60,0,1.0,1.0,2.0,0.583246313,12.0,Tropical_Forest_Mineral_Soil,5.0,3.0,5.0,8.0,,,,,,,,,,,,,,,,1.6666666666666665
NERC_EIDC_2023_survival_height,real,teme_survival_v4_nerc,,Shorea megistophylla,shorea_megistophylla,Sri Lanka,Sri Lanka,60,58,2,0.9666666666666667,0.9666666666666667,2.0,0.583246313,12.0,Tropical_Forest_Mineral_Soil,5.0,3.0,5.0,7.0,,,,,,,,,,,,,,,,1.6666666666666665
NERC_EIDC_2023_survival_height,real,teme_survival_v4_nerc,,Shorea megistophylla,shorea_megistophylla,Sri Lanka,Sri Lanka,60,59,1,0.9833333333333333,0.9833333333333333,2.0,0.583246313,12.0,Tropical_Forest_Mineral_Soil,5.0,3.0,5.0,3.0,,,,,,,,,,,,,,,,1.6666666666666665
NERC_EIDC_2023_survival_height,real,teme_survival_v4_nerc,,Shorea trapezifolia,shorea_trapezifolia,Sri Lanka,Sri Lanka,60,53,7,0.8833333333333333,0.8833333333333333,2.0,0.583246313,12.0,Tropical_Forest_Mineral_Soil,5.0,3.0,5.0,9.0,,,,,,,,,,,,,,,,1.6666666666666665
NERC_EIDC_2023_survival_height,real,teme_survival_v4_nerc,,Shorea trapezifolia,shorea_trapezifolia,Sri Lanka,Sri Lanka,60,57,3,0.95,0.95,2.0,0.583246313,12.0,Tropical_Forest_Mineral_Soil,5.0,3.0,5.0,9.0,,,,,,,,,,,,,,,,1.6666666666666665
NERC_EIDC_2023_survival_height,real,teme_survival_v4_nerc,,Shorea trapezifolia,shorea_trapezifolia,Sri Lanka,Sri Lanka,60,55,5,0.9166666666666666,0.9166666666666666,2.0,0.583246313,12.0,Tropical_Forest_Mineral_Soil,5.0,3.0,5.0,8.0,,,,,,,,,,,,,,,,1.6666666666666665
NERC_EIDC_2023_survival_height,real,teme_survival_v4_nerc,,Shorea trapezifolia,shorea_trapezifolia,Sri Lanka,Sri Lanka,60,49,11,0.8166666666666667,0.8166666666666667,2.0,0.583246313,12.0,Tropical_Forest_Mineral_Soil,5.0,3.0,5.0,4.0,,,,,,,,,,,,,,,,1.6666666666666665
NERC_EIDC_2023_survival_height,real,teme_survival_v4_nerc,,Caryota urens,caryota_urens,Matara,Matara,60,14,46,0.23333333333333334,0.23333333333333334,2.0,0.551760417,12.0,Tropical_Forest_Mineral_Soil,5.0,3.0,5.0,4.0,,,,,,,,,,,,,,,,1.6666666666666665
NERC_EIDC_2023_survival_height,real,teme_survival_v4_nerc,,Caryota urens,caryota_urens,Matara,Matara,60,28,32,0.4666666666666667,0.4666666666666667,2.0,0.551760417,12.0,Tropical_Forest_Mineral_Soil,5.0,3.0,5.0,3.0,,,,,,,,,,,,,,,,1.6666666666666665
NERC_EIDC_2023_survival_height,real,teme_survival_v4_nerc,,Caryota urens,caryota_urens,Matara,Matara,60,16,44,0.26666666666666666,0.26666666666666666,2.0,0.551760417,12.0,Tropical_Forest_Mineral_Soil,5.0,3.0,5.0,3.0,,,,,,,,,,,,,,,,1.6666666666666665
NERC_EIDC_2023_survival_height,real,teme_survival_v4_nerc,,Caryota urens,caryota_urens,Matara,Matara,60,10,50,0.16666666666666666,0.16666666666666666,2.0,0.551760417,12.0,Tropical_Forest_Mineral_Soil,5.0,3.0,5.0,3.0,,,,,,,,,,,,,,,,1.6666666666666665
NERC_EIDC_2023_survival_height,real,teme_survival_v4_nerc,,Caryota urens,caryota_urens,Matara,Matara,60,12,48,0.2,0.2,2.0,0.551760417,12.0,Tropical_Forest_Mineral_Soil,5.0,3.0,5.0,3.0,,,,,,,,,,,,,,,,1.6666666666666665
NERC_EIDC_2023_survival_height,real,teme_survival_v4_nerc,,Caryota urens,caryota_urens,Matara,Matara,60,26,34,0.43333333333333335,0.43333333333333335,2.0,0.551760417,12.0,Tropical_Forest_Mineral_Soil,5.0,3.0,5.0,1.0,,,,,,,,,,,,,,,,0.8333333333333333
NERC_EIDC_2023_survival_height,real,teme_survival_v4_nerc,,Caryota urens,caryota_urens,Matara,Matara,60,4,56,0.06666666666666667,0.06666666666666667,2.0,0.551760417,12.0,Tropical_Forest_Mineral_Soil,5.0,3.0,5.0,4.0,,,,,,,,,,,,,,,,1.6666666666666665
NERC_EIDC_2023_survival_height,real,teme_survival_v4_nerc,,Dipterocarpus zeylanicus,dipterocarpus_zeylanicus,Matara,Matara,60,12,48,0.2,0.2,2.0,0.69,12.0,Tropical_Forest_Mineral_Soil,5.0,3.0,5.0,5.0,,,,,,,,,,,,,,,,1.6666666666666665
NERC_EIDC_2023_survival_height,real,teme_survival_v4_nerc,,Dipterocarpus zeylanicus,dipterocarpus_zeylanicus,Matara,Matara,60,7,53,0.11666666666666667,0.11666666666666667,2.0,0.69,12.0,Tropical_Forest_Mineral_Soil,5.0,3.0,5.0,5.0,,,,,,,,,,,,,,,,1.6666666666666665
NERC_EIDC_2023_survival_height,real,teme_survival_v4_nerc,,Dipterocarpus zeylanicus,dipterocarpus_zeylanicus,Matara,Matara,60,1,59,0.016666666666666666,0.016666666666666666,2.0,0.69,12.0,Tropical_Forest_Mineral_Soil,5.0,3.0,5.0,6.0,,,,,,,,,,,,,,,,1.6666666666666665
NERC_EIDC_2023_survival_height,real,teme_survival_v4_nerc,,Dipterocarpus zeylanicus,dipterocarpus_zeylanicus,Matara,Matara,60,1,59,0.016666666666666666,0.016666666666666666,2.0,0.69,12.0,Tropical_Forest_Mineral_Soil,5.0,3.0,5.0,5.0,,,,,,,,,,,,,,,,1.6666666666666665
NERC_EIDC_2023_survival_height,real,teme_survival_v4_nerc,,Dipterocarpus zeylanicus,dipterocarpus_zeylanicus,Matara,Matara,60,4,56,0.06666666666666667,0.06666666666666667,2.0,0.69,12.0,Tropical_Forest_Mineral_Soil,5.0,3.0,5.0,4.0,,,,,,,,,,,,,,,,1.6666666666666665
NERC_EIDC_2023_survival_height,real,teme_survival_v4_nerc,,Dipterocarpus zeylanicus,dipterocarpus_zeylanicus,Matara,Matara,60,6,54,0.1,0.1,2.0,0.69,12.0,Tropical_Forest_Mineral_Soil,5.0,3.0,5.0,1.0,,,,,,,,,,,,,,,,0.8333333333333333
NERC_EIDC_2023_survival_height,real,teme_survival_v4_nerc,,Dipterocarpus zeylanicus,dipterocarpus_zeylanicus,Matara,Matara,60,3,57,0.05,0.05,2.0,0.69,12.0,Tropical_Forest_Mineral_Soil,5.0,3.0,5.0,6.0,,,,,,,,,,,,,,,,1.6666666666666665
NERC_EIDC_2023_survival_height,real,teme_survival_v4_nerc,,Pericopsis mooniana,pericopsis_mooniana,Matara,Matara,60,19,41,0.31666666666666665,0.31666666666666665,2.0,0.6985,12.0,Tropical_Forest_Mineral_Soil,5.0,3.0,5.0,6.0,,,,,,,,,,,,,,,,1.6666666666666665
NERC_EIDC_2023_survival_height,real,teme_survival_v4_nerc,,Pericopsis mooniana,pericopsis_mooniana,Matara,Matara,60,15,45,0.25,0.25,2.0,0.6985,12.0,Tropical_Forest_Mineral_Soil,5.0,3.0,5.0,5.0,,,,,,,,,,,,,,,,1.6666666666666665
NERC_EIDC_2023_survival_height,real,teme_survival_v4_nerc,,Pericopsis mooniana,pericopsis_mooniana,Matara,Matara,60,7,53,0.11666666666666667,0.11666666666666667,2.0,0.6985,12.0,Tropical_Forest_Mineral_Soil,5.0,3.0,5.0,5.0,,,,,,,,,,,,,,,,1.6666666666666665
NERC_EIDC_2023_survival_height,real,teme_survival_v4_nerc,,Pericopsis mooniana,pericopsis_mooniana,Matara,Matara,60,1,59,0.016666666666666666,0.016666666666666666,2.0,0.6985,12.0,Tropical_Forest_Mineral_Soil,5.0,3.0,5.0,4.0,,,,,,,,,,,,,,,,1.6666666666666665
NERC_EIDC_2023_survival_height,real,teme_survival_v4_nerc,,Pericopsis mooniana,pericopsis_mooniana,Matara,Matara,60,19,41,0.31666666666666665,0.31666666666666665,2.0,0.6985,12.0,Tropical_Forest_Mineral_Soil,5.0,3.0,5.0,5.0,,,,,,,,,,,,,,,,1.6666666666666665
NERC_EIDC_2023_survival_height,real,teme_survival_v4_nerc,,Pericopsis mooniana,pericopsis_mooniana,Matara,Matara,60,21,39,0.35,0.35,2.0,0.6985,12.0,Tropical_Forest_Mineral_Soil,5.0,3.0,5.0,2.0,,,,,,,,,,,,,,,,0.8333333333333333
NERC_EIDC_2023_survival_height,real,teme_survival_v4_nerc,,Pericopsis mooniana,pericopsis_mooniana,Matara,Matara,60,8,52,0.13333333333333333,0.13333333333333333,2.0,0.6985,12.0,Tropical_Forest_Mineral_Soil,5.0,3.0,5.0,6.0,,,,,,,,,,,,,,,,1.6666666666666665
NERC_EIDC_2023_survival_height,real,teme_survival_v4_nerc,,Shorea stipularis,shorea_stipularis,Matara,Matara,60,23,37,0.38333333333333336,0.38333333333333336,2.0,0.583246313,12.0,Tropical_Forest_Mineral_Soil,5.0,3.0,5.0,3.0,,,,,,,,,,,,,,,,1.6666666666666665
NERC_EIDC_2023_survival_height,real,teme_survival_v4_nerc,,Shorea stipularis,shorea_stipularis,Matara,Matara,60,12,48,0.2,0.2,2.0,0.583246313,12.0,Tropical_Forest_Mineral_Soil,5.0,3.0,5.0,2.0,,,,,,,,,,,,,,,,1.6666666666666665
NERC_EIDC_2023_survival_height,real,teme_survival_v4_nerc,,Shorea stipularis,shorea_stipularis,Matara,Matara,60,6,54,0.1,0.1,2.0,0.583246313,12.0,Tropical_Forest_Mineral_Soil,5.0,3.0,5.0,2.0,,,,,,,,,,,,,,,,1.6666666666666665
NERC_EIDC_2023_survival_height,real,teme_survival_v4_nerc,,Shorea stipularis,shorea_stipularis,Matara,Matara,60,1,59,0.016666666666666666,0.016666666666666666,2.0,0.583246313,12.0,Tropical_Forest_Mineral_Soil,5.0,3.0,5.0,1.0,,,,,,,,,,,,,,,,1.6666666666666665
NERC_EIDC_2023_survival_height,real,teme_survival_v4_nerc,,Shorea stipularis,shorea_stipularis,Matara,Matara,60,11,49,0.18333333333333332,0.18333333333333332,2.0,0.583246313,12.0,Tropical_Forest_Mineral_Soil,5.0,3.0,5.0,1.0,,,,,,,,,,,,,,,,0.8333333333333333
NERC_EIDC_2023_survival_height,real,teme_survival_v4_nerc,,Shorea stipularis,shorea_stipularis,Matara,Matara,60,16,44,0.26666666666666666,0.26666666666666666,2.0,0.583246313,12.0,Tropical_Forest_Mineral_Soil,5.0,3.0,5.0,3.0,,,,,,,,,,,,,,,,1.6666666666666665
NERC_EIDC_2023_survival_height,real,teme_survival_v4_nerc,,Shorea stipularis,shorea_stipularis,Matara,Matara,60,5,55,0.08333333333333333,0.08333333333333333,2.0,0.583246313,12.0,Tropical_Forest_Mineral_Soil,5.0,3.0,5.0,3.0,,,,,,,,,,,,,,,,1.6666666666666665
NERC_EIDC_2023_survival_height,real,teme_survival_v4_nerc,,Swietenia macrophylla,swietenia_macrophylla,Matara,Matara,60,1,59,0.016666666666666666,0.016666666666666666,2.0,0.519545455,6.0,Tropical_Forest_Mineral_Soil,5.0,3.0,5.0,9.0,,,,,,,,,,,,,,,,1.6666666666666665
NERC_EIDC_2023_survival_height,real,teme_survival_v4_nerc,,Swietenia macrophylla,swietenia_macrophylla,Matara,Matara,60,0,60,0.0,0.0,2.0,0.519545455,6.0,Tropical_Forest_Mineral_Soil,5.0,3.0,5.0,9.0,,,,,,,,,,,,,,,,1.6666666666666665
NERC_EIDC_2023_survival_height,real,teme_survival_v4_nerc,,Swietenia macrophylla,swietenia_macrophylla,Matara,Matara,60,0,60,0.0,0.0,2.0,0.519545455,6.0,Tropical_Forest_Mineral_Soil,5.0,3.0,5.0,9.0,,,,,,,,,,,,,,,,1.6666666666666665
NERC_EIDC_2023_survival_height,real,teme_survival_v4_nerc,,Swietenia macrophylla,swietenia_macrophylla,Matara,Matara,60,0,60,0.0,0.0,2.0,0.519545455,6.0,Tropical_Forest_Mineral_Soil,5.0,3.0,5.0,8.0,,,,,,,,,,,,,,,,1.6666666666666665
NERC_EIDC_2023_survival_height,real,teme_survival_v4_nerc,,Swietenia macrophylla,swietenia_macrophylla,Matara,Matara,60,2,58,0.03333333333333333,0.03333333333333333,2.0,0.519545455,6.0,Tropical_Forest_Mineral_Soil,5.0,3.0,5.0,8.0,,,,,,,,,,,,,,,,1.6666666666666665
NERC_EIDC_2023_survival_height,real,teme_survival_v4_nerc,,Swietenia macrophylla,swietenia_macrophylla,Matara,Matara,60,12,48,0.2,0.2,2.0,0.519545455,6.0,Tropical_Forest_Mineral_Soil,5.0,3.0,5.0,5.0,,,,,,,,,,,,,,,,0.8333333333333333
NERC_EIDC_2023_survival_height,real,teme_survival_v4_nerc,,Swietenia macrophylla,swietenia_macrophylla,Matara,Matara,60,0,60,0.0,0.0,2.0,0.519545455,6.0,Tropical_Forest_Mineral_Soil,5.0,3.0,5.0,8.0,,,,,,,,,,,,,,,,1.6666666666666665
NERC_EIDC_2023_survival_height,real,teme_survival_v4_nerc,,Afzelia rhomboidea,afzelia_rhomboidea,Philippines,Philippines,20,7,13,0.35,0.35,5.0,0.59,,Tropical_Forest_Mineral_Soil,5.0,3.0,5.0,4.0,,,,,,,,,,,,,,,,0.8333333333333333
NERC_EIDC_2023_survival_height,real,teme_survival_v4_nerc,,Anthocephalus chinensis,anthocephalus_chinensis,Philippines,Philippines,20,16,4,0.8,0.8,5.0,0.637445335,,Tropical_Forest_Mineral_Soil,5.0,3.0,5.0,9.0,,,,,,,,,,,,,,,,0.8333333333333333
NERC_EIDC_2023_survival_height,real,teme_survival_v4_nerc,,Artocarpus blancoi,artocarpus_blancoi,Philippines,Philippines,20,11,9,0.55,0.55,5.0,0.486363636,,Tropical_Forest_Mineral_Soil,5.0,3.0,5.0,10.0,,,,,,,,,,,,,,,,0.8333333333333333
NERC_EIDC_2023_survival_height,real,teme_survival_v4_nerc,,Balakata luzonica,balakata_luzonica,Philippines,Philippines,20,9,11,0.45,0.45,5.0,0.544977248,,Tropical_Forest_Mineral_Soil,5.0,3.0,5.0,10.0,,,,,,,,,,,,,,,,0.8333333333333333
NERC_EIDC_2023_survival_height,real,teme_survival_v4_nerc,,Bischofia javanica,bischofia_javanica,Philippines,Philippines,20,16,4,0.8,0.8,5.0,0.6017,,Tropical_Forest_Mineral_Soil,5.0,3.0,5.0,10.0,,,,,,,,,,,,,,,,0.8333333333333333
NERC_EIDC_2023_survival_height,real,teme_survival_v4_nerc,,Calophyllum blancoi,calophyllum_blancoi,Philippines,Philippines,20,18,2,0.9,0.9,5.0,0.669211656,,Tropical_Forest_Mineral_Soil,5.0,3.0,5.0,10.0,,,,,,,,,,,,,,,,0.8333333333333333
NERC_EIDC_2023_survival_height,real,teme_survival_v4_nerc,,Calophyllum inophyllum,calophyllum_inophyllum,Philippines,Philippines,20,6,14,0.3,0.3,5.0,0.5846,,Tropical_Forest_Mineral_Soil,5.0,3.0,5.0,10.0,,,,,,,,,,,,,,,,0.8333333333333333
NERC_EIDC_2023_survival_height,real,teme_survival_v4_nerc,,Casuarina equisetifolia,casuarina_equisetifolia,Philippines,Philippines,20,6,14,0.3,0.3,5.0,0.80875,,Tropical_Forest_Mineral_Soil,5.0,3.0,5.0,10.0,,,,,,,,,,,,,,,,0.8333333333333333
NERC_EIDC_2023_survival_height,real,teme_survival_v4_nerc,,Diospyros discolor,diospyros_discolor,Philippines,Philippines,20,11,9,0.55,0.55,5.0,0.683275126,,Tropical_Forest_Mineral_Soil,5.0,3.0,5.0,6.0,,,,,,,,,,,,,,,,0.8333333333333333
NERC_EIDC_2023_survival_height,real,teme_survival_v4_nerc,,Dracontomelon dao,dracontomelon_dao,Philippines,Philippines,20,12,8,0.6,0.6,5.0,0.4,,Tropical_Forest_Mineral_Soil,5.0,3.0,5.0,10.0,,,,,,,,,,,,,,,,0.8333333333333333
NERC_EIDC_2023_survival_height,real,teme_survival_v4_nerc,,Garuga floribunda,garuga_floribunda,Philippines,Philippines,20,18,2,0.9,0.9,5.0,0.547,,Tropical_Forest_Mineral_Soil,5.0,3.0,5.0,10.0,,,,,,,,,,,,,,,,0.8333333333333333
NERC_EIDC_2023_survival_height,real,teme_survival_v4_nerc,,Heritiera littoralis,heritiera_littoralis,Philippines,Philippines,20,13,7,0.65,0.65,5.0,0.848,,Tropical_Forest_Mineral_Soil,5.0,3.0,5.0,7.0,,,,,,,,,,,,,,,,0.8333333333333333
NERC_EIDC_2023_survival_height,real,teme_survival_v4_nerc,,Horsfieldia megacarpa,horsfieldia_megacarpa,Philippines,Philippines,20,16,4,0.8,0.8,5.0,0.441512037,,Tropical_Forest_Mineral_Soil,5.0,3.0,5.0,7.0,,,,,,,,,,,,,,,,0.8333333333333333
NERC_EIDC_2023_survival_height,real,teme_survival_v4_nerc,,Melia azedarach,melia_azedarach,Philippines,Philippines,20,11,9,0.55,0.55,5.0,0.437777778,,Tropical_Forest_Mineral_Soil,5.0,3.0,5.0,10.0,,,,,,,,,,,,,,,,0.8333333333333333
NERC_EIDC_2023_survival_height,real,teme_survival_v4_nerc,,Palaquium pinnatinervium,palaquium_pinnatinervium,Philippines,Philippines,20,17,3,0.85,0.85,5.0,0.558016667,,Tropical_Forest_Mineral_Soil,5.0,3.0,5.0,9.0,,,,,,,,,,,,,,,,0.8333333333333333
NERC_EIDC_2023_survival_height,real,teme_survival_v4_nerc,,Pangium edule,pangium_edule,Philippines,Philippines,20,13,7,0.65,0.65,5.0,0.502666667,,Tropical_Forest_Mineral_Soil,5.0,3.0,5.0,9.0,,,,,,,,,,,,,,,,0.8333333333333333
NERC_EIDC_2023_survival_height,real,teme_survival_v4_nerc,,Parkia javanica,parkia_javanica,Philippines,Philippines,20,19,1,0.95,0.95,5.0,0.36,,Tropical_Forest_Mineral_Soil,5.0,3.0,5.0,10.0,,,,,,,,,,,,,,,,0.8333333333333333
NERC_EIDC_2023_survival_height,real,teme_survival_v4_nerc,,Petersianthus quadrialatus,petersianthus_quadrialatus,Philippines,Philippines,20,17,3,0.85,0.85,5.0,0.54,,Tropical_Forest_Mineral_Soil,5.0,3.0,5.0,9.0,,,,,,,,,,,,,,,,0.8333333333333333
NERC_EIDC_2023_survival_height,real,teme_survival_v4_nerc,,Pongamia pinnata,pongamia_pinnata,Philippines,Philippines,20,14,6,0.7,0.7,5.0,0.59475,,Tropical_Forest_Mineral_Soil,5.0,3.0,5.0,10.0,,,,,,,,,,,,,,,,0.8333333333333333
NERC_EIDC_2023_survival_height,real,teme_survival_v4_nerc,,Pouteria macrantha,pouteria_macrantha,Philippines,Philippines,20,12,8,0.6,0.6,5.0,0.52,,Tropical_Forest_Mineral_Soil,5.0,3.0,5.0,9.0,,,,,,,,,,,,,,,,0.8333333333333333
NERC_EIDC_2023_survival_height,real,teme_survival_v4_nerc,,Pterocarpus dalbergioides,pterocarpus_dalbergioides,Philippines,Philippines,20,8,12,0.4,0.4,5.0,0.62,,Tropical_Forest_Mineral_Soil,5.0,3.0,5.0,8.0,,,,,,,,,,,,,,,,0.8333333333333333
NERC_EIDC_2023_survival_height,real,teme_survival_v4_nerc,,Shorea astylosa,shorea_astylosa,Philippines,Philippines,20,1,19,0.05,0.05,5.0,0.72,,Tropical_Forest_Mineral_Soil,5.0,3.0,5.0,5.0,,,,,,,,,,,,,,,,0.8333333333333333
NERC_EIDC_2023_survival_height,real,teme_survival_v4_nerc,,Shorea contorta,shorea_contorta,Philippines,Philippines,20,14,6,0.7,0.7,5.0,0.43,,Tropical_Forest_Mineral_Soil,5.0,3.0,5.0,10.0,,,,,,,,,,,,,,,,0.8333333333333333
NERC_EIDC_2023_survival_height,real,teme_survival_v4_nerc,,Shorea palosapis,shorea_palosapis,Philippines,Philippines,20,8,12,0.4,0.4,5.0,0.42,,Tropical_Forest_Mineral_Soil,5.0,3.0,5.0,8.0,,,,,,,,,,,,,,,,0.8333333333333333
NERC_EIDC_2023_survival_height,real,teme_survival_v4_nerc,,Shorea polysperma,shorea_polysperma,Philippines,Philippines,20,6,14,0.3,0.3,5.0,0.505,,Tropical_Forest_Mineral_Soil,5.0,3.0,5.0,7.0,,,,,,,,,,,,,,,,0.8333333333333333
NERC_EIDC_2023_survival_height,real,teme_survival_v4_nerc,,Terminalia foetidissima,terminalia_foetidissima,Philippines,Philippines,20,18,2,0.9,0.9,5.0,0.6,,Tropical_Forest_Mineral_Soil,5.0,3.0,5.0,10.0,,,,,,,,,,,,,,,,0.8333333333333333
NERC_EIDC_2023_survival_height,real,teme_survival_v4_nerc,,Terminalia procera,terminalia_procera,Philippines,Philippines,20,19,1,0.95,0.95,5.0,0.52,,Tropical_Forest_Mineral_Soil,5.0,3.0,5.0,9.0,,,,,,,,,,,,,,,,0.8333333333333333
NERC_EIDC_2023_survival_height,real,teme_survival_v4_nerc,,Tristaniopsis decorticata,tristaniopsis_decorticata,Philippines,Philippines,20,4,16,0.2,0.2,5.0,0.869777778,,Tropical_Forest_Mineral_Soil,5.0,3.0,5.0,9.0,,,,,,,,,,,,,,,,0.8333333333333333
NERC_EIDC_2023_survival_height,real,teme_survival_v4_nerc,,Vitex parviflora,vitex_parviflora,Philippines,Philippines,20,16,4,0.8,0.8,5.0,0.565170667,,Tropical_Forest_Mineral_Soil,5.0,3.0,5.0,9.0,,,,,,,,,,,,,,,,0.8333333333333333
NERC_EIDC_2023_survival_height,real,teme_survival_v4_nerc,,Vitex turczaninowii,vitex_turczaninowii,Philippines,Philippines,20,12,8,0.6,0.6,5.0,0.565170667,,Tropical_Forest_Mineral_Soil,5.0,3.0,5.0,10.0,,,,,,,,,,,,,,,,0.8333333333333333
NERC_EIDC_2023_survival_height,real,teme_survival_v4_nerc,,Xylopia ferruginea,xylopia_ferruginea,Philippines,Philippines,20,16,4,0.8,0.8,5.0,0.35,,Tropical_Forest_Mineral_Soil,5.0,3.0,5.0,10.0,,,,,,,,,,,,,,,,0.8333333333333333
NERC_EIDC_2023_survival_height,real,teme_survival_v4_nerc,,Archidendron jiringa,archidendron_jiringa,Jambi,Jambi,36,20,16,0.5555555555555556,0.5555555555555556,1.0,0.317,,Tropical_Peat_Swamp_Forest,2.0,3.0,5.0,5.0,,,,,,,,,,,,,,,,0.8333333333333333
NERC_EIDC_2023_survival_height,real,teme_survival_v4_nerc,,Artocarpus heterophyllus,artocarpus_heterophyllus,Jambi,Jambi,36,10,26,0.2777777777777778,0.2777777777777778,1.0,0.491666667,,Tropical_Peat_Swamp_Forest,2.0,3.0,5.0,5.0,,,,,,,,,,,,,,,,0.8333333333333333
NERC_EIDC_2023_survival_height,real,teme_survival_v4_nerc,,Dyera polyphylla,dyera_polyphylla,Jambi,Jambi,36,22,14,0.6111111111111112,0.6111111111111112,1.0,0.33,,Tropical_Peat_Swamp_Forest,2.0,3.0,5.0,5.0,,,,,,,,,,,,,,,,0.8333333333333333
NERC_EIDC_2023_survival_height,real,teme_survival_v4_nerc,,Mangifera indica,mangifera_indica,Jambi,Jambi,36,23,13,0.6388888888888888,0.6388888888888888,1.0,0.5525,,Tropical_Peat_Swamp_Forest,2.0,3.0,5.0,5.0,,,,,,,,,,,,,,,,0.8333333333333333
NERC_EIDC_2023_survival_height,real,teme_survival_v4_nerc,,Parkia speciosa,parkia_speciosa,Jambi,Jambi,36,19,17,0.5277777777777778,0.5277777777777778,1.0,0.395,,Tropical_Peat_Swamp_Forest,2.0,3.0,5.0,5.0,,,,,,,,,,,,,,,,0.8333333333333333
NERC_EIDC_2023_survival_height,real,teme_survival_v4_nerc,,Persea americana,persea_americana,Jambi,Jambi,36,27,9,0.75,0.75,1.0,0.548666667,,Tropical_Peat_Swamp_Forest,2.0,3.0,5.0,7.0,,,,,,,,,,,,,,,,0.8333333333333333
NERC_EIDC_2023_survival_height,real,teme_survival_v4_nerc,,Archidendron jiringa,archidendron_jiringa,Jambi,Jambi,50,15,35,0.3,0.3,1.0,0.317,,Tropical_Peat_Swamp_Forest,2.0,3.0,5.0,6.0,,,,,,,,,,,,,,,,1.6666666666666665
NERC_EIDC_2023_survival_height,real,teme_survival_v4_nerc,,Artocarpus heterophyllus,artocarpus_heterophyllus,Jambi,Jambi,50,26,24,0.52,0.52,1.0,0.491666667,,Tropical_Peat_Swamp_Forest,2.0,3.0,5.0,7.0,,,,,,,,,,,,,,,,1.6666666666666665
NERC_EIDC_2023_survival_height,real,teme_survival_v4_nerc,,Dyera polyphylla,dyera_polyphylla,Jambi,Jambi,50,24,26,0.48,0.48,1.0,0.33,,Tropical_Peat_Swamp_Forest,2.0,3.0,5.0,5.0,,,,,,,,,,,,,,,,1.6666666666666665
NERC_EIDC_2023_survival_height,real,teme_survival_v4_nerc,,Dyera polyphylla,dyera_polyphylla,Jambi,Jambi,50,26,24,0.52,0.52,1.0,0.33,,Tropical_Peat_Swamp_Forest,2.0,3.0,5.0,3.0,,,,,,,,,,,,,,,,1.6666666666666665
NERC_EIDC_2023_survival_height,real,teme_survival_v4_nerc,,Nephelium maingayi,nephelium_maingayi,Jambi,Jambi,50,28,22,0.56,0.56,1.0,0.7782,,Tropical_Peat_Swamp_Forest,2.0,3.0,5.0,7.0,,,,,,,,,,,,,,,,1.6666666666666665
NERC_EIDC_2023_survival_height,real,teme_survival_v4_nerc,,Parkia speciosa,parkia_speciosa,Jambi,Jambi,50,20,30,0.4,0.4,1.0,0.395,,Tropical_Peat_Swamp_Forest,2.0,3.0,5.0,8.0,,,,,,,,,,,,,,,,1.6666666666666665
NERC_EIDC_2023_survival_height,real,teme_survival_v4_nerc,,Combretocarpus rotundatus,combretocarpus_rotundatus,Central Kalimantan,Central Kalimantan,96,78,18,0.8125,0.8125,1.0,0.61,,Unknown_TropicalAsia,5.0,8.0,5.0,5.0,,,,,,,,,,,,,,,,0.0
NERC_EIDC_2023_survival_height,real,teme_survival_v4_nerc,,Cratoxylum arborescens,cratoxylum_arborescens,Central Kalimantan,Central Kalimantan,96,67,29,0.6979166666666666,0.6979166666666666,1.0,0.433333333,,Unknown_TropicalAsia,5.0,8.0,5.0,5.0,,,,,,,,,,,,,,,,0.0
NERC_EIDC_2023_survival_height,real,teme_survival_v4_nerc,,Dyera polyphylla,dyera_polyphylla,Central Kalimantan,Central Kalimantan,96,65,31,0.6770833333333334,0.6770833333333334,1.0,0.33,,Unknown_TropicalAsia,5.0,8.0,5.0,5.0,,,,,,,,,,,,,,,,0.0
NERC_EIDC_2023_survival_height,real,teme_survival_v4_nerc,,Shorea balangeran,shorea_balangeran,Central Kalimantan,Central Kalimantan,96,54,42,0.5625,0.5625,1.0,0.69,,Unknown_TropicalAsia,5.0,8.0,5.0,5.0,,,,,,,,,,,,,,,,0.0
NERC_EIDC_2023_survival_height,real,teme_survival_v4_nerc,,Shorea uliginosa,shorea_uliginosa,Central Kalimantan,Central Kalimantan,96,48,48,0.5,0.5,1.0,0.51,,Unknown_TropicalAsia,5.0,8.0,5.0,5.0,,,,,,,,,,,,,,,,0.0
NERC_EIDC_2023_survival_height,real,teme_survival_v4_nerc,,Stemonurus scorpioides,stemonurus_scorpioides,Central Kalimantan,Central Kalimantan,96,23,73,0.23958333333333334,0.23958333333333334,1.0,0.51,,Unknown_TropicalAsia,5.0,8.0,5.0,5.0,,,,,,,,,,,,,,,,0.0
NERC_EIDC_2023_survival_height,real,teme_survival_v4_nerc,,Anisoptera marginata,anisoptera_marginata,Jambi,Jambi,40,17,23,0.425,0.425,1.0,0.526666667,,Unknown_TropicalAsia,5.0,8.0,5.0,5.0,,,,,,,,,,,,,,,,0.0
NERC_EIDC_2023_survival_height,real,teme_survival_v4_nerc,,Calophyllum inophyllum,calophyllum_inophyllum,Jambi,Jambi,38,20,18,0.5263157894736842,0.5263157894736842,1.0,0.5846,,Unknown_TropicalAsia,5.0,8.0,5.0,5.0,,,,,,,,,,,,,,,,0.0
NERC_EIDC_2023_survival_height,real,teme_survival_v4_nerc,,Calophyllum soulattri,calophyllum_soulattri,Jambi,Jambi,42,29,13,0.6904761904761905,0.6904761904761905,1.0,0.669211656,,Unknown_TropicalAsia,5.0,8.0,5.0,5.0,,,,,,,,,,,,,,,,0.0
NERC_EIDC_2023_survival_height,real,teme_survival_v4_nerc,,Dillenia excelsa,dillenia_excelsa,Jambi,Jambi,14,3,11,0.21428571428571427,0.21428571428571427,1.0,0.68,,Unknown_TropicalAsia,5.0,8.0,5.0,5.0,,,,,,,,,,,,,,,,0.0
NERC_EIDC_2023_survival_height,real,teme_survival_v4_nerc,,Diospyros malam,diospyros_malam,Jambi,Jambi,50,26,24,0.52,0.52,1.0,0.605,,Unknown_TropicalAsia,5.0,8.0,5.0,5.0,,,,,,,,,,,,,,,,0.0
NERC_EIDC_2023_survival_height,real,teme_survival_v4_nerc,,Gonystylus bancanus,gonystylus_bancanus,Jambi,Jambi,37,10,27,0.2702702702702703,0.2702702702702703,1.0,0.52,,Unknown_TropicalAsia,5.0,8.0,5.0,5.0,,,,,,,,,,,,,,,,0.0
NERC_EIDC_2023_survival_height,real,teme_survival_v4_nerc,,Homalium caryophyllaceum,homalium_caryophyllaceum,Jambi,Jambi,43,21,22,0.4883720930232558,0.4883720930232558,1.0,0.75,,Unknown_TropicalAsia,5.0,8.0,5.0,5.0,,,,,,,,,,,,,,,,0.0
NERC_EIDC_2023_survival_height,real,teme_survival_v4_nerc,,Hopea odorata,hopea_odorata,Jambi,Jambi,45,15,30,0.3333333333333333,0.3333333333333333,1.0,0.635,,Unknown_TropicalAsia,5.0,8.0,5.0,5.0,,,,,,,,,,,,,,,,0.0
NERC_EIDC_2023_survival_height,real,teme_survival_v4_nerc,,Lithocarpus bennettii,lithocarpus_bennettii,Jambi,Jambi,20,10,10,0.5,0.5,1.0,0.71,,Unknown_TropicalAsia,5.0,8.0,5.0,5.0,,,,,,,,,,,,,,,,0.0
NERC_EIDC_2023_survival_height,real,teme_survival_v4_nerc,,Schleichera oleosa,schleichera_oleosa,Jambi,Jambi,61,11,50,0.18032786885245902,0.18032786885245902,1.0,0.89675,,Unknown_TropicalAsia,5.0,8.0,5.0,5.0,,,,,,,,,,,,,,,,0.0
NERC_EIDC_2023_survival_height,real,teme_survival_v4_nerc,,Shorea balangeran,shorea_balangeran,Jambi,Jambi,18,6,12,0.3333333333333333,0.3333333333333333,1.0,0.69,,Unknown_TropicalAsia,5.0,8.0,5.0,5.0,,,,,,,,,,,,,,,,0.0
NERC_EIDC_2023_survival_height,real,teme_survival_v4_nerc,,Shorea fallax,shorea_fallax,Jambi,Jambi,24,12,12,0.5,0.5,1.0,0.5,,Unknown_TropicalAsia,5.0,8.0,5.0,5.0,,,,,,,,,,,,,,,,0.0
NERC_EIDC_2023_survival_height,real,teme_survival_v4_nerc,,Shorea guiso,shorea_guiso,Jambi,Jambi,19,9,10,0.47368421052631576,0.47368421052631576,1.0,0.705,,Unknown_TropicalAsia,5.0,8.0,5.0,5.0,,,,,,,,,,,,,,,,0.0
NERC_EIDC_2023_survival_height,real,teme_survival_v4_nerc,,Shorea javanica,shorea_javanica,Jambi,Jambi,104,49,55,0.47115384615384615,0.47115384615384615,1.0,0.51,,Unknown_TropicalAsia,5.0,8.0,5.0,5.0,,,,,,,,,,,,,,,,0.0
NERC_EIDC_2023_survival_height,real,teme_survival_v4_nerc,,Shorea johorensis,shorea_johorensis,Jambi,Jambi,21,3,18,0.14285714285714285,0.14285714285714285,1.0,0.393333333,,Unknown_TropicalAsia,5.0,8.0,5.0,5.0,,,,,,,,,,,,,,,,0.0
NERC_EIDC_2023_survival_height,real,teme_survival_v4_nerc,,Shorea leprosula,shorea_leprosula,Jambi,Jambi,58,25,33,0.43103448275862066,0.43103448275862066,1.0,0.44,,Unknown_TropicalAsia,5.0,8.0,5.0,5.0,,,,,,,,,,,,,,,,0.0
NERC_EIDC_2023_survival_height,real,teme_survival_v4_nerc,,Shorea macrophylla,shorea_macrophylla,Jambi,Jambi,5,3,2,0.6,0.6,1.0,0.32,,Unknown_TropicalAsia,5.0,8.0,5.0,5.0,,,,,,,,,,,,,,,,0.0
NERC_EIDC_2023_survival_height,real,teme_survival_v4_nerc,,Shorea multiflora,shorea_multiflora,Jambi,Jambi,7,2,5,0.2857142857142857,0.2857142857142857,1.0,0.51,,Unknown_TropicalAsia,5.0,8.0,5.0,5.0,,,,,,,,,,,,,,,,0.0
NERC_EIDC_2023_survival_height,real,teme_survival_v4_nerc,,Shorea ovalis,shorea_ovalis,Jambi,Jambi,31,6,25,0.1935483870967742,0.1935483870967742,1.0,0.43,,Unknown_TropicalAsia,5.0,8.0,5.0,5.0,,,,,,,,,,,,,,,,0.0
NERC_EIDC_2023_survival_height,real,teme_survival_v4_nerc,,Shorea parvifolia,shorea_parvifolia,Jambi,Jambi,13,3,10,0.23076923076923078,0.23076923076923078,1.0,0.405,,Unknown_TropicalAsia,5.0,8.0,5.0,5.0,,,,,,,,,,,,,,,,0.0
NERC_EIDC_2023_survival_height,real,teme_survival_v4_nerc,,Shorea pinanga,shorea_pinanga,Jambi,Jambi,8,2,6,0.25,0.25,1.0,0.363333333,,Unknown_TropicalAsia,5.0,8.0,5.0,5.0,,,,,,,,,,,,,,,,0.0
NERC_EIDC_2023_survival_height,real,teme_survival_v4_nerc,,Shorea selanica,shorea_selanica,Jambi,Jambi,83,33,50,0.39759036144578314,0.39759036144578314,1.0,0.37,,Unknown_TropicalAsia,5.0,8.0,5.0,5.0,,,,,,,,,,,,,,,,0.0
NERC_EIDC_2023_survival_height,real,teme_survival_v4_nerc,,Shorea seminis,shorea_seminis,Jambi,Jambi,30,14,16,0.4666666666666667,0.4666666666666667,1.0,0.72,,Unknown_TropicalAsia,5.0,8.0,5.0,5.0,,,,,,,,,,,,,,,,0.0
NERC_EIDC_2023_survival_height,real,teme_survival_v4_nerc,,Shorea smithiana,shorea_smithiana,Jambi,Jambi,36,13,23,0.3611111111111111,0.3611111111111111,1.0,0.355,,Unknown_TropicalAsia,5.0,8.0,5.0,5.0,,,,,,,,,,,,,,,,0.0
NERC_EIDC_2023_survival_height,real,teme_survival_v4_nerc,,Shorea stenoptera,shorea_stenoptera,Jambi,Jambi,3,2,1,0.6666666666666666,0.6666666666666666,1.0,0.33,,Unknown_TropicalAsia,5.0,8.0,5.0,6.0,,,,,,,,,,,,,,,,0.0
NERC_EIDC_2023_survival_height,real,teme_survival_v4_nerc,,Shorea uliginosa,shorea_uliginosa,Jambi,Jambi,34,17,17,0.5,0.5,1.0,0.51,,Unknown_TropicalAsia,5.0,8.0,5.0,5.0,,,,,,,,,,,,,,,,0.0
NERC_EIDC_2023_survival_height,real,teme_survival_v4_nerc,,Shorea virenscens,shorea_virenscens,Jambi,Jambi,36,0,36,0.0,0.0,1.0,0.583246313,,Unknown_TropicalAsia,5.0,8.0,5.0,5.0,,,,,,,,,,,,,,,,0.0
NERC_EIDC_2023_survival_height,real,teme_survival_v4_nerc,,Stemonurus scorpioides,stemonurus_scorpioides,Jambi,Jambi,66,25,41,0.3787878787878788,0.3787878787878788,1.0,0.51,,Unknown_TropicalAsia,5.0,8.0,5.0,5.0,,,,,,,,,,,,,,,,0.0
NERC_EIDC_2023_survival_height,real,teme_survival_v4_nerc,,Calophyllum inophyllum,calophyllum_inophyllum,Jambi,Jambi,36,8,28,0.2222222222222222,0.2222222222222222,2.0,0.5846,,Unknown_TropicalAsia,5.0,8.0,5.0,5.0,,,,,,,,,,,,,,,,0.0
NERC_EIDC_2023_survival_height,real,teme_survival_v4_nerc,,Homalium caryophyllaceum,homalium_caryophyllaceum,Jambi,Jambi,36,5,31,0.1388888888888889,0.1388888888888889,2.0,0.75,,Unknown_TropicalAsia,5.0,8.0,5.0,5.0,,,,,,,,,,,,,,,,0.0
NERC_EIDC_2023_survival_height,real,teme_survival_v4_nerc,,Shorea balangeran,shorea_balangeran,Jambi,Jambi,36,10,26,0.2777777777777778,0.2777777777777778,2.0,0.69,,Unknown_TropicalAsia,5.0,8.0,5.0,5.0,,,,,,,,,,,,,,,,0.0
NERC_EIDC_2023_survival_height,real,teme_survival_v4_nerc,,Shorea leprosula,shorea_leprosula,Jambi,Jambi,36,0,36,0.0,0.0,2.0,0.44,,Unknown_TropicalAsia,5.0,8.0,5.0,5.0,,,,,,,,,,,,,,,,0.0
NERC_EIDC_2023_survival_height,real,teme_survival_v4_nerc,,Shorea selanica,shorea_selanica,Jambi,Jambi,36,4,32,0.1111111111111111,0.1111111111111111,2.0,0.37,,Unknown_TropicalAsia,5.0,8.0,5.0,5.0,,,,,,,,,,,,,,,,0.0
NERC_EIDC_2023_survival_height,real,teme_survival_v4_nerc,,Stemonurus scorpioides,stemonurus_scorpioides,Jambi,Jambi,36,6,30,0.16666666666666666,0.16666666666666666,2.0,0.51,,Unknown_TropicalAsia,5.0,8.0,5.0,5.0,,,,,,,,,,,,,,,,0.0
NERC_EIDC_2023_survival_height,real,teme_survival_v4_nerc,,Xylopia fusca,xylopia_fusca,Jambi,Jambi,36,12,24,0.3333333333333333,0.3333333333333333,2.0,0.34,,Unknown_TropicalAsia,5.0,8.0,5.0,5.0,,,,,,,,,,,,,,,,0.0
NERC_EIDC_2023_survival_height,real,teme_survival_v4_nerc,,Hopea odorata,hopea_odorata,Thua Thien Hue,Thua Thien Hue,74,68,6,0.918918918918919,0.918918918918919,1.92,0.635,16.0,Tropical_Forest_Mineral_Soil,5.0,3.0,5.0,5.0,,,,,,,,,,,,,,,,1.6666666666666665
NERC_EIDC_2023_survival_height,real,teme_survival_v4_nerc,,Hopea odorata,hopea_odorata,Thua Thien Hue,Thua Thien Hue,80,76,4,0.95,0.95,1.92,0.635,16.0,Tropical_Forest_Mineral_Soil,5.0,3.0,5.0,8.0,,,,,,,,,,,,,,,,1.6666666666666665
NERC_EIDC_2023_survival_height,real,teme_survival_v4_nerc,,Hopea odorata,hopea_odorata,Thua Thien Hue,Thua Thien Hue,74,70,4,0.9459459459459459,0.9459459459459459,1.92,0.635,16.0,Tropical_Forest_Mineral_Soil,5.0,3.0,5.0,3.0,,,,,,,,,,,,,,,,1.6666666666666665
NERC_EIDC_2023_survival_height,real,teme_survival_v4_nerc,,Hopea odorata,hopea_odorata,Thua Thien Hue,Thua Thien Hue,54,54,0,1.0,1.0,1.92,0.635,16.0,Tropical_Forest_Mineral_Soil,5.0,3.0,5.0,7.0,,,,,,,,,,,,,,,,1.6666666666666665
NERC_EIDC_2023_survival_height,real,teme_survival_v4_nerc,,Hopea odorata,hopea_odorata,Thua Thien Hue,Thua Thien Hue,39,39,0,1.0,1.0,1.92,0.635,16.0,Tropical_Forest_Mineral_Soil,5.0,3.0,5.0,3.0,,,,,,,,,,,,,,,,1.6666666666666665
NERC_EIDC_2023_survival_height,real,teme_survival_v4_nerc,,Hopea odorata,hopea_odorata,Thua Thien Hue,Thua Thien Hue,20,20,0,1.0,1.0,1.92,0.635,16.0,Tropical_Forest_Mineral_Soil,5.0,3.0,5.0,7.0,,,,,,,,,,,,,,,,1.6666666666666665
NERC_EIDC_2023_survival_height,real,teme_survival_v4_nerc,,Acrocarpus fraxinifolius,acrocarpus_fraxinifolius,Thailand,Thailand,48,12,36,0.25,0.25,1.42,0.5915,10.0,Tropical_Forest_Mineral_Soil,5.0,6.0,5.0,8.0,,,,,,,,,,,,,,,,2.5
NERC_EIDC_2023_survival_height,real,teme_survival_v4_nerc,,Aglaia lawii,aglaia_lawii,Thailand,Thailand,71,39,32,0.5492957746478874,0.5492957746478874,1.42,0.595,10.0,Tropical_Forest_Mineral_Soil,5.0,6.0,5.0,1.0,,,,,,,,,,,,,,,,2.5
NERC_EIDC_2023_survival_height,real,teme_survival_v4_nerc,,Balakata baccata,balakata_baccata,Thailand,Thailand,48,22,26,0.4583333333333333,0.4583333333333333,1.42,0.544977248,10.0,Tropical_Forest_Mineral_Soil,5.0,6.0,5.0,10.0,,,,,,,,,,,,,,,,2.5
NERC_EIDC_2023_survival_height,real,teme_survival_v4_nerc,,Bischofia javanica,bischofia_javanica,Thailand,Thailand,84,78,6,0.9285714285714286,0.9285714285714286,1.42,0.6017,10.0,Tropical_Forest_Mineral_Soil,5.0,6.0,5.0,3.0,,,,,,,,,,,,,,,,2.5
NERC_EIDC_2023_survival_height,real,teme_survival_v4_nerc,,Callicarpa arborea,callicarpa_arborea,Thailand,Thailand,48,15,33,0.3125,0.3125,1.42,0.35,10.0,Tropical_Forest_Mineral_Soil,5.0,6.0,5.0,5.0,,,,,,,,,,,,,,,,2.5
NERC_EIDC_2023_survival_height,real,teme_survival_v4_nerc,,Castanopsis acuminatissima,castanopsis_acuminatissima,Thailand,Thailand,48,30,18,0.625,0.625,1.42,0.5835,10.0,Tropical_Forest_Mineral_Soil,5.0,6.0,5.0,6.0,,,,,,,,,,,,,,,,2.5
NERC_EIDC_2023_survival_height,real,teme_survival_v4_nerc,,Choerospondias axillaris,choerospondias_axillaris,Thailand,Thailand,89,83,6,0.9325842696629213,0.9325842696629213,1.42,0.487,10.0,Tropical_Forest_Mineral_Soil,5.0,6.0,5.0,9.0,,,,,,,,,,,,,,,,2.5
NERC_EIDC_2023_survival_height,real,teme_survival_v4_nerc,,Diospyros glandulosa,diospyros_glandulosa,Thailand,Thailand,108,40,68,0.37037037037037035,0.37037037037037035,1.42,0.683275126,10.0,Tropical_Forest_Mineral_Soil,5.0,6.0,5.0,5.0,,,,,,,,,,,,,,,,2.5
NERC_EIDC_2023_survival_height,real,teme_survival_v4_nerc,,Erythrina subumbrans,erythrina_subumbrans,Thailand,Thailand,48,28,20,0.5833333333333334,0.5833333333333334,1.42,0.23,10.0,Tropical_Forest_Mineral_Soil,5.0,6.0,5.0,10.0,,,,,,,,,,,,,,,,2.5
NERC_EIDC_2023_survival_height,real,teme_survival_v4_nerc,,Erythrina subumbrans,erythrina_subumbrans,Thailand,Thailand,48,43,5,0.8958333333333334,0.8958333333333334,1.42,0.23,10.0,Tropical_Forest_Mineral_Soil,5.0,6.0,5.0,9.0,,,,,,,,,,,,,,,,2.5
NERC_EIDC_2023_survival_height,real,teme_survival_v4_nerc,,Ficus altissima,ficus_altissima,Thailand,Thailand,48,41,7,0.8541666666666666,0.8541666666666666,1.42,0.473,10.0,Tropical_Forest_Mineral_Soil,5.0,6.0,5.0,5.0,,,,,,,,,,,,,,,,2.5
NERC_EIDC_2023_survival_height,real,teme_survival_v4_nerc,,Ficus benjamina,ficus_benjamina,Thailand,Thailand,48,34,14,0.7083333333333334,0.7083333333333334,1.42,0.459333333,10.0,Tropical_Forest_Mineral_Soil,5.0,6.0,5.0,3.0,,,,,,,,,,,,,,,,2.5
NERC_EIDC_2023_survival_height,real,teme_survival_v4_nerc,,Ficus glaberrima,ficus_glaberrima,Thailand,Thailand,48,41,7,0.8541666666666666,0.8541666666666666,1.42,0.405534662,10.0,Tropical_Forest_Mineral_Soil,5.0,6.0,5.0,5.0,,,,,,,,,,,,,,,,2.5
NERC_EIDC_2023_survival_height,real,teme_survival_v4_nerc,,Ficus heteropleura,ficus_heteropleura,Thailand,Thailand,48,26,22,0.5416666666666666,0.5416666666666666,1.42,0.405534662,10.0,Tropical_Forest_Mineral_Soil,5.0,6.0,5.0,3.0,,,,,,,,,,,,,,,,2.5
NERC_EIDC_2023_survival_height,real,teme_survival_v4_nerc,,Ficus hispida,ficus_hispida,Thailand,Thailand,48,42,6,0.875,0.875,1.42,0.3815,10.0,Tropical_Forest_Mineral_Soil,5.0,6.0,5.0,7.0,,,,,,,,,,,,,,,,2.5
NERC_EIDC_2023_survival_height,real,teme_survival_v4_nerc,,Ficus racemosa,ficus_racemosa,Thailand,Thailand,48,34,14,0.7083333333333334,0.7083333333333334,1.42,0.3626,10.0,Tropical_Forest_Mineral_Soil,5.0,6.0,5.0,6.0,,,,,,,,,,,,,,,,2.5
NERC_EIDC_2023_survival_height,real,teme_survival_v4_nerc,,Ficus subulata,ficus_subulata,Thailand,Thailand,48,35,13,0.7291666666666666,0.7291666666666666,1.42,0.405534662,10.0,Tropical_Forest_Mineral_Soil,5.0,6.0,5.0,4.0,,,,,,,,,,,,,,,,2.5
NERC_EIDC_2023_survival_height,real,teme_survival_v4_nerc,,Glochidion kerrii,glochidion_kerrii,Thailand,Thailand,48,23,25,0.4791666666666667,0.4791666666666667,1.42,0.557558824,10.0,Tropical_Forest_Mineral_Soil,5.0,6.0,5.0,3.0,,,,,,,,,,,,,,,,2.5
NERC_EIDC_2023_survival_height,real,teme_survival_v4_nerc,,Gmelina arborea,gmelina_arborea,Thailand,Thailand,48,36,12,0.75,0.75,1.42,0.42975,10.0,Tropical_Forest_Mineral_Soil,5.0,6.0,5.0,7.0,,,,,,,,,,,,,,,,2.5
NERC_EIDC_2023_survival_height,real,teme_survival_v4_nerc,,Gmelina arborea,gmelina_arborea,Thailand,Thailand,48,29,19,0.6041666666666666,0.6041666666666666,1.42,0.42975,10.0,Tropical_Forest_Mineral_Soil,5.0,6.0,5.0,8.0,,,,,,,,,,,,,,,,2.5
NERC_EIDC_2023_survival_height,real,teme_survival_v4_nerc,,Helicia nilagirica,helicia_nilagirica,Thailand,Thailand,96,68,28,0.7083333333333334,0.7083333333333334,1.42,0.641,10.0,Tropical_Forest_Mineral_Soil,5.0,6.0,5.0,2.0,,,,,,,,,,,,,,,,2.5
NERC_EIDC_2023_survival_height,real,teme_survival_v4_nerc,,Heynea trijuga,heynea_trijuga,Thailand,Thailand,48,35,13,0.7291666666666666,0.7291666666666666,1.42,0.594346098,10.0,Tropical_Forest_Mineral_Soil,5.0,6.0,5.0,4.0,,,,,,,,,,,,,,,,2.5
NERC_EIDC_2023_survival_height,real,teme_survival_v4_nerc,,Horsfieldia amygdalina,horsfieldia_amygdalina,Thailand,Thailand,48,10,38,0.20833333333333334,0.20833333333333334,1.42,0.46,10.0,Tropical_Forest_Mineral_Soil,5.0,6.0,5.0,1.0,,,,,,,,,,,,,,,,2.5
NERC_EIDC_2023_survival_height,real,teme_survival_v4_nerc,,Hovenia dulcis,hovenia_dulcis,Thailand,Thailand,60,48,12,0.8,0.8,1.42,0.543,10.0,Tropical_Forest_Mineral_Soil,5.0,6.0,5.0,7.0,,,,,,,,,,,,,,,,2.5
NERC_EIDC_2023_survival_height,real,teme_survival_v4_nerc,,Hovenia dulcis,hovenia_dulcis,Thailand,Thailand,48,41,7,0.8541666666666666,0.8541666666666666,1.42,0.543,10.0,Tropical_Forest_Mineral_Soil,5.0,6.0,5.0,9.0,,,,,,,,,,,,,,,,2.5
NERC_EIDC_2023_survival_height,real,teme_survival_v4_nerc,,Lithocarpus fenestratus,lithocarpus_fenestratus,Thailand,Thailand,48,16,32,0.3333333333333333,0.3333333333333333,1.42,0.673393116,10.0,Tropical_Forest_Mineral_Soil,5.0,6.0,5.0,5.0,,,,,,,,,,,,,,,,2.5
NERC_EIDC_2023_survival_height,real,teme_survival_v4_nerc,,Macaranga denticulata,macaranga_denticulata,Thailand,Thailand,48,14,34,0.2916666666666667,0.2916666666666667,1.42,0.4335,10.0,Tropical_Forest_Mineral_Soil,5.0,6.0,5.0,9.0,,,,,,,,,,,,,,,,2.5
NERC_EIDC_2023_survival_height,real,teme_survival_v4_nerc,,Machilus gamblei,machilus_gamblei,Thailand,Thailand,48,32,16,0.6666666666666666,0.6666666666666666,1.42,0.56441757,10.0,Tropical_Forest_Mineral_Soil,5.0,6.0,5.0,8.0,,,,,,,,,,,,,,,,2.5
NERC_EIDC_2023_survival_height,real,teme_survival_v4_nerc,,Magnolia garrettii,magnolia_garrettii,Thailand,Thailand,108,52,56,0.48148148148148145,0.48148148148148145,1.42,0.504583333,10.0,Tropical_Forest_Mineral_Soil,5.0,6.0,5.0,6.0,,,,,,,,,,,,,,,,2.5
NERC_EIDC_2023_survival_height,real,teme_survival_v4_nerc,,Melia azedarach,melia_azedarach,Thailand,Thailand,60,59,1,0.9833333333333333,0.9833333333333333,1.42,0.437777778,10.0,Tropical_Forest_Mineral_Soil,5.0,6.0,5.0,10.0,,,,,,,,,,,,,,,,2.5
NERC_EIDC_2023_survival_height,real,teme_survival_v4_nerc,,Melia azedarach,melia_azedarach,Thailand,Thailand,48,29,19,0.6041666666666666,0.6041666666666666,1.42,0.437777778,10.0,Tropical_Forest_Mineral_Soil,5.0,6.0,5.0,5.0,,,,,,,,,,,,,,,,2.5
NERC_EIDC_2023_survival_height,real,teme_survival_v4_nerc,,Michelia baillonii,michelia_baillonii,Thailand,Thailand,47,29,18,0.6170212765957447,0.6170212765957447,1.42,0.544666667,10.0,Tropical_Forest_Mineral_Soil,5.0,6.0,5.0,8.0,,,,,,,,,,,,,,,,2.5
NERC_EIDC_2023_survival_height,real,teme_survival_v4_nerc,,Neocinnamomum caudatum,neocinnamomum_caudatum,Thailand,Thailand,48,18,30,0.375,0.375,1.42,0.56441757,10.0,Tropical_Forest_Mineral_Soil,5.0,6.0,5.0,4.0,,,,,,,,,,,,,,,,2.5
NERC_EIDC_2023_survival_height,real,teme_survival_v4_nerc,,Nyssa javanica,nyssa_javanica,Thailand,Thailand,48,27,21,0.5625,0.5625,1.42,0.48,10.0,Tropical_Forest_Mineral_Soil,5.0,6.0,5.0,9.0,,,,,,,,,,,,,,,,2.5
NERC_EIDC_2023_survival_height,real,teme_survival_v4_nerc,,Phoebe cathia,phoebe_cathia,Thailand,Thailand,48,9,39,0.1875,0.1875,1.42,0.538217949,10.0,Tropical_Forest_Mineral_Soil,5.0,6.0,5.0,10.0,,,,,,,,,,,,,,,,2.5
NERC_EIDC_2023_survival_height,real,teme_survival_v4_nerc,,Prunus campanulata,prunus_campanulata,Thailand,Thailand,60,52,8,0.8666666666666667,0.8666666666666667,1.42,0.585666667,10.0,Tropical_Forest_Mineral_Soil,5.0,6.0,5.0,9.0,,,,,,,,,,,,,,,,2.5
NERC_EIDC_2023_survival_height,real,teme_survival_v4_nerc,,Prunus campanulata,prunus_campanulata,Thailand,Thailand,48,23,25,0.4791666666666667,0.4791666666666667,1.42,0.585666667,10.0,Tropical_Forest_Mineral_Soil,5.0,6.0,5.0,10.0,,,,,,,,,,,,,,,,2.5
NERC_EIDC_2023_survival_height,real,teme_survival_v4_nerc,,Pterocarpus macrocarpus,pterocarpus_macrocarpus,Thailand,Thailand,48,22,26,0.4583333333333333,0.4583333333333333,1.42,0.7,10.0,Tropical_Forest_Mineral_Soil,5.0,6.0,5.0,1.0,,,,,,,,,,,,,,,,2.5
NERC_EIDC_2023_survival_height,real,teme_survival_v4_nerc,,Quercus semiserrata,quercus_semiserrata,Thailand,Thailand,60,43,17,0.7166666666666667,0.7166666666666667,1.42,0.712333333,10.0,Tropical_Forest_Mineral_Soil,5.0,6.0,5.0,4.0,,,,,,,,,,,,,,,,2.5
NERC_EIDC_2023_survival_height,real,teme_survival_v4_nerc,,Quercus semiserrata,quercus_semiserrata,Thailand,Thailand,48,23,25,0.4791666666666667,0.4791666666666667,1.42,0.712333333,10.0,Tropical_Forest_Mineral_Soil,5.0,6.0,5.0,5.0,,,,,,,,,,,,,,,,2.5
NERC_EIDC_2023_survival_height,real,teme_survival_v4_nerc,,Sapindus rarak,sapindus_rarak,Thailand,Thailand,84,67,17,0.7976190476190477,0.7976190476190477,1.42,0.51,10.0,Tropical_Forest_Mineral_Soil,5.0,6.0,5.0,5.0,,,,,,,,,,,,,,,,2.5
NERC_EIDC_2023_survival_height,real,teme_survival_v4_nerc,,Sapindus rarak,sapindus_rarak,Thailand,Thailand,48,12,36,0.25,0.25,1.42,0.51,10.0,Tropical_Forest_Mineral_Soil,5.0,6.0,5.0,6.0,,,,,,,,,,,,,,,,2.5
NERC_EIDC_2023_survival_height,real,teme_survival_v4_nerc,,Sarcosperma arboreum,sarcosperma_arboreum,Thailand,Thailand,84,64,20,0.7619047619047619,0.7619047619047619,1.42,0.413,10.0,Tropical_Forest_Mineral_Soil,5.0,6.0,5.0,4.0,,,,,,,,,,,,,,,,2.5
NERC_EIDC_2023_survival_height,real,teme_survival_v4_nerc,,Toxicodendron rhetsoides,toxicodendron_rhetsoides,Thailand,Thailand,48,42,6,0.875,0.875,1.42,0.566013283,10.0,Tropical_Forest_Mineral_Soil,5.0,6.0,5.0,10.0,,,,,,,,,,,,,,,,2.5
NERC_EIDC_2023_survival_height,real,teme_survival_v4_nerc,,Erythrina subumbrans,erythrina_subumbrans,Chiang Mai,Chiang Mai,370,296,74,0.8,0.8,0.67,0.23,10.0,Tropical_Forest_Mineral_Soil,5.0,8.0,5.0,10.0,,,,,,,,,,,,,,,,1.6666666666666665
NERC_EIDC_2023_survival_height,real,teme_survival_v4_nerc,,Erythrina subumbrans,erythrina_subumbrans,Chiang Mai,Chiang Mai,370,370,0,1.0,1.0,0.67,0.23,10.0,Tropical_Forest_Mineral_Soil,5.0,8.0,5.0,10.0,,,,,,,,,,,,,,,,1.6666666666666665
NERC_EIDC_2023_survival_height,real,teme_survival_v4_nerc,,Erythrina subumbrans,erythrina_subumbrans,Chiang Mai,Chiang Mai,370,344,26,0.9297297297297298,0.9297297297297298,0.67,0.23,10.0,Tropical_Forest_Mineral_Soil,5.0,8.0,5.0,10.0,,,,,,,,,,,,,,,,1.6666666666666665
NERC_EIDC_2023_survival_height,real,teme_survival_v4_nerc,,Erythrina subumbrans,erythrina_subumbrans,Chiang Mai,Chiang Mai,370,370,0,1.0,1.0,0.67,0.23,10.0,Tropical_Forest_Mineral_Soil,5.0,8.0,5.0,10.0,,,,,,,,,,,,,,,,1.6666666666666665
NERC_EIDC_2023_survival_height,real,teme_survival_v4_nerc,,Gmelina arborea,gmelina_arborea,Chiang Mai,Chiang Mai,370,339,31,0.9162162162162162,0.9162162162162162,0.67,0.42975,10.0,Tropical_Forest_Mineral_Soil,5.0,8.0,5.0,1.0,,,,,,,,,,,,,,,,1.6666666666666665
NERC_EIDC_2023_survival_height,real,teme_survival_v4_nerc,,Gmelina arborea,gmelina_arborea,Chiang Mai,Chiang Mai,370,216,154,0.5837837837837838,0.5837837837837838,0.67,0.42975,10.0,Tropical_Forest_Mineral_Soil,5.0,8.0,5.0,1.0,,,,,,,,,,,,,,,,1.6666666666666665
NERC_EIDC_2023_survival_height,real,teme_survival_v4_nerc,,Gmelina arborea,gmelina_arborea,Chiang Mai,Chiang Mai,370,269,101,0.727027027027027,0.727027027027027,0.67,0.42975,10.0,Tropical_Forest_Mineral_Soil,5.0,8.0,5.0,2.0,,,,,,,,,,,,,,,,1.6666666666666665
NERC_EIDC_2023_survival_height,real,teme_survival_v4_nerc,,Gmelina arborea,gmelina_arborea,Chiang Mai,Chiang Mai,370,247,123,0.6675675675675675,0.6675675675675675,0.67,0.42975,10.0,Tropical_Forest_Mineral_Soil,5.0,8.0,5.0,5.0,,,,,,,,,,,,,,,,1.6666666666666665
NERC_EIDC_2023_survival_height,real,teme_survival_v4_nerc,,Hovenia dulcis,hovenia_dulcis,Chiang Mai,Chiang Mai,370,296,74,0.8,0.8,0.67,0.543,10.0,Tropical_Forest_Mineral_Soil,5.0,8.0,5.0,8.0,,,,,,,,,,,,,,,,1.6666666666666665
NERC_EIDC_2023_survival_height,real,teme_survival_v4_nerc,,Hovenia dulcis,hovenia_dulcis,Chiang Mai,Chiang Mai,370,285,85,0.7702702702702703,0.7702702702702703,0.67,0.543,10.0,Tropical_Forest_Mineral_Soil,5.0,8.0,5.0,7.0,,,,,,,,,,,,,,,,1.6666666666666665
NERC_EIDC_2023_survival_height,real,teme_survival_v4_nerc,,Hovenia dulcis,hovenia_dulcis,Chiang Mai,Chiang Mai,370,324,46,0.8756756756756757,0.8756756756756757,0.67,0.543,10.0,Tropical_Forest_Mineral_Soil,5.0,8.0,5.0,5.0,,,,,,,,,,,,,,,,1.6666666666666665
NERC_EIDC_2023_survival_height,real,teme_survival_v4_nerc,,Hovenia dulcis,hovenia_dulcis,Chiang Mai,Chiang Mai,370,222,148,0.6,0.6,0.67,0.543,10.0,Tropical_Forest_Mineral_Soil,5.0,8.0,5.0,7.0,,,,,,,,,,,,,,,,1.6666666666666665
NERC_EIDC_2023_survival_height,real,teme_survival_v4_nerc,,Melia azedarach,melia_azedarach,Chiang Mai,Chiang Mai,370,370,0,1.0,1.0,0.67,0.437777778,10.0,Tropical_Forest_Mineral_Soil,5.0,8.0,5.0,10.0,,,,,,,,,,,,,,,,1.6666666666666665
NERC_EIDC_2023_survival_height,real,teme_survival_v4_nerc,,Melia azedarach,melia_azedarach,Chiang Mai,Chiang Mai,370,345,25,0.9324324324324325,0.9324324324324325,0.67,0.437777778,10.0,Tropical_Forest_Mineral_Soil,5.0,8.0,5.0,9.0,,,,,,,,,,,,,,,,1.6666666666666665
NERC_EIDC_2023_survival_height,real,teme_survival_v4_nerc,,Melia azedarach,melia_azedarach,Chiang Mai,Chiang Mai,370,317,53,0.8567567567567568,0.8567567567567568,0.67,0.437777778,10.0,Tropical_Forest_Mineral_Soil,5.0,8.0,5.0,10.0,,,,,,,,,,,,,,,,1.6666666666666665
NERC_EIDC_2023_survival_height,real,teme_survival_v4_nerc,,Melia azedarach,melia_azedarach,Chiang Mai,Chiang Mai,370,313,57,0.845945945945946,0.845945945945946,0.67,0.437777778,10.0,Tropical_Forest_Mineral_Soil,5.0,8.0,5.0,4.0,,,,,,,,,,,,,,,,1.6666666666666665
NERC_EIDC_2023_survival_height,real,teme_survival_v4_nerc,,Prunus campanulata,prunus_campanulata,Chiang Mai,Chiang Mai,370,228,142,0.6162162162162163,0.6162162162162163,0.67,0.585666667,10.0,Tropical_Forest_Mineral_Soil,5.0,8.0,5.0,9.0,,,,,,,,,,,,,,,,1.6666666666666665
NERC_EIDC_2023_survival_height,real,teme_survival_v4_nerc,,Prunus campanulata,prunus_campanulata,Chiang Mai,Chiang Mai,370,296,74,0.8,0.8,0.67,0.585666667,10.0,Tropical_Forest_Mineral_Soil,5.0,8.0,5.0,9.0,,,,,,,,,,,,,,,,1.6666666666666665
NERC_EIDC_2023_survival_height,real,teme_survival_v4_nerc,,Prunus campanulata,prunus_campanulata,Chiang Mai,Chiang Mai,370,231,139,0.6243243243243243,0.6243243243243243,0.67,0.585666667,10.0,Tropical_Forest_Mineral_Soil,5.0,8.0,5.0,10.0,,,,,,,,,,,,,,,,1.6666666666666665
NERC_EIDC_2023_survival_height,real,teme_survival_v4_nerc,,Prunus campanulata,prunus_campanulata,Chiang Mai,Chiang Mai,370,317,53,0.8567567567567568,0.8567567567567568,0.67,0.585666667,10.0,Tropical_Forest_Mineral_Soil,5.0,8.0,5.0,9.0,,,,,,,,,,,,,,,,1.6666666666666665
NERC_EIDC_2023_survival_height,real,teme_survival_v4_nerc,,Sapindus rarak,sapindus_rarak,Chiang Mai,Chiang Mai,370,352,18,0.9513513513513514,0.9513513513513514,0.67,0.51,10.0,Tropical_Forest_Mineral_Soil,5.0,8.0,5.0,9.0,,,,,,,,,,,,,,,,1.6666666666666665
NERC_EIDC_2023_survival_height,real,teme_survival_v4_nerc,,Sapindus rarak,sapindus_rarak,Chiang Mai,Chiang Mai,370,352,18,0.9513513513513514,0.9513513513513514,0.67,0.51,10.0,Tropical_Forest_Mineral_Soil,5.0,8.0,5.0,9.0,,,,,,,,,,,,,,,,1.6666666666666665
NERC_EIDC_2023_survival_height,real,teme_survival_v4_nerc,,Sapindus rarak,sapindus_rarak,Chiang Mai,Chiang Mai,370,259,111,0.7,0.7,0.67,0.51,10.0,Tropical_Forest_Mineral_Soil,5.0,8.0,5.0,9.0,,,,,,,,,,,,,,,,1.6666666666666665
NERC_EIDC_2023_survival_height,real,teme_survival_v4_nerc,,Sapindus rarak,sapindus_rarak,Chiang Mai,Chiang Mai,370,312,58,0.8432432432432433,0.8432432432432433,0.67,0.51,10.0,Tropical_Forest_Mineral_Soil,5.0,8.0,5.0,4.0,,,,,,,,,,,,,,,,1.6666666666666665
NERC_EIDC_2023_survival_height,real,teme_survival_v4_nerc,,Dimocarpus longan,dimocarpus_longan,Sri Lanka,Sri Lanka,48,9,39,0.1875,0.1875,2.33,0.7,,Tropical_Forest_Mineral_Soil,5.0,1.0,5.0,1.0,,,,,,,,,,,,,,,,1.6666666666666665
NERC_EIDC_2023_survival_height,real,teme_survival_v4_nerc,,Dimocarpus longan,dimocarpus_longan,Sri Lanka,Sri Lanka,48,16,32,0.3333333333333333,0.3333333333333333,2.33,0.7,,Tropical_Forest_Mineral_Soil,5.0,1.0,5.0,1.0,,,,,,,,,,,,,,,,0.8333333333333333
NERC_EIDC_2023_survival_height,real,teme_survival_v4_nerc,,Macaranga indica,macaranga_indica,Sri Lanka,Sri Lanka,48,1,47,0.020833333333333332,0.020833333333333332,2.33,0.382929167,,Tropical_Forest_Mineral_Soil,5.0,1.0,5.0,1.0,,,,,,,,,,,,,,,,1.6666666666666665
NERC_EIDC_2023_survival_height,real,teme_survival_v4_nerc,,Macaranga indica,macaranga_indica,Sri Lanka,Sri Lanka,48,11,37,0.22916666666666666,0.22916666666666666,2.33,0.382929167,,Tropical_Forest_Mineral_Soil,5.0,1.0,5.0,1.0,,,,,,,,,,,,,,,,0.8333333333333333
NERC_EIDC_2023_survival_height,real,teme_survival_v4_nerc,,Symplocos cochinchinensis,symplocos_cochinchinensis,Sri Lanka,Sri Lanka,48,16,32,0.3333333333333333,0.3333333333333333,2.33,0.515,,Tropical_Forest_Mineral_Soil,5.0,1.0,5.0,2.0,,,,,,,,,,,,,,,,1.6666666666666665
NERC_EIDC_2023_survival_height,real,teme_survival_v4_nerc,,Symplocos cochinchinensis,symplocos_cochinchinensis,Sri Lanka,Sri Lanka,48,26,22,0.5416666666666666,0.5416666666666666,2.33,0.515,,Tropical_Forest_Mineral_Soil,5.0,1.0,5.0,1.0,,,,,,,,,,,,,,,,0.8333333333333333
NERC_EIDC_2023_survival_height,real,teme_survival_v4_nerc,,Syzygium spathulatum,syzygium_spathulatum,Sri Lanka,Sri Lanka,48,2,46,0.041666666666666664,0.041666666666666664,2.33,0.664366667,,Tropical_Forest_Mineral_Soil,5.0,1.0,5.0,1.0,,,,,,,,,,,,,,,,1.6666666666666665
NERC_EIDC_2023_survival_height,real,teme_survival_v4_nerc,,Syzygium spathulatum,syzygium_spathulatum,Sri Lanka,Sri Lanka,48,2,46,0.041666666666666664,0.041666666666666664,2.33,0.664366667,,Tropical_Forest_Mineral_Soil,5.0,1.0,5.0,1.0,,,,,,,,,,,,,,,,0.8333333333333333
NERC_EIDC_2023_survival_height,real,teme_survival_v4_nerc,,Dryobalanops lanceolata,dryobalanops_lanceolata,Sabah,Sabah,247,247,0,1.0,1.0,1.0,0.62,48.0,Tropical_Forest_Mineral_Soil,5.0,3.0,5.0,5.0,,,,,,,,,,,,,,,,0.8333333333333333
NERC_EIDC_2023_survival_height,real,teme_survival_v4_nerc,,Dryobalanops lanceolata,dryobalanops_lanceolata,Sabah,Sabah,100,98,2,0.98,0.98,1.0,0.62,48.0,Tropical_Forest_Mineral_Soil,5.0,3.0,5.0,5.0,,,,,,,,,,,,,,,,2.5
NERC_EIDC_2023_survival_height,real,teme_survival_v4_nerc,,Dryobalanops lanceolata,dryobalanops_lanceolata,Sabah,Sabah,41,32,9,0.7804878048780488,0.7804878048780488,1.0,0.62,48.0,Tropical_Forest_Mineral_Soil,5.0,3.0,5.0,5.0,,,,,,,,,,,,,,,,1.6666666666666665
NERC_EIDC_2023_survival_height,real,teme_survival_v4_nerc,,Dryobalanops lanceolata,dryobalanops_lanceolata,Sabah,Sabah,696,274,422,0.3936781609195402,0.3936781609195402,21.0,0.62,,Tropical_Forest_Mineral_Soil,5.0,3.0,5.0,5.0,,,,,,,,,,,,,,,,1.6666666666666665
NERC_EIDC_2023_survival_height,real,teme_survival_v4_nerc,,Dryobalanops lanceolata,dryobalanops_lanceolata,Sabah,Sabah,930,194,736,0.2086021505376344,0.2086021505376344,21.0,0.62,,Tropical_Forest_Mineral_Soil,5.0,3.0,5.0,5.0,,,,,,,,,,,,,,,,1.6666666666666665
NERC_EIDC_2023_survival_height,real,teme_survival_v4_nerc,,Eusideroxylon zwageri,eusideroxylon_zwageri,Sabah,Sabah,51,51,0,1.0,1.0,1.0,0.786666667,48.0,Tropical_Forest_Mineral_Soil,5.0,3.0,5.0,5.0,,,,,,,,,,,,,,,,2.5
NERC_EIDC_2023_survival_height,real,teme_survival_v4_nerc,,Eusideroxylon zwageri,eusideroxylon_zwageri,Sabah,Sabah,409,409,0,1.0,1.0,1.0,0.786666667,48.0,Tropical_Forest_Mineral_Soil,5.0,3.0,5.0,5.0,,,,,,,,,,,,,,,,0.8333333333333333
NERC_EIDC_2023_survival_height,real,teme_survival_v4_nerc,,Eusideroxylon zwageri,eusideroxylon_zwageri,Sabah,Sabah,8,0,8,0.0,0.0,1.0,0.786666667,48.0,Tropical_Forest_Mineral_Soil,5.0,3.0,5.0,5.0,,,,,,,,,,,,,,,,0.0
NERC_EIDC_2023_survival_height,real,teme_survival_v4_nerc,,Hopea sangal,hopea_sangal,Sabah,Sabah,20,19,1,0.95,0.95,1.0,0.714693989,48.0,Tropical_Forest_Mineral_Soil,5.0,3.0,5.0,5.0,,,,,,,,,,,,,,,,1.6666666666666665
NERC_EIDC_2023_survival_height,real,teme_survival_v4_nerc,,Hopea sangal,hopea_sangal,Sabah,Sabah,1,0,1,0.0,0.0,1.0,0.714693989,48.0,Tropical_Forest_Mineral_Soil,5.0,3.0,5.0,5.0,,,,,,,,,,,,,,,,2.5
NERC_EIDC_2023_survival_height,real,teme_survival_v4_nerc,,Hopea sangal,hopea_sangal,Sabah,Sabah,55,51,4,0.9272727272727272,0.9272727272727272,1.0,0.714693989,48.0,Tropical_Forest_Mineral_Soil,5.0,3.0,5.0,5.0,,,,,,,,,,,,,,,,0.8333333333333333
NERC_EIDC_2023_survival_height,real,teme_survival_v4_nerc,,Parashorea sp,parashorea_sp,Sabah,Sabah,407,62,345,0.15233415233415235,0.15233415233415235,21.0,0.5535,,Tropical_Forest_Mineral_Soil,5.0,3.0,5.0,5.0,,,,,,,,,,,,,,,,1.6666666666666665
NERC_EIDC_2023_survival_height,real,teme_survival_v4_nerc,,Parashorea sp,parashorea_sp,Sabah,Sabah,100,4,96,0.04,0.04,21.0,0.5535,,Tropical_Forest_Mineral_Soil,5.0,3.0,5.0,5.0,,,,,,,,,,,,,,,,1.6666666666666665
NERC_EIDC_2023_survival_height,real,teme_survival_v4_nerc,,Parashorea tomentella,parashorea_tomentella,Sabah,Sabah,8,0,8,0.0,0.0,1.0,0.5535,48.0,Tropical_Forest_Mineral_Soil,5.0,3.0,5.0,5.0,,,,,,,,,,,,,,,,2.5
NERC_EIDC_2023_survival_height,real,teme_survival_v4_nerc,,Parashorea tomentella,parashorea_tomentella,Sabah,Sabah,2,0,2,0.0,0.0,1.0,0.5535,48.0,Tropical_Forest_Mineral_Soil,5.0,3.0,5.0,5.0,,,,,,,,,,,,,,,,0.0
NERC_EIDC_2023_survival_height,real,teme_survival_v4_nerc,,Parashorea tomentella,parashorea_tomentella,Sabah,Sabah,19,19,0,1.0,1.0,1.0,0.5535,48.0,Tropical_Forest_Mineral_Soil,5.0,3.0,5.0,5.0,,,,,,,,,,,,,,,,0.8333333333333333
NERC_EIDC_2023_survival_height,real,teme_survival_v4_nerc,,Shorea argentifolia,shorea_argentifolia,Sabah,Sabah,5,0,5,0.0,0.0,1.0,0.52,48.0,Tropical_Forest_Mineral_Soil,5.0,3.0,5.0,5.0,,,,,,,,,,,,,,,,2.5
NERC_EIDC_2023_survival_height,real,teme_survival_v4_nerc,,Shorea argentifolia,shorea_argentifolia,Sabah,Sabah,20,20,0,1.0,1.0,1.0,0.52,48.0,Tropical_Forest_Mineral_Soil,5.0,3.0,5.0,5.0,,,,,,,,,,,,,,,,0.8333333333333333
NERC_EIDC_2023_survival_height,real,teme_survival_v4_nerc,,Shorea fallax,shorea_fallax,Sabah,Sabah,8,0,8,0.0,0.0,1.0,0.5,48.0,Tropical_Forest_Mineral_Soil,5.0,3.0,5.0,5.0,,,,,,,,,,,,,,,,0.0
NERC_EIDC_2023_survival_height,real,teme_survival_v4_nerc,,Shorea fallax,shorea_fallax,Sabah,Sabah,22,22,0,1.0,1.0,1.0,0.5,48.0,Tropical_Forest_Mineral_Soil,5.0,3.0,5.0,5.0,,,,,,,,,,,,,,,,0.8333333333333333
NERC_EIDC_2023_survival_height,real,teme_survival_v4_nerc,,Shorea leprosula,shorea_leprosula,Sabah,Sabah,524,41,483,0.07824427480916031,0.07824427480916031,21.0,0.44,,Tropical_Forest_Mineral_Soil,5.0,3.0,5.0,5.0,,,,,,,,,,,,,,,,1.6666666666666665
NERC_EIDC_2023_survival_height,real,teme_survival_v4_nerc,,Shorea leprosula,shorea_leprosula,Sabah,Sabah,709,55,654,0.07757404795486601,0.07757404795486601,21.0,0.44,,Tropical_Forest_Mineral_Soil,5.0,3.0,5.0,5.0,,,,,,,,,,,,,,,,1.6666666666666665
NERC_EIDC_2023_survival_height,real,teme_survival_v4_nerc,,Shorea macroptera,shorea_macroptera,Sabah,Sabah,2,0,2,0.0,0.0,1.0,0.425,48.0,Tropical_Forest_Mineral_Soil,5.0,3.0,5.0,5.0,,,,,,,,,,,,,,,,2.5
NERC_EIDC_2023_survival_height,real,teme_survival_v4_nerc,,Shorea macroptera,shorea_macroptera,Sabah,Sabah,1,0,1,0.0,0.0,1.0,0.425,48.0,Tropical_Forest_Mineral_Soil,5.0,3.0,5.0,5.0,,,,,,,,,,,,,,,,0.0
NERC_EIDC_2023_survival_height,real,teme_survival_v4_nerc,,Shorea macroptera,shorea_macroptera,Sabah,Sabah,18,18,0,1.0,1.0,1.0,0.425,48.0,Tropical_Forest_Mineral_Soil,5.0,3.0,5.0,5.0,,,,,,,,,,,,,,,,0.8333333333333333
NERC_EIDC_2023_survival_height,real,teme_survival_v4_nerc,,Shorea ovalis,shorea_ovalis,Sabah,Sabah,184,2,182,0.010869565217391304,0.010869565217391304,21.0,0.43,,Tropical_Forest_Mineral_Soil,5.0,3.0,5.0,5.0,,,,,,,,,,,,,,,,1.6666666666666665
NERC_EIDC_2023_survival_height,real,teme_survival_v4_nerc,,Shorea ovalis,shorea_ovalis,Sabah,Sabah,231,23,208,0.09956709956709957,0.09956709956709957,21.0,0.43,,Tropical_Forest_Mineral_Soil,5.0,3.0,5.0,5.0,,,,,,,,,,,,,,,,1.6666666666666665
NERC_EIDC_2023_survival_height,real,teme_survival_v4_nerc,,Shorea parvifolia,shorea_parvifolia,Sabah,Sabah,8,0,8,0.0,0.0,1.0,0.405,48.0,Tropical_Forest_Mineral_Soil,5.0,3.0,5.0,5.0,,,,,,,,,,,,,,,,2.5
NERC_EIDC_2023_survival_height,real,teme_survival_v4_nerc,,Shorea parvifolia,shorea_parvifolia,Sabah,Sabah,1,0,1,0.0,0.0,1.0,0.405,48.0,Tropical_Forest_Mineral_Soil,5.0,3.0,5.0,5.0,,,,,,,,,,,,,,,,0.0
NERC_EIDC_2023_survival_height,real,teme_survival_v4_nerc,,Shorea parvifolia,shorea_parvifolia,Sabah,Sabah,11,11,0,1.0,1.0,1.0,0.405,48.0,Tropical_Forest_Mineral_Soil,5.0,3.0,5.0,5.0,,,,,,,,,,,,,,,,0.8333333333333333
NERC_EIDC_2023_survival_height,real,teme_survival_v4_nerc,,Shorea smithiana,shorea_smithiana,Sabah,Sabah,2,0,2,0.0,0.0,1.0,0.355,48.0,Tropical_Forest_Mineral_Soil,5.0,3.0,5.0,5.0,,,,,,,,,,,,,,,,2.5
NERC_EIDC_2023_survival_height,real,teme_survival_v4_nerc,,Shorea smithiana,shorea_smithiana,Sabah,Sabah,75,0,75,0.0,0.0,1.0,0.355,48.0,Tropical_Forest_Mineral_Soil,5.0,3.0,5.0,5.0,,,,,,,,,,,,,,,,0.0
NERC_EIDC_2023_survival_height,real,teme_survival_v4_nerc,,Shorea smithiana,shorea_smithiana,Sabah,Sabah,69,69,0,1.0,1.0,1.0,0.355,48.0,Tropical_Forest_Mineral_Soil,5.0,3.0,5.0,5.0,,,,,,,,,,,,,,,,0.8333333333333333
NERC_EIDC_2023_survival_height,real,teme_survival_v4_nerc,,Vatica albiramis,vatica_albiramis,Sabah,Sabah,67,67,0,1.0,1.0,1.0,0.706897436,48.0,Tropical_Forest_Mineral_Soil,5.0,3.0,5.0,5.0,,,,,,,,,,,,,,,,0.8333333333333333
NERC_EIDC_2023_survival_height,real,teme_survival_v4_nerc,,Vatica albiramis,vatica_albiramis,Sabah,Sabah,105,104,1,0.9904761904761905,0.9904761904761905,1.0,0.706897436,48.0,Tropical_Forest_Mineral_Soil,5.0,3.0,5.0,5.0,,,,,,,,,,,,,,,,1.6666666666666665
NERC_EIDC_2023_survival_height,real,teme_survival_v4_nerc,,Calophyllum lowei,calophyllum_lowei,Riau,Riau,75,50,25,0.6666666666666666,0.6666666666666666,0.83,0.669211656,,Tropical_Peat_Swamp_Forest,2.0,3.0,5.0,5.0,,,,,,,,,,,,,,,,0.8333333333333333
NERC_EIDC_2023_survival_height,real,teme_survival_v4_nerc,,Calophyllum lowei,calophyllum_lowei,Riau,Riau,75,39,36,0.52,0.52,0.83,0.669211656,,Tropical_Peat_Swamp_Forest,2.0,3.0,5.0,5.0,,,,,,,,,,,,,,,,0.0
NERC_EIDC_2023_survival_height,real,teme_survival_v4_nerc,,Cratoxylum arborescens,cratoxylum_arborescens,Riau,Riau,12,9,3,0.75,0.75,2.0,0.433333333,,Tropical_Peat_Swamp_Forest,2.0,3.0,5.0,5.0,,,,,,,,,,,,,,,,0.8333333333333333
NERC_EIDC_2023_survival_height,real,teme_survival_v4_nerc,,Cratoxylum arborescens,cratoxylum_arborescens,Riau,Riau,12,12,0,1.0,1.0,0.83,0.433333333,,Tropical_Peat_Swamp_Forest,2.0,3.0,5.0,5.0,,,,,,,,,,,,,,,,0.0
NERC_EIDC_2023_survival_height,real,teme_survival_v4_nerc,,Cratoxylum arborescens,cratoxylum_arborescens,Riau,Riau,12,12,0,1.0,1.0,0.83,0.433333333,,Tropical_Peat_Swamp_Forest,2.0,3.0,5.0,5.0,,,,,,,,,,,,,,,,0.8333333333333333
NERC_EIDC_2023_survival_height,real,teme_survival_v4_nerc,,Dyera polyphylla,dyera_polyphylla,Riau,Riau,500,255,245,0.51,0.51,0.83,0.33,,Tropical_Peat_Swamp_Forest,2.0,3.0,5.0,5.0,,,,,,,,,,,,,,,,0.0
NERC_EIDC_2023_survival_height,real,teme_survival_v4_nerc,,Dyera polyphylla,dyera_polyphylla,Riau,Riau,500,179,321,0.358,0.358,2.0,0.33,,Tropical_Peat_Swamp_Forest,2.0,3.0,5.0,5.0,,,,,,,,,,,,,,,,0.8333333333333333
NERC_EIDC_2023_survival_height,real,teme_survival_v4_nerc,,Dyera polyphylla,dyera_polyphylla,Riau,Riau,500,323,177,0.646,0.646,0.83,0.33,,Tropical_Peat_Swamp_Forest,2.0,3.0,5.0,5.0,,,,,,,,,,,,,,,,0.8333333333333333
NERC_EIDC_2023_survival_height,real,teme_survival_v4_nerc,,Palaquium burckii,palaquium_burckii,Riau,Riau,32,24,8,0.75,0.75,0.83,0.558016667,,Tropical_Peat_Swamp_Forest,2.0,3.0,5.0,5.0,,,,,,,,,,,,,,,,0.0
NERC_EIDC_2023_survival_height,real,teme_survival_v4_nerc,,Palaquium burckii,palaquium_burckii,Riau,Riau,32,32,0,1.0,1.0,0.83,0.558016667,,Tropical_Peat_Swamp_Forest,2.0,3.0,5.0,5.0,,,,,,,,,,,,,,,,0.8333333333333333
NERC_EIDC_2023_survival_height,real,teme_survival_v4_nerc,,Palaquium burckii,palaquium_burckii,Riau,Riau,32,21,11,0.65625,0.65625,2.0,0.558016667,,Tropical_Peat_Swamp_Forest,2.0,3.0,5.0,5.0,,,,,,,,,,,,,,,,0.8333333333333333
NERC_EIDC_2023_survival_height,real,teme_survival_v4_nerc,,Palaquium sumatranum,palaquium_sumatranum,Riau,Riau,118,58,60,0.4915254237288136,0.4915254237288136,2.0,0.52,,Tropical_Peat_Swamp_Forest,2.0,3.0,5.0,5.0,,,,,,,,,,,,,,,,0.8333333333333333
NERC_EIDC_2023_survival_height,real,teme_survival_v4_nerc,,Palaquium sumatranum,palaquium_sumatranum,Riau,Riau,118,91,27,0.7711864406779662,0.7711864406779662,0.83,0.52,,Tropical_Peat_Swamp_Forest,2.0,3.0,5.0,5.0,,,,,,,,,,,,,,,,0.0
NERC_EIDC_2023_survival_height,real,teme_survival_v4_nerc,,Palaquium sumatranum,palaquium_sumatranum,Riau,Riau,118,117,1,0.9915254237288136,0.9915254237288136,0.83,0.52,,Tropical_Peat_Swamp_Forest,2.0,3.0,5.0,5.0,,,,,,,,,,,,,,,,0.8333333333333333
NERC_EIDC_2023_survival_height,real,teme_survival_v4_nerc,,Tetramerista glabra,tetramerista_glabra,Riau,Riau,52,34,18,0.6538461538461539,0.6538461538461539,2.0,0.6,,Tropical_Peat_Swamp_Forest,2.0,3.0,5.0,5.0,,,,,,,,,,,,,,,,0.8333333333333333
NERC_EIDC_2023_survival_height,real,teme_survival_v4_nerc,,Tetramerista glabra,tetramerista_glabra,Riau,Riau,52,40,12,0.7692307692307693,0.7692307692307693,0.83,0.6,,Tropical_Peat_Swamp_Forest,2.0,3.0,5.0,5.0,,,,,,,,,,,,,,,,0.0
NERC_EIDC_2023_survival_height,real,teme_survival_v4_nerc,,Tetramerista glabra,tetramerista_glabra,Riau,Riau,52,44,8,0.8461538461538461,0.8461538461538461,0.83,0.6,,Tropical_Peat_Swamp_Forest,2.0,3.0,5.0,5.0,,,,,,,,,,,,,,,,0.8333333333333333
NERC_EIDC_2023_survival_height,real,teme_survival_v4_nerc,,Combretocarpus rotundatus,combretocarpus_rotundatus,Central Kalimantan,Central Kalimantan,24,16,8,0.6666666666666666,0.6666666666666666,0.58,0.61,6.0,Tropical_Peat_Swamp_Forest,2.0,8.0,5.0,5.0,,,,,,,,,,,,,,,,0.0
NERC_EIDC_2023_survival_height,real,teme_survival_v4_nerc,,Combretocarpus rotundatus,combretocarpus_rotundatus,Central Kalimantan,Central Kalimantan,24,6,18,0.25,0.25,0.58,0.61,6.0,Tropical_Peat_Swamp_Forest,2.0,8.0,5.0,5.0,,,,,,,,,,,,,,,,0.8333333333333333
NERC_EIDC_2023_survival_height,real,teme_survival_v4_nerc,,Combretocarpus rotundatus,combretocarpus_rotundatus,Central Kalimantan,Central Kalimantan,24,13,11,0.5416666666666666,0.5416666666666666,0.58,0.61,6.0,Tropical_Peat_Swamp_Forest,2.0,8.0,5.0,5.0,,,,,,,,,,,,,,,,0.8333333333333333
NERC_EIDC_2023_survival_height,real,teme_survival_v4_nerc,,Combretocarpus rotundatus,combretocarpus_rotundatus,Central Kalimantan,Central Kalimantan,24,1,23,0.041666666666666664,0.041666666666666664,0.58,0.61,6.0,Tropical_Peat_Swamp_Forest,2.0,8.0,5.0,5.0,,,,,,,,,,,,,,,,0.0
NERC_EIDC_2023_survival_height,real,teme_survival_v4_nerc,,Dyera polyphylla,dyera_polyphylla,Central Kalimantan,Central Kalimantan,24,22,2,0.9166666666666666,0.9166666666666666,0.58,0.33,6.0,Tropical_Peat_Swamp_Forest,2.0,8.0,5.0,5.0,,,,,,,,,,,,,,,,0.0
NERC_EIDC_2023_survival_height,real,teme_survival_v4_nerc,,Dyera polyphylla,dyera_polyphylla,Central Kalimantan,Central Kalimantan,24,23,1,0.9583333333333334,0.9583333333333334,0.58,0.33,6.0,Tropical_Peat_Swamp_Forest,2.0,8.0,5.0,5.0,,,,,,,,,,,,,,,,0.8333333333333333
NERC_EIDC_2023_survival_height,real,teme_survival_v4_nerc,,Dyera polyphylla,dyera_polyphylla,Central Kalimantan,Central Kalimantan,24,24,0,1.0,1.0,0.58,0.33,6.0,Tropical_Peat_Swamp_Forest,2.0,8.0,5.0,5.0,,,,,,,,,,,,,,,,0.8333333333333333
NERC_EIDC_2023_survival_height,real,teme_survival_v4_nerc,,Dyera polyphylla,dyera_polyphylla,Central Kalimantan,Central Kalimantan,24,16,8,0.6666666666666666,0.6666666666666666,0.58,0.33,6.0,Tropical_Peat_Swamp_Forest,2.0,8.0,5.0,5.0,,,,,,,,,,,,,,,,0.0
NERC_EIDC_2023_survival_height,real,teme_survival_v4_nerc,,Dyera polyphylla,dyera_polyphylla,Central Kalimantan,Central Kalimantan,49,46,3,0.9387755102040817,0.9387755102040817,0.92,0.33,6.0,Tropical_Peat_Swamp_Forest,2.0,8.0,5.0,1.0,,,,,,,,,,,,,,,,0.0
NERC_EIDC_2023_survival_height,real,teme_survival_v4_nerc,,Dyera polyphylla,dyera_polyphylla,Central Kalimantan,Central Kalimantan,50,37,13,0.74,0.74,0.92,0.33,6.0,Tropical_Peat_Swamp_Forest,2.0,8.0,5.0,1.0,,,,,,,,,,,,,,,,0.8333333333333333
NERC_EIDC_2023_survival_height,real,teme_survival_v4_nerc,,Dyera polyphylla,dyera_polyphylla,Central Kalimantan,Central Kalimantan,40,32,8,0.8,0.8,0.92,0.33,6.0,Tropical_Peat_Swamp_Forest,2.0,8.0,5.0,1.0,,,,,,,,,,,,,,,,0.8333333333333333
NERC_EIDC_2023_survival_height,real,teme_survival_v4_nerc,,Shorea balangeran,shorea_balangeran,Central Kalimantan,Central Kalimantan,80,71,9,0.8875,0.8875,1.0,0.69,6.0,Tropical_Peat_Swamp_Forest,2.0,8.0,5.0,3.0,,,,,,,,,,,,,,,,0.0
NERC_EIDC_2023_survival_height,real,teme_survival_v4_nerc,,Shorea balangeran,shorea_balangeran,Central Kalimantan,Central Kalimantan,80,67,13,0.8375,0.8375,1.0,0.69,6.0,Tropical_Peat_Swamp_Forest,2.0,8.0,5.0,2.0,,,,,,,,,,,,,,,,0.8333333333333333
NERC_EIDC_2023_survival_height,real,teme_survival_v4_nerc,,Shorea balangeran,shorea_balangeran,Central Kalimantan,Central Kalimantan,24,21,3,0.875,0.875,0.58,0.69,6.0,Tropical_Peat_Swamp_Forest,2.0,8.0,5.0,5.0,,,,,,,,,,,,,,,,0.0
NERC_EIDC_2023_survival_height,real,teme_survival_v4_nerc,,Shorea balangeran,shorea_balangeran,Central Kalimantan,Central Kalimantan,24,23,1,0.9583333333333334,0.9583333333333334,0.58,0.69,6.0,Tropical_Peat_Swamp_Forest,2.0,8.0,5.0,5.0,,,,,,,,,,,,,,,,0.8333333333333333
NERC_EIDC_2023_survival_height,real,teme_survival_v4_nerc,,Shorea balangeran,shorea_balangeran,Central Kalimantan,Central Kalimantan,24,21,3,0.875,0.875,0.58,0.69,6.0,Tropical_Peat_Swamp_Forest,2.0,8.0,5.0,5.0,,,,,,,,,,,,,,,,0.8333333333333333
NERC_EIDC_2023_survival_height,real,teme_survival_v4_nerc,,Shorea balangeran,shorea_balangeran,Central Kalimantan,Central Kalimantan,24,14,10,0.5833333333333334,0.5833333333333334,0.58,0.69,6.0,Tropical_Peat_Swamp_Forest,2.0,8.0,5.0,5.0,,,,,,,,,,,,,,,,0.0
NERC_EIDC_2023_survival_height,real,teme_survival_v4_nerc,,Combretocarpus rotundatus,combretocarpus_rotundatus,Central Kalimantan,Central Kalimantan,24,15,9,0.625,0.625,0.58,0.61,6.0,Tropical_Peat_Swamp_Forest,2.0,8.0,5.0,5.0,,,,,,,,,,,,,,,,0.0
NERC_EIDC_2023_survival_height,real,teme_survival_v4_nerc,,Combretocarpus rotundatus,combretocarpus_rotundatus,Central Kalimantan,Central Kalimantan,24,21,3,0.875,0.875,0.58,0.61,6.0,Tropical_Peat_Swamp_Forest,2.0,8.0,5.0,5.0,,,,,,,,,,,,,,,,0.8333333333333333
NERC_EIDC_2023_survival_height,real,teme_survival_v4_nerc,,Combretocarpus rotundatus,combretocarpus_rotundatus,Central Kalimantan,Central Kalimantan,24,18,6,0.75,0.75,0.58,0.61,6.0,Tropical_Peat_Swamp_Forest,2.0,8.0,5.0,5.0,,,,,,,,,,,,,,,,0.8333333333333333
NERC_EIDC_2023_survival_height,real,teme_survival_v4_nerc,,Combretocarpus rotundatus,combretocarpus_rotundatus,Central Kalimantan,Central Kalimantan,24,24,0,1.0,1.0,0.58,0.61,6.0,Tropical_Peat_Swamp_Forest,2.0,8.0,5.0,5.0,,,,,,,,,,,,,,,,0.0
NERC_EIDC_2023_survival_height,real,teme_survival_v4_nerc,,Dyera polyphylla,dyera_polyphylla,Central Kalimantan,Central Kalimantan,24,11,13,0.4583333333333333,0.4583333333333333,0.58,0.33,6.0,Tropical_Peat_Swamp_Forest,2.0,8.0,5.0,5.0,,,,,,,,,,,,,,,,0.0
NERC_EIDC_2023_survival_height,real,teme_survival_v4_nerc,,Dyera polyphylla,dyera_polyphylla,Central Kalimantan,Central Kalimantan,24,10,14,0.4166666666666667,0.4166666666666667,0.58,0.33,6.0,Tropical_Peat_Swamp_Forest,2.0,8.0,5.0,5.0,,,,,,,,,,,,,,,,0.8333333333333333
NERC_EIDC_2023_survival_height,real,teme_survival_v4_nerc,,Dyera polyphylla,dyera_polyphylla,Central Kalimantan,Central Kalimantan,24,7,17,0.2916666666666667,0.2916666666666667,0.58,0.33,6.0,Tropical_Peat_Swamp_Forest,2.0,8.0,5.0,5.0,,,,,,,,,,,,,,,,0.8333333333333333
NERC_EIDC_2023_survival_height,real,teme_survival_v4_nerc,,Dyera polyphylla,dyera_polyphylla,Central Kalimantan,Central Kalimantan,24,10,14,0.4166666666666667,0.4166666666666667,0.58,0.33,6.0,Tropical_Peat_Swamp_Forest,2.0,8.0,5.0,5.0,,,,,,,,,,,,,,,,0.0
NERC_EIDC_2023_survival_height,real,teme_survival_v4_nerc,,Dyera polyphylla,dyera_polyphylla,Central Kalimantan,Central Kalimantan,49,42,7,0.8571428571428571,0.8571428571428571,0.92,0.33,6.0,Tropical_Peat_Swamp_Forest,2.0,8.0,5.0,1.0,,,,,,,,,,,,,,,,0.0
NERC_EIDC_2023_survival_height,real,teme_survival_v4_nerc,,Dyera polyphylla,dyera_polyphylla,Central Kalimantan,Central Kalimantan,50,45,5,0.9,0.9,0.92,0.33,6.0,Tropical_Peat_Swamp_Forest,2.0,8.0,5.0,1.0,,,,,,,,,,,,,,,,0.8333333333333333
NERC_EIDC_2023_survival_height,real,teme_survival_v4_nerc,,Dyera polyphylla,dyera_polyphylla,Central Kalimantan,Central Kalimantan,40,37,3,0.925,0.925,0.92,0.33,6.0,Tropical_Peat_Swamp_Forest,2.0,8.0,5.0,1.0,,,,,,,,,,,,,,,,0.8333333333333333
NERC_EIDC_2023_survival_height,real,teme_survival_v4_nerc,,Shorea balangeran,shorea_balangeran,Central Kalimantan,Central Kalimantan,80,63,17,0.7875,0.7875,1.0,0.69,6.0,Tropical_Peat_Swamp_Forest,2.0,8.0,5.0,2.0,,,,,,,,,,,,,,,,0.0
NERC_EIDC_2023_survival_height,real,teme_survival_v4_nerc,,Shorea balangeran,shorea_balangeran,Central Kalimantan,Central Kalimantan,80,74,6,0.925,0.925,1.0,0.69,6.0,Tropical_Peat_Swamp_Forest,2.0,8.0,5.0,2.0,,,,,,,,,,,,,,,,0.8333333333333333
NERC_EIDC_2023_survival_height,real,teme_survival_v4_nerc,,Shorea balangeran,shorea_balangeran,Central Kalimantan,Central Kalimantan,24,13,11,0.5416666666666666,0.5416666666666666,0.58,0.69,6.0,Tropical_Peat_Swamp_Forest,2.0,8.0,5.0,5.0,,,,,,,,,,,,,,,,0.0
NERC_EIDC_2023_survival_height,real,teme_survival_v4_nerc,,Shorea balangeran,shorea_balangeran,Central Kalimantan,Central Kalimantan,24,17,7,0.7083333333333334,0.7083333333333334,0.58,0.69,6.0,Tropical_Peat_Swamp_Forest,2.0,8.0,5.0,5.0,,,,,,,,,,,,,,,,0.8333333333333333
NERC_EIDC_2023_survival_height,real,teme_survival_v4_nerc,,Shorea balangeran,shorea_balangeran,Central Kalimantan,Central Kalimantan,24,15,9,0.625,0.625,0.58,0.69,6.0,Tropical_Peat_Swamp_Forest,2.0,8.0,5.0,5.0,,,,,,,,,,,,,,,,0.8333333333333333
NERC_EIDC_2023_survival_height,real,teme_survival_v4_nerc,,Shorea balangeran,shorea_balangeran,Central Kalimantan,Central Kalimantan,24,17,7,0.7083333333333334,0.7083333333333334,0.58,0.69,6.0,Tropical_Peat_Swamp_Forest,2.0,8.0,5.0,5.0,,,,,,,,,,,,,,,,0.0
NERC_EIDC_2023_survival_height,real,teme_survival_v4_nerc,,Combretocarpus rotundatus,combretocarpus_rotundatus,Central Kalimantan,Central Kalimantan,24,22,2,0.9166666666666666,0.9166666666666666,0.58,0.61,6.0,Unknown_TropicalAsia,5.0,8.0,5.0,5.0,,,,,,,,,,,,,,,,0.0
NERC_EIDC_2023_survival_height,real,teme_survival_v4_nerc,,Combretocarpus rotundatus,combretocarpus_rotundatus,Central Kalimantan,Central Kalimantan,24,14,10,0.5833333333333334,0.5833333333333334,0.58,0.61,6.0,Unknown_TropicalAsia,5.0,8.0,5.0,5.0,,,,,,,,,,,,,,,,0.8333333333333333
NERC_EIDC_2023_survival_height,real,teme_survival_v4_nerc,,Combretocarpus rotundatus,combretocarpus_rotundatus,Central Kalimantan,Central Kalimantan,24,19,5,0.7916666666666666,0.7916666666666666,0.58,0.61,6.0,Unknown_TropicalAsia,5.0,8.0,5.0,2.0,,,,,,,,,,,,,,,,0.8333333333333333
NERC_EIDC_2023_survival_height,real,teme_survival_v4_nerc,,Combretocarpus rotundatus,combretocarpus_rotundatus,Central Kalimantan,Central Kalimantan,24,3,21,0.125,0.125,0.58,0.61,6.0,Unknown_TropicalAsia,5.0,8.0,5.0,2.0,,,,,,,,,,,,,,,,0.0
NERC_EIDC_2023_survival_height,real,teme_survival_v4_nerc,,Dyera polyphylla,dyera_polyphylla,Central Kalimantan,Central Kalimantan,24,22,2,0.9166666666666666,0.9166666666666666,0.58,0.33,6.0,Unknown_TropicalAsia,5.0,8.0,5.0,5.0,,,,,,,,,,,,,,,,0.0
NERC_EIDC_2023_survival_height,real,teme_survival_v4_nerc,,Dyera polyphylla,dyera_polyphylla,Central Kalimantan,Central Kalimantan,50,46,4,0.92,0.92,0.92,0.33,6.0,Unknown_TropicalAsia,5.0,8.0,5.0,1.0,,,,,,,,,,,,,,,,0.0
NERC_EIDC_2023_survival_height,real,teme_survival_v4_nerc,,Dyera polyphylla,dyera_polyphylla,Central Kalimantan,Central Kalimantan,50,50,0,1.0,1.0,0.92,0.33,6.0,Unknown_TropicalAsia,5.0,8.0,5.0,1.0,,,,,,,,,,,,,,,,0.8333333333333333
NERC_EIDC_2023_survival_height,real,teme_survival_v4_nerc,,Dyera polyphylla,dyera_polyphylla,Central Kalimantan,Central Kalimantan,40,36,4,0.9,0.9,0.92,0.33,6.0,Unknown_TropicalAsia,5.0,8.0,5.0,1.0,,,,,,,,,,,,,,,,0.8333333333333333
NERC_EIDC_2023_survival_height,real,teme_survival_v4_nerc,,Dyera polyphylla,dyera_polyphylla,Central Kalimantan,Central Kalimantan,24,21,3,0.875,0.875,0.58,0.33,6.0,Unknown_TropicalAsia,5.0,8.0,5.0,2.0,,,,,,,,,,,,,,,,0.8333333333333333
NERC_EIDC_2023_survival_height,real,teme_survival_v4_nerc,,Dyera polyphylla,dyera_polyphylla,Central Kalimantan,Central Kalimantan,24,23,1,0.9583333333333334,0.9583333333333334,0.58,0.33,6.0,Unknown_TropicalAsia,5.0,8.0,5.0,1.0,,,,,,,,,,,,,,,,0.8333333333333333
NERC_EIDC_2023_survival_height,real,teme_survival_v4_nerc,,Dyera polyphylla,dyera_polyphylla,Central Kalimantan,Central Kalimantan,24,18,6,0.75,0.75,0.58,0.33,6.0,Unknown_TropicalAsia,5.0,8.0,5.0,2.0,,,,,,,,,,,,,,,,0.0
NERC_EIDC_2023_survival_height,real,teme_survival_v4_nerc,,Shorea balangeran,shorea_balangeran,Central Kalimantan,Central Kalimantan,80,75,5,0.9375,0.9375,1.0,0.69,6.0,Unknown_TropicalAsia,5.0,8.0,5.0,3.0,,,,,,,,,,,,,,,,0.0
NERC_EIDC_2023_survival_height,real,teme_survival_v4_nerc,,Shorea balangeran,shorea_balangeran,Central Kalimantan,Central Kalimantan,24,24,0,1.0,1.0,0.58,0.69,6.0,Unknown_TropicalAsia,5.0,8.0,5.0,2.0,,,,,,,,,,,,,,,,0.8333333333333333
NERC_EIDC_2023_survival_height,real,teme_survival_v4_nerc,,Shorea balangeran,shorea_balangeran,Central Kalimantan,Central Kalimantan,24,21,3,0.875,0.875,0.58,0.69,6.0,Unknown_TropicalAsia,5.0,8.0,5.0,2.0,,,,,,,,,,,,,,,,0.0
NERC_EIDC_2023_survival_height,real,teme_survival_v4_nerc,,Shorea balangeran,shorea_balangeran,Central Kalimantan,Central Kalimantan,24,23,1,0.9583333333333334,0.9583333333333334,0.58,0.69,6.0,Unknown_TropicalAsia,5.0,8.0,5.0,5.0,,,,,,,,,,,,,,,,0.0
NERC_EIDC_2023_survival_height,real,teme_survival_v4_nerc,,Shorea balangeran,shorea_balangeran,Central Kalimantan,Central Kalimantan,80,74,6,0.925,0.925,1.0,0.69,6.0,Unknown_TropicalAsia,5.0,8.0,5.0,3.0,,,,,,,,,,,,,,,,0.8333333333333333
NERC_EIDC_2023_survival_height,real,teme_survival_v4_nerc,,Shorea balangeran,shorea_balangeran,Central Kalimantan,Central Kalimantan,24,24,0,1.0,1.0,0.58,0.69,6.0,Unknown_TropicalAsia,5.0,8.0,5.0,5.0,,,,,,,,,,,,,,,,0.8333333333333333
NERC_EIDC_2023_survival_height,real,teme_survival_v4_nerc,,Combretocarpus rotundatus,combretocarpus_rotundatus,Central Kalimantan,Central Kalimantan,24,19,5,0.7916666666666666,0.7916666666666666,0.58,0.61,6.0,Tropical_Peat_Swamp_Forest,2.0,8.0,5.0,5.0,,,,,,,,,,,,,,,,0.0
NERC_EIDC_2023_survival_height,real,teme_survival_v4_nerc,,Combretocarpus rotundatus,combretocarpus_rotundatus,Central Kalimantan,Central Kalimantan,24,22,2,0.9166666666666666,0.9166666666666666,0.58,0.61,6.0,Tropical_Peat_Swamp_Forest,2.0,8.0,5.0,5.0,,,,,,,,,,,,,,,,0.8333333333333333
NERC_EIDC_2023_survival_height,real,teme_survival_v4_nerc,,Combretocarpus rotundatus,combretocarpus_rotundatus,Central Kalimantan,Central Kalimantan,24,24,0,1.0,1.0,0.58,0.61,6.0,Tropical_Peat_Swamp_Forest,2.0,8.0,5.0,4.0,,,,,,,,,,,,,,,,0.8333333333333333
NERC_EIDC_2023_survival_height,real,teme_survival_v4_nerc,,Combretocarpus rotundatus,combretocarpus_rotundatus,Central Kalimantan,Central Kalimantan,24,17,7,0.7083333333333334,0.7083333333333334,0.58,0.61,6.0,Tropical_Peat_Swamp_Forest,2.0,8.0,5.0,4.0,,,,,,,,,,,,,,,,0.0
NERC_EIDC_2023_survival_height,real,teme_survival_v4_nerc,,Dyera polyphylla,dyera_polyphylla,Central Kalimantan,Central Kalimantan,24,19,5,0.7916666666666666,0.7916666666666666,0.58,0.33,6.0,Tropical_Peat_Swamp_Forest,2.0,8.0,5.0,5.0,,,,,,,,,,,,,,,,0.0
NERC_EIDC_2023_survival_height,real,teme_survival_v4_nerc,,Dyera polyphylla,dyera_polyphylla,Central Kalimantan,Central Kalimantan,49,47,2,0.9591836734693877,0.9591836734693877,0.92,0.33,6.0,Tropical_Peat_Swamp_Forest,2.0,8.0,5.0,1.0,,,,,,,,,,,,,,,,0.0
NERC_EIDC_2023_survival_height,real,teme_survival_v4_nerc,,Dyera polyphylla,dyera_polyphylla,Central Kalimantan,Central Kalimantan,50,44,6,0.88,0.88,0.92,0.33,6.0,Tropical_Peat_Swamp_Forest,2.0,8.0,5.0,1.0,,,,,,,,,,,,,,,,0.8333333333333333
NERC_EIDC_2023_survival_height,real,teme_survival_v4_nerc,,Dyera polyphylla,dyera_polyphylla,Central Kalimantan,Central Kalimantan,40,38,2,0.95,0.95,0.92,0.33,6.0,Tropical_Peat_Swamp_Forest,2.0,8.0,5.0,1.0,,,,,,,,,,,,,,,,0.8333333333333333
NERC_EIDC_2023_survival_height,real,teme_survival_v4_nerc,,Dyera polyphylla,dyera_polyphylla,Central Kalimantan,Central Kalimantan,24,17,7,0.7083333333333334,0.7083333333333334,0.58,0.33,6.0,Tropical_Peat_Swamp_Forest,2.0,8.0,5.0,2.0,,,,,,,,,,,,,,,,0.8333333333333333
NERC_EIDC_2023_survival_height,real,teme_survival_v4_nerc,,Dyera polyphylla,dyera_polyphylla,Central Kalimantan,Central Kalimantan,24,20,4,0.8333333333333334,0.8333333333333334,0.58,0.33,6.0,Tropical_Peat_Swamp_Forest,2.0,8.0,5.0,2.0,,,,,,,,,,,,,,,,0.8333333333333333
NERC_EIDC_2023_survival_height,real,teme_survival_v4_nerc,,Dyera polyphylla,dyera_polyphylla,Central Kalimantan,Central Kalimantan,24,21,3,0.875,0.875,0.58,0.33,6.0,Tropical_Peat_Swamp_Forest,2.0,8.0,5.0,2.0,,,,,,,,,,,,,,,,0.0
NERC_EIDC_2023_survival_height,real,teme_survival_v4_nerc,,Shorea balangeran,shorea_balangeran,Central Kalimantan,Central Kalimantan,80,65,15,0.8125,0.8125,1.0,0.69,6.0,Tropical_Peat_Swamp_Forest,2.0,8.0,5.0,2.0,,,,,,,,,,,,,,,,0.0
NERC_EIDC_2023_survival_height,real,teme_survival_v4_nerc,,Shorea balangeran,shorea_balangeran,Central Kalimantan,Central Kalimantan,24,16,8,0.6666666666666666,0.6666666666666666,0.58,0.69,6.0,Tropical_Peat_Swamp_Forest,2.0,8.0,5.0,2.0,,,,,,,,,,,,,,,,0.8333333333333333
NERC_EIDC_2023_survival_height,real,teme_survival_v4_nerc,,Shorea balangeran,shorea_balangeran,Central Kalimantan,Central Kalimantan,24,20,4,0.8333333333333334,0.8333333333333334,0.58,0.69,6.0,Tropical_Peat_Swamp_Forest,2.0,8.0,5.0,3.0,,,,,,,,,,,,,,,,0.0
NERC_EIDC_2023_survival_height,real,teme_survival_v4_nerc,,Shorea balangeran,shorea_balangeran,Central Kalimantan,Central Kalimantan,24,23,1,0.9583333333333334,0.9583333333333334,0.58,0.69,6.0,Tropical_Peat_Swamp_Forest,2.0,8.0,5.0,5.0,,,,,,,,,,,,,,,,0.0
NERC_EIDC_2023_survival_height,real,teme_survival_v4_nerc,,Shorea balangeran,shorea_balangeran,Central Kalimantan,Central Kalimantan,80,61,19,0.7625,0.7625,1.0,0.69,6.0,Tropical_Peat_Swamp_Forest,2.0,8.0,5.0,2.0,,,,,,,,,,,,,,,,0.8333333333333333
NERC_EIDC_2023_survival_height,real,teme_survival_v4_nerc,,Shorea balangeran,shorea_balangeran,Central Kalimantan,Central Kalimantan,24,23,1,0.9583333333333334,0.9583333333333334,0.58,0.69,6.0,Tropical_Peat_Swamp_Forest,2.0,8.0,5.0,5.0,,,,,,,,,,,,,,,,0.8333333333333333
NERC_EIDC_2023_survival_height,real,teme_survival_v4_nerc,,Alstonia spatulata,alstonia_spatulata,Central Kalimantan,Central Kalimantan,21,0,21,0.0,0.0,2.83,0.34,,Unknown_TropicalAsia,5.0,8.0,5.0,5.0,,,,,,,,,,,,,,,,0.8333333333333333
NERC_EIDC_2023_survival_height,real,teme_survival_v4_nerc,,Dyera polyphylla,dyera_polyphylla,Central Kalimantan,Central Kalimantan,21,0,21,0.0,0.0,2.83,0.33,,Unknown_TropicalAsia,5.0,8.0,5.0,5.0,,,,,,,,,,,,,,,,0.8333333333333333
NERC_EIDC_2023_survival_height,real,teme_survival_v4_nerc,,Shorea balangeran,shorea_balangeran,Central Kalimantan,Central Kalimantan,21,0,21,0.0,0.0,2.83,0.69,,Unknown_TropicalAsia,5.0,8.0,5.0,5.0,,,,,,,,,,,,,,,,0.8333333333333333
NERC_EIDC_2023_survival_height,real,teme_survival_v4_nerc,,Alstonia spatulata,alstonia_spatulata,Central Kalimantan,Central Kalimantan,21,0,21,0.0,0.0,1.42,0.34,,Unknown_TropicalAsia,5.0,8.0,5.0,5.0,,,,,,,,,,,,,,,,0.8333333333333333
NERC_EIDC_2023_survival_height,real,teme_survival_v4_nerc,,Dyera polyphylla,dyera_polyphylla,Central Kalimantan,Central Kalimantan,21,0,21,0.0,0.0,1.42,0.33,,Unknown_TropicalAsia,5.0,8.0,5.0,5.0,,,,,,,,,,,,,,,,0.8333333333333333
NERC_EIDC_2023_survival_height,real,teme_survival_v4_nerc,,Shorea balangeran,shorea_balangeran,Central Kalimantan,Central Kalimantan,21,0,21,0.0,0.0,1.42,0.69,,Unknown_TropicalAsia,5.0,8.0,5.0,5.0,,,,,,,,,,,,,,,,0.8333333333333333
NERC_EIDC_2023_survival_height,real,teme_survival_v4_nerc,,Angelesia splendens,angelesia_splendens,Central Kalimantan,Central Kalimantan,7,0,7,0.0,0.0,3.0,0.805709207,,Unknown_TropicalAsia,5.0,8.0,5.0,5.0,,,,,,,,,,,,,,,,0.8333333333333333
NERC_EIDC_2023_survival_height,real,teme_survival_v4_nerc,,Diospyros evena,diospyros_evena,Central Kalimantan,Central Kalimantan,7,0,7,0.0,0.0,3.0,0.58,,Unknown_TropicalAsia,5.0,8.0,5.0,5.0,,,,,,,,,,,,,,,,0.8333333333333333
NERC_EIDC_2023_survival_height,real,teme_survival_v4_nerc,,Planchonella malaccensis,planchonella_malaccensis,Central Kalimantan,Central Kalimantan,7,0,7,0.0,0.0,3.0,0.714868812,,Unknown_TropicalAsia,5.0,8.0,5.0,5.0,,,,,,,,,,,,,,,,0.8333333333333333
NERC_EIDC_2023_survival_height,real,teme_survival_v4_nerc,,Saraca declinata,saraca_declinata,Central Kalimantan,Central Kalimantan,7,0,7,0.0,0.0,3.0,0.44,,Unknown_TropicalAsia,5.0,8.0,5.0,5.0,,,,,,,,,,,,,,,,0.0
NERC_EIDC_2023_survival_height,real,teme_survival_v4_nerc,,Shorea balangeran,shorea_balangeran,Central Kalimantan,Central Kalimantan,7,0,7,0.0,0.0,3.0,0.69,,Unknown_TropicalAsia,5.0,8.0,5.0,5.0,,,,,,,,,,,,,,,,0.0
NERC_EIDC_2023_survival_height,real,teme_survival_v4_nerc,,Syzygium sp,syzygium_sp,Central Kalimantan,Central Kalimantan,7,0,7,0.0,0.0,3.0,0.679166667,,Unknown_TropicalAsia,5.0,8.0,5.0,5.0,,,,,,,,,,,,,,,,0.0
NERC_EIDC_2023_survival_height,real,teme_survival_v4_nerc,,Syzygium sp,syzygium_sp,Central Kalimantan,Central Kalimantan,7,0,7,0.0,0.0,3.0,0.679166667,,Unknown_TropicalAsia,5.0,8.0,5.0,5.0,,,,,,,,,,,,,,,,0.0
NERC_EIDC_2023_survival_height,real,teme_survival_v4_nerc,,Syzygium sp,syzygium_sp,Central Kalimantan,Central Kalimantan,7,0,7,0.0,0.0,3.0,0.679166667,,Unknown_TropicalAsia,5.0,8.0,5.0,5.0,,,,,,,,,,,,,,,,0.0
NERC_EIDC_2023_survival_height,real,teme_survival_v4_nerc,,Angelesia splendens,angelesia_splendens,Central Kalimantan,Central Kalimantan,7,0,7,0.0,0.0,3.0,0.805709207,,Unknown_TropicalAsia,5.0,8.0,5.0,5.0,,,,,,,,,,,,,,,,0.0
NERC_EIDC_2023_survival_height,real,teme_survival_v4_nerc,,Baccaurea bracteata,baccaurea_bracteata,Central Kalimantan,Central Kalimantan,7,0,7,0.0,0.0,3.0,0.635,,Unknown_TropicalAsia,5.0,8.0,5.0,5.0,,,,,,,,,,,,,,,,0.0
NERC_EIDC_2023_survival_height,real,teme_survival_v4_nerc,,Diospyros evena,diospyros_evena,Central Kalimantan,Central Kalimantan,7,0,7,0.0,0.0,3.0,0.58,,Unknown_TropicalAsia,5.0,8.0,5.0,5.0,,,,,,,,,,,,,,,,0.0
NERC_EIDC_2023_survival_height,real,teme_survival_v4_nerc,,Planchonella malaccensis,planchonella_malaccensis,Central Kalimantan,Central Kalimantan,7,0,7,0.0,0.0,3.0,0.714868812,,Unknown_TropicalAsia,5.0,8.0,5.0,5.0,,,,,,,,,,,,,,,,0.0
NERC_EIDC_2023_survival_height,real,teme_survival_v4_nerc,,Shorea balangeran,shorea_balangeran,Central Kalimantan,Central Kalimantan,7,0,7,0.0,0.0,3.0,0.69,,Unknown_TropicalAsia,5.0,8.0,5.0,5.0,,,,,,,,,,,,,,,,0.0
NERC_EIDC_2023_survival_height,real,teme_survival_v4_nerc,,Syzygium sp,syzygium_sp,Central Kalimantan,Central Kalimantan,7,0,7,0.0,0.0,3.0,0.679166667,,Unknown_TropicalAsia,5.0,8.0,5.0,5.0,,,,,,,,,,,,,,,,0.0
NERC_EIDC_2023_survival_height,real,teme_survival_v4_nerc,,Syzygium sp,syzygium_sp,Central Kalimantan,Central Kalimantan,7,0,7,0.0,0.0,3.0,0.679166667,,Unknown_TropicalAsia,5.0,8.0,5.0,5.0,,,,,,,,,,,,,,,,0.0
NERC_EIDC_2023_survival_height,real,teme_survival_v4_nerc,,Syzygium sp,syzygium_sp,Central Kalimantan,Central Kalimantan,7,0,7,0.0,0.0,3.0,0.679166667,,Unknown_TropicalAsia,5.0,8.0,5.0,5.0,,,,,,,,,,,,,,,,0.0
NERC_EIDC_2023_survival_height,real,teme_survival_v4_nerc,,Baccaurea angulata,baccaurea_angulata,Sabah,Sabah,20,14,6,0.7,0.7,11.25,0.625769231,,Tropical_Forest_Mineral_Soil,5.0,3.0,5.0,5.0,,,,,,,,,,,,,,,,0.8333333333333333
NERC_EIDC_2023_survival_height,real,teme_survival_v4_nerc,,Baccaurea sp,baccaurea_sp,Sabah,Sabah,20,13,7,0.65,0.65,11.25,0.625769231,,Tropical_Forest_Mineral_Soil,5.0,3.0,5.0,6.0,,,,,,,,,,,,,,,,0.8333333333333333
NERC_EIDC_2023_survival_height,real,teme_survival_v4_nerc,,Canarium sp,canarium_sp,Sabah,Sabah,20,10,10,0.5,0.5,11.25,0.517,,Tropical_Forest_Mineral_Soil,5.0,3.0,5.0,6.0,,,,,,,,,,,,,,,,0.8333333333333333
NERC_EIDC_2023_survival_height,real,teme_survival_v4_nerc,,Diospyros sp,diospyros_sp,Sabah,Sabah,20,12,8,0.6,0.6,11.25,0.7728,,Tropical_Forest_Mineral_Soil,5.0,3.0,5.0,6.0,,,,,,,,,,,,,,,,0.8333333333333333
NERC_EIDC_2023_survival_height,real,teme_survival_v4_nerc,,Dipterocarpus conformis,dipterocarpus_conformis,Sabah,Sabah,20,12,8,0.6,0.6,11.25,0.765,,Tropical_Forest_Mineral_Soil,5.0,3.0,5.0,8.0,,,,,,,,,,,,,,,,0.8333333333333333
NERC_EIDC_2023_survival_height,real,teme_survival_v4_nerc,,Dryobalanops keithii,dryobalanops_keithii,Sabah,Sabah,19,13,6,0.6842105263157895,0.6842105263157895,11.25,0.63,,Tropical_Forest_Mineral_Soil,5.0,3.0,5.0,6.0,,,,,,,,,,,,,,,,0.8333333333333333
NERC_EIDC_2023_survival_height,real,teme_survival_v4_nerc,,Dryobalanops lanceolata,dryobalanops_lanceolata,Sabah,Sabah,20,14,6,0.7,0.7,11.25,0.62,,Tropical_Forest_Mineral_Soil,5.0,3.0,5.0,7.0,,,,,,,,,,,,,,,,0.8333333333333333
NERC_EIDC_2023_survival_height,real,teme_survival_v4_nerc,,Durio sp,durio_sp,Sabah,Sabah,20,14,6,0.7,0.7,11.25,0.543648148,,Tropical_Forest_Mineral_Soil,5.0,3.0,5.0,6.0,,,,,,,,,,,,,,,,0.8333333333333333
NERC_EIDC_2023_survival_height,real,teme_survival_v4_nerc,,Hopea ferruginea,hopea_ferruginea,Sabah,Sabah,20,9,11,0.45,0.45,11.25,0.58,,Tropical_Forest_Mineral_Soil,5.0,3.0,5.0,7.0,,,,,,,,,,,,,,,,0.8333333333333333
NERC_EIDC_2023_survival_height,real,teme_survival_v4_nerc,,Intsia palembanica,intsia_palembanica,Sabah,Sabah,20,2,18,0.1,0.1,11.25,0.658666667,,Tropical_Forest_Mineral_Soil,5.0,3.0,5.0,4.0,,,,,,,,,,,,,,,,0.8333333333333333
NERC_EIDC_2023_survival_height,real,teme_survival_v4_nerc,,Koompassia excelsa,koompassia_excelsa,Sabah,Sabah,20,15,5,0.75,0.75,11.25,0.685,,Tropical_Forest_Mineral_Soil,5.0,3.0,5.0,6.0,,,,,,,,,,,,,,,,0.8333333333333333
NERC_EIDC_2023_survival_height,real,teme_survival_v4_nerc,,Mangifera pajang,mangifera_pajang,Sabah,Sabah,20,15,5,0.75,0.75,11.25,0.49,,Tropical_Forest_Mineral_Soil,5.0,3.0,5.0,5.0,,,,,,,,,,,,,,,,0.8333333333333333
NERC_EIDC_2023_survival_height,real,teme_survival_v4_nerc,,Mangifera sp,mangifera_sp,Sabah,Sabah,19,12,7,0.631578947368421,0.631578947368421,11.25,0.500529412,,Tropical_Forest_Mineral_Soil,5.0,3.0,5.0,3.0,,,,,,,,,,,,,,,,0.8333333333333333
NERC_EIDC_2023_survival_height,real,teme_survival_v4_nerc,,Parashorea malaanonan,parashorea_malaanonan,Sabah,Sabah,20,16,4,0.8,0.8,11.25,0.415,,Tropical_Forest_Mineral_Soil,5.0,3.0,5.0,7.0,,,,,,,,,,,,,,,,0.8333333333333333
NERC_EIDC_2023_survival_height,real,teme_survival_v4_nerc,,Parashorea smythiesii,parashorea_smythiesii,Sabah,Sabah,21,12,9,0.5714285714285714,0.5714285714285714,11.25,0.6,,Tropical_Forest_Mineral_Soil,5.0,3.0,5.0,5.0,,,,,,,,,,,,,,,,0.8333333333333333
NERC_EIDC_2023_survival_height,real,teme_survival_v4_nerc,,Parashorea tomentella,parashorea_tomentella,Sabah,Sabah,20,11,9,0.55,0.55,11.25,0.5535,,Tropical_Forest_Mineral_Soil,5.0,3.0,5.0,8.0,,,,,,,,,,,,,,,,0.8333333333333333
NERC_EIDC_2023_survival_height,real,teme_survival_v4_nerc,,Pentace adenophora,pentace_adenophora,Sabah,Sabah,20,13,7,0.65,0.65,11.25,0.604833333,,Tropical_Forest_Mineral_Soil,5.0,3.0,5.0,5.0,,,,,,,,,,,,,,,,0.8333333333333333
NERC_EIDC_2023_survival_height,real,teme_survival_v4_nerc,,Pentace laxiflora,pentace_laxiflora,Sabah,Sabah,20,19,1,0.95,0.95,11.25,0.604833333,,Tropical_Forest_Mineral_Soil,5.0,3.0,5.0,8.0,,,,,,,,,,,,,,,,0.8333333333333333
NERC_EIDC_2023_survival_height,real,teme_survival_v4_nerc,,Shorea beccariana,shorea_beccariana,Sabah,Sabah,20,10,10,0.5,0.5,11.25,0.47,,Tropical_Forest_Mineral_Soil,5.0,3.0,5.0,7.0,,,,,,,,,,,,,,,,0.8333333333333333
NERC_EIDC_2023_survival_height,real,teme_survival_v4_nerc,,Shorea faguetioides,shorea_faguetioides,Sabah,Sabah,20,10,10,0.5,0.5,11.25,0.583246313,,Tropical_Forest_Mineral_Soil,5.0,3.0,5.0,6.0,,,,,,,,,,,,,,,,0.8333333333333333
NERC_EIDC_2023_survival_height,real,teme_survival_v4_nerc,,Shorea falciferoides,shorea_falciferoides,Sabah,Sabah,20,13,7,0.65,0.65,11.25,0.72,,Tropical_Forest_Mineral_Soil,5.0,3.0,5.0,6.0,,,,,,,,,,,,,,,,0.8333333333333333
NERC_EIDC_2023_survival_height,real,teme_survival_v4_nerc,,Shorea fallax,shorea_fallax,Sabah,Sabah,20,14,6,0.7,0.7,11.25,0.5,,Tropical_Forest_Mineral_Soil,5.0,3.0,5.0,8.0,,,,,,,,,,,,,,,,0.8333333333333333
NERC_EIDC_2023_survival_height,real,teme_survival_v4_nerc,,Shorea leprosula,shorea_leprosula,Sabah,Sabah,20,6,14,0.3,0.3,11.25,0.44,,Tropical_Forest_Mineral_Soil,5.0,3.0,5.0,10.0,,,,,,,,,,,,,,,,0.8333333333333333
NERC_EIDC_2023_survival_height,real,teme_survival_v4_nerc,,Shorea leptoderma,shorea_leptoderma,Sabah,Sabah,20,16,4,0.8,0.8,11.25,0.583246313,,Tropical_Forest_Mineral_Soil,5.0,3.0,5.0,8.0,,,,,,,,,,,,,,,,0.8333333333333333
NERC_EIDC_2023_survival_height,real,teme_survival_v4_nerc,,Shorea macrophylla,shorea_macrophylla,Sabah,Sabah,20,14,6,0.7,0.7,11.25,0.32,,Tropical_Forest_Mineral_Soil,5.0,3.0,5.0,8.0,,,,,,,,,,,,,,,,0.8333333333333333
NERC_EIDC_2023_survival_height,real,teme_survival_v4_nerc,,Shorea macroptera,shorea_macroptera,Sabah,Sabah,20,11,9,0.55,0.55,11.25,0.425,,Tropical_Forest_Mineral_Soil,5.0,3.0,5.0,8.0,,,,,,,,,,,,,,,,0.8333333333333333
NERC_EIDC_2023_survival_height,real,teme_survival_v4_nerc,,Shorea ovalis,shorea_ovalis,Sabah,Sabah,20,16,4,0.8,0.8,11.25,0.43,,Tropical_Forest_Mineral_Soil,5.0,3.0,5.0,8.0,,,,,,,,,,,,,,,,0.8333333333333333
NERC_EIDC_2023_survival_height,real,teme_survival_v4_nerc,,Shorea parvifolia,shorea_parvifolia,Sabah,Sabah,20,3,17,0.15,0.15,11.25,0.405,,Tropical_Forest_Mineral_Soil,5.0,3.0,5.0,10.0,,,,,,,,,,,,,,,,0.8333333333333333
NERC_EIDC_2023_survival_height,real,teme_survival_v4_nerc,,Shorea pauciflora,shorea_pauciflora,Sabah,Sabah,20,12,8,0.6,0.6,11.25,0.5325,,Tropical_Forest_Mineral_Soil,5.0,3.0,5.0,4.0,,,,,,,,,,,,,,,,0.8333333333333333
NERC_EIDC_2023_survival_height,real,teme_survival_v4_nerc,,Shorea platyclados,shorea_platyclados,Sabah,Sabah,20,6,14,0.3,0.3,11.25,0.556666667,,Tropical_Forest_Mineral_Soil,5.0,3.0,5.0,9.0,,,,,,,,,,,,,,,,0.8333333333333333
NERC_EIDC_2023_survival_height,real,teme_survival_v4_nerc,,Shorea xanthophylla,shorea_xanthophylla,Sabah,Sabah,20,13,7,0.65,0.65,11.25,0.52,,Tropical_Forest_Mineral_Soil,5.0,3.0,5.0,5.0,,,,,,,,,,,,,,,,0.8333333333333333
NERC_EIDC_2023_survival_height,real,teme_survival_v4_nerc,,Sindora beccariana,sindora_beccariana,Sabah,Sabah,20,10,10,0.5,0.5,11.25,0.545,,Tropical_Forest_Mineral_Soil,5.0,3.0,5.0,6.0,,,,,,,,,,,,,,,,0.8333333333333333
NERC_EIDC_2023_survival_height,real,teme_survival_v4_nerc,,Walsura pinnata,walsura_pinnata,Sabah,Sabah,21,15,6,0.7142857142857143,0.7142857142857143,11.25,0.868,,Tropical_Forest_Mineral_Soil,5.0,3.0,5.0,5.0,,,,,,,,,,,,,,,,0.8333333333333333
NERC_EIDC_2023_survival_height,real,teme_survival_v4_nerc,,Alstonia pneumatophora,alstonia_pneumatophora,South Sumatra,South Sumatra,36,32,4,0.8888888888888888,0.8888888888888888,0.58,0.295,,Tropical_Peat_Swamp_Forest,2.0,8.0,5.0,5.0,,,,,,,,,,,,,,,,0.0
NERC_EIDC_2023_survival_height,real,teme_survival_v4_nerc,,Alstonia scholaris,alstonia_scholaris,South Sumatra,South Sumatra,36,36,0,1.0,1.0,0.58,0.382,,Tropical_Peat_Swamp_Forest,2.0,8.0,5.0,5.0,,,,,,,,,,,,,,,,0.0
NERC_EIDC_2023_survival_height,real,teme_survival_v4_nerc,,Aquilaria malaccensis,aquilaria_malaccensis,South Sumatra,South Sumatra,36,36,0,1.0,1.0,0.58,0.32,,Tropical_Peat_Swamp_Forest,2.0,8.0,5.0,5.0,,,,,,,,,,,,,,,,0.0
NERC_EIDC_2023_survival_height,real,teme_survival_v4_nerc,,Dialium indum,dialium_indum,South Sumatra,South Sumatra,36,36,0,1.0,1.0,0.58,0.82,,Tropical_Peat_Swamp_Forest,2.0,8.0,5.0,5.0,,,,,,,,,,,,,,,,0.0
NERC_EIDC_2023_survival_height,real,teme_survival_v4_nerc,,Diospyros siamang,diospyros_siamang,South Sumatra,South Sumatra,36,32,4,0.8888888888888888,0.8888888888888888,0.58,0.52,,Tropical_Peat_Swamp_Forest,2.0,8.0,5.0,5.0,,,,,,,,,,,,,,,,0.0
NERC_EIDC_2023_survival_height,real,teme_survival_v4_nerc,,Dyera polyphylla,dyera_polyphylla,South Sumatra,South Sumatra,36,36,0,1.0,1.0,0.58,0.33,,Tropical_Peat_Swamp_Forest,2.0,8.0,5.0,5.0,,,,,,,,,,,,,,,,0.0
NERC_EIDC_2023_survival_height,real,teme_survival_v4_nerc,,Endospermum duodenum,endospermum_duodenum,South Sumatra,South Sumatra,36,36,0,1.0,1.0,0.58,0.349185185,,Tropical_Peat_Swamp_Forest,2.0,8.0,5.0,5.0,,,,,,,,,,,,,,,,0.0
NERC_EIDC_2023_survival_height,real,teme_survival_v4_nerc,,Fagraea fragrans,fagraea_fragrans,South Sumatra,South Sumatra,36,36,0,1.0,1.0,0.58,0.688,,Tropical_Peat_Swamp_Forest,2.0,8.0,5.0,5.0,,,,,,,,,,,,,,,,0.0
NERC_EIDC_2023_survival_height,real,teme_survival_v4_nerc,,Hopea mengarawan,hopea_mengarawan,South Sumatra,South Sumatra,36,36,0,1.0,1.0,0.58,0.56,,Tropical_Peat_Swamp_Forest,2.0,8.0,5.0,5.0,,,,,,,,,,,,,,,,0.0
NERC_EIDC_2023_survival_height,real,teme_survival_v4_nerc,,Shorea pauciflora,shorea_pauciflora,South Sumatra,South Sumatra,36,32,4,0.8888888888888888,0.8888888888888888,0.58,0.5325,,Tropical_Peat_Swamp_Forest,2.0,8.0,5.0,5.0,,,,,,,,,,,,,,,,0.0
NERC_EIDC_2023_survival_height,real,teme_survival_v4_nerc,,Castanopsis fissa,castanopsis_fissa,Hong Kong,Hong Kong,400,257,143,0.6425,0.6425,2.0,0.4446,18.0,Tropical_Forest_Mineral_Soil,5.0,8.0,5.0,3.0,,,,,,,,,,,,,,,,1.6666666666666665
NERC_EIDC_2023_survival_height,real,teme_survival_v4_nerc,,Schefflera heptaphylla,schefflera_heptaphylla,Hong Kong,Hong Kong,400,293,107,0.7325,0.7325,2.0,0.394552976,18.0,Tropical_Forest_Mineral_Soil,5.0,8.0,5.0,3.0,,,,,,,,,,,,,,,,1.6666666666666665
NERC_EIDC_2023_survival_height,real,teme_survival_v4_nerc,,Schima superba,schima_superba,Hong Kong,Hong Kong,400,389,11,0.9725,0.9725,2.0,0.5375,18.0,Tropical_Forest_Mineral_Soil,5.0,8.0,5.0,4.0,,,,,,,,,,,,,,,,1.6666666666666665
NERC_EIDC_2023_survival_height,real,teme_survival_v4_nerc,,Triadica cochinchinensis,triadica_cochinchinensis,Hong Kong,Hong Kong,400,64,336,0.16,0.16,2.0,0.544977248,18.0,Tropical_Forest_Mineral_Soil,5.0,8.0,5.0,5.0,,,,,,,,,,,,,,,,1.6666666666666665
NERC_EIDC_2023_survival_height,real,teme_survival_v4_nerc,,Duabanga moluccana,duabanga_moluccana,Sabah,Sabah,96,34,62,0.3541666666666667,0.3541666666666667,1.0,0.332333333,,Tropical_Forest_Mineral_Soil,5.0,3.0,5.0,5.0,,,,,,,,,,,,,,,,0.0
NERC_EIDC_2023_survival_height,real,teme_survival_v4_nerc,,Duabanga moluccana,duabanga_moluccana,Sabah,Sabah,96,26,70,0.2708333333333333,0.2708333333333333,1.0,0.332333333,,Tropical_Forest_Mineral_Soil,5.0,3.0,5.0,5.0,,,,,,,,,,,,,,,,0.0
NERC_EIDC_2023_survival_height,real,teme_survival_v4_nerc,,Macaranga gigantea,macaranga_gigantea,Sabah,Sabah,96,60,36,0.625,0.625,1.0,0.295,,Tropical_Forest_Mineral_Soil,5.0,3.0,5.0,5.0,,,,,,,,,,,,,,,,0.0
NERC_EIDC_2023_survival_height,real,teme_survival_v4_nerc,,Macaranga gigantea,macaranga_gigantea,Sabah,Sabah,96,34,62,0.3541666666666667,0.3541666666666667,1.0,0.295,,Tropical_Forest_Mineral_Soil,5.0,3.0,5.0,5.0,,,,,,,,,,,,,,,,0.0
NERC_EIDC_2023_survival_height,real,teme_survival_v4_nerc,,Macaranga pearsonii,macaranga_pearsonii,Sabah,Sabah,96,64,32,0.6666666666666666,0.6666666666666666,1.0,0.382929167,,Tropical_Forest_Mineral_Soil,5.0,3.0,5.0,5.0,,,,,,,,,,,,,,,,0.0
NERC_EIDC_2023_survival_height,real,teme_survival_v4_nerc,,Macaranga pearsonii,macaranga_pearsonii,Sabah,Sabah,96,50,46,0.5208333333333334,0.5208333333333334,1.0,0.382929167,,Tropical_Forest_Mineral_Soil,5.0,3.0,5.0,5.0,,,,,,,,,,,,,,,,0.0
NERC_EIDC_2023_survival_height,real,teme_survival_v4_nerc,,Neonauclea longipedunculata,neonauclea_longipedunculata,Sabah,Sabah,96,75,21,0.78125,0.78125,1.0,0.650794118,,Tropical_Forest_Mineral_Soil,5.0,3.0,5.0,5.0,,,,,,,,,,,,,,,,0.0
NERC_EIDC_2023_survival_height,real,teme_survival_v4_nerc,,Neonauclea longipedunculata,neonauclea_longipedunculata,Sabah,Sabah,96,60,36,0.625,0.625,1.0,0.650794118,,Tropical_Forest_Mineral_Soil,5.0,3.0,5.0,5.0,,,,,,,,,,,,,,,,0.0
NERC_EIDC_2023_survival_height,real,teme_survival_v4_nerc,,Octomeles sumatrana,octomeles_sumatrana,Sabah,Sabah,96,48,48,0.5,0.5,1.0,0.301,,Tropical_Forest_Mineral_Soil,5.0,3.0,5.0,5.0,,,,,,,,,,,,,,,,0.0
NERC_EIDC_2023_survival_height,real,teme_survival_v4_nerc,,Octomeles sumatrana,octomeles_sumatrana,Sabah,Sabah,96,71,25,0.7395833333333334,0.7395833333333334,1.0,0.301,,Tropical_Forest_Mineral_Soil,5.0,3.0,5.0,5.0,,,,,,,,,,,,,,,,0.0
NERC_EIDC_2023_survival_height,real,teme_survival_v4_nerc,,Dryobalanops beccarii,dryobalanops_beccarii,Sarawak,Sarawak,36,2,34,0.05555555555555555,0.05555555555555555,6.75,0.503333333,12.0,Tropical_Forest_Mineral_Soil,5.0,3.0,5.0,7.0,,,,,,,,,,,,,,,,0.8333333333333333
NERC_EIDC_2023_survival_height,real,teme_survival_v4_nerc,,Dryobalanops beccarii,dryobalanops_beccarii,Sarawak,Sarawak,36,16,20,0.4444444444444444,0.4444444444444444,6.75,0.503333333,12.0,Tropical_Forest_Mineral_Soil,5.0,3.0,5.0,6.0,,,,,,,,,,,,,,,,0.8333333333333333
NERC_EIDC_2023_survival_height,real,teme_survival_v4_nerc,,Dryobalanops beccarii,dryobalanops_beccarii,Sarawak,Sarawak,36,19,17,0.5277777777777778,0.5277777777777778,6.75,0.503333333,12.0,Tropical_Forest_Mineral_Soil,5.0,3.0,5.0,6.0,,,,,,,,,,,,,,,,0.8333333333333333
NERC_EIDC_2023_survival_height,real,teme_survival_v4_nerc,,Parashorea macrophylla,parashorea_macrophylla,Sarawak,Sarawak,36,15,21,0.4166666666666667,0.4166666666666667,6.75,0.53,12.0,Tropical_Forest_Mineral_Soil,5.0,3.0,5.0,2.0,,,,,,,,,,,,,,,,0.8333333333333333
NERC_EIDC_2023_survival_height,real,teme_survival_v4_nerc,,Parashorea macrophylla,parashorea_macrophylla,Sarawak,Sarawak,36,2,34,0.05555555555555555,0.05555555555555555,6.75,0.53,12.0,Tropical_Forest_Mineral_Soil,5.0,3.0,5.0,7.0,,,,,,,,,,,,,,,,0.8333333333333333
NERC_EIDC_2023_survival_height,real,teme_survival_v4_nerc,,Parashorea macrophylla,parashorea_macrophylla,Sarawak,Sarawak,36,29,7,0.8055555555555556,0.8055555555555556,6.75,0.53,12.0,Tropical_Forest_Mineral_Soil,5.0,3.0,5.0,3.0,,,,,,,,,,,,,,,,0.8333333333333333
NERC_EIDC_2023_survival_height,real,teme_survival_v4_nerc,,Shorea macrophylla,shorea_macrophylla,Sarawak,Sarawak,36,18,18,0.5,0.5,6.75,0.32,12.0,Tropical_Forest_Mineral_Soil,5.0,3.0,5.0,4.0,,,,,,,,,,,,,,,,0.8333333333333333
NERC_EIDC_2023_survival_height,real,teme_survival_v4_nerc,,Shorea macrophylla,shorea_macrophylla,Sarawak,Sarawak,36,0,36,0.0,0.0,6.75,0.32,12.0,Tropical_Forest_Mineral_Soil,5.0,3.0,5.0,10.0,,,,,,,,,,,,,,,,0.8333333333333333
NERC_EIDC_2023_survival_height,real,teme_survival_v4_nerc,,Shorea macrophylla,shorea_macrophylla,Sarawak,Sarawak,36,19,17,0.5277777777777778,0.5277777777777778,6.75,0.32,12.0,Tropical_Forest_Mineral_Soil,5.0,3.0,5.0,4.0,,,,,,,,,,,,,,,,0.8333333333333333
NERC_EIDC_2023_survival_height,real,teme_survival_v4_nerc,,Shorea parvifolia,shorea_parvifolia,Sarawak,Sarawak,36,9,27,0.25,0.25,6.75,0.405,12.0,Tropical_Forest_Mineral_Soil,5.0,3.0,5.0,7.0,,,,,,,,,,,,,,,,0.8333333333333333
NERC_EIDC_2023_survival_height,real,teme_survival_v4_nerc,,Shorea parvifolia,shorea_parvifolia,Sarawak,Sarawak,36,6,30,0.16666666666666666,0.16666666666666666,6.75,0.405,12.0,Tropical_Forest_Mineral_Soil,5.0,3.0,5.0,2.0,,,,,,,,,,,,,,,,0.8333333333333333
NERC_EIDC_2023_survival_height,real,teme_survival_v4_nerc,,Shorea parvifolia,shorea_parvifolia,Sarawak,Sarawak,36,7,29,0.19444444444444445,0.19444444444444445,6.75,0.405,12.0,Tropical_Forest_Mineral_Soil,5.0,3.0,5.0,8.0,,,,,,,,,,,,,,,,0.8333333333333333
NERC_EIDC_2023_survival_height,real,teme_survival_v4_nerc,,Shorea seminis,shorea_seminis,Sarawak,Sarawak,36,18,18,0.5,0.5,6.75,0.72,12.0,Tropical_Forest_Mineral_Soil,5.0,3.0,5.0,6.0,,,,,,,,,,,,,,,,0.8333333333333333
NERC_EIDC_2023_survival_height,real,teme_survival_v4_nerc,,Shorea seminis,shorea_seminis,Sarawak,Sarawak,36,24,12,0.6666666666666666,0.6666666666666666,6.75,0.72,12.0,Tropical_Forest_Mineral_Soil,5.0,3.0,5.0,3.0,,,,,,,,,,,,,,,,0.8333333333333333
NERC_EIDC_2023_survival_height,real,teme_survival_v4_nerc,,Shorea seminis,shorea_seminis,Sarawak,Sarawak,36,16,20,0.4444444444444444,0.4444444444444444,6.75,0.72,12.0,Tropical_Forest_Mineral_Soil,5.0,3.0,5.0,7.0,,,,,,,,,,,,,,,,0.8333333333333333
NERC_EIDC_2023_survival_height,real,teme_survival_v4_nerc,,Shorea virescens,shorea_virescens,Sarawak,Sarawak,36,29,7,0.8055555555555556,0.8055555555555556,6.75,0.435,12.0,Tropical_Forest_Mineral_Soil,5.0,3.0,5.0,4.0,,,,,,,,,,,,,,,,0.8333333333333333
NERC_EIDC_2023_survival_height,real,teme_survival_v4_nerc,,Shorea virescens,shorea_virescens,Sarawak,Sarawak,36,21,15,0.5833333333333334,0.5833333333333334,6.75,0.435,12.0,Tropical_Forest_Mineral_Soil,5.0,3.0,5.0,5.0,,,,,,,,,,,,,,,,0.8333333333333333
NERC_EIDC_2023_survival_height,real,teme_survival_v4_nerc,,Shorea virescens,shorea_virescens,Sarawak,Sarawak,36,4,32,0.1111111111111111,0.1111111111111111,6.75,0.435,12.0,Tropical_Forest_Mineral_Soil,5.0,3.0,5.0,8.0,,,,,,,,,,,,,,,,0.8333333333333333
NERC_EIDC_2023_survival_height,real,teme_survival_v4_nerc,,Shorea curtisii,shorea_curtisii,Malaysia,Malaysia,150,38,112,0.25333333333333335,0.25333333333333335,18.0,0.526666667,12.0,Tropical_Forest_Mineral_Soil,5.0,3.0,5.0,5.0,,,,,,,,,,,,,,,,0.8333333333333333
NERC_EIDC_2023_survival_height,real,teme_survival_v4_nerc,,Shorea curtisii,shorea_curtisii,Malaysia,Malaysia,350,77,273,0.22,0.22,18.0,0.526666667,12.0,Tropical_Forest_Mineral_Soil,5.0,3.0,5.0,5.0,,,,,,,,,,,,,,,,0.8333333333333333
NERC_EIDC_2023_survival_height,real,teme_survival_v4_nerc,,Shorea curtisii,shorea_curtisii,Malaysia,Malaysia,600,204,396,0.34,0.34,18.0,0.526666667,12.0,Tropical_Forest_Mineral_Soil,5.0,3.0,5.0,5.0,,,,,,,,,,,,,,,,0.8333333333333333
NERC_EIDC_2023_survival_height,real,teme_survival_v4_nerc,,Shorea curtisii,shorea_curtisii,Malaysia,Malaysia,900,360,540,0.4,0.4,18.0,0.526666667,12.0,Tropical_Forest_Mineral_Soil,5.0,3.0,5.0,5.0,,,,,,,,,,,,,,,,0.8333333333333333
NERC_EIDC_2023_survival_height,real,teme_survival_v4_nerc,,Beilschmiedia sp,beilschmiedia_sp,Chiang Mai,Chiang Mai,30,28,2,0.9333333333333333,0.9333333333333333,0.33,0.606285714,3.0,Tropical_Forest_Mineral_Soil,5.0,8.0,5.0,5.0,,,,,,,,,,,,,,,,0.8333333333333333
NERC_EIDC_2023_survival_height,real,teme_survival_v4_nerc,,Beilschmiedia sp,beilschmiedia_sp,Chiang Mai,Chiang Mai,30,28,2,0.9333333333333333,0.9333333333333333,0.67,0.606285714,3.0,Tropical_Forest_Mineral_Soil,5.0,8.0,5.0,5.0,,,,,,,,,,,,,,,,0.0
NERC_EIDC_2023_survival_height,real,teme_survival_v4_nerc,,Beilschmiedia sp,beilschmiedia_sp,Chiang Mai,Chiang Mai,30,29,1,0.9666666666666667,0.9666666666666667,0.33,0.606285714,3.0,Tropical_Forest_Mineral_Soil,5.0,8.0,5.0,5.0,,,,,,,,,,,,,,,,0.0
NERC_EIDC_2023_survival_height,real,teme_survival_v4_nerc,,Beilschmiedia sp,beilschmiedia_sp,Chiang Mai,Chiang Mai,30,11,19,0.36666666666666664,0.36666666666666664,0.67,0.606285714,3.0,Tropical_Forest_Mineral_Soil,5.0,8.0,5.0,5.0,,,,,,,,,,,,,,,,0.8333333333333333
NERC_EIDC_2023_survival_height,real,teme_survival_v4_nerc,,Engelhardia spicata,engelhardia_spicata,Chiang Mai,Chiang Mai,30,20,10,0.6666666666666666,0.6666666666666666,0.67,0.487918283,3.0,Tropical_Forest_Mineral_Soil,5.0,8.0,5.0,5.0,,,,,,,,,,,,,,,,0.0
NERC_EIDC_2023_survival_height,real,teme_survival_v4_nerc,,Engelhardia spicata,engelhardia_spicata,Chiang Mai,Chiang Mai,30,29,1,0.9666666666666667,0.9666666666666667,0.33,0.487918283,3.0,Tropical_Forest_Mineral_Soil,5.0,8.0,5.0,5.0,,,,,,,,,,,,,,,,0.8333333333333333
NERC_EIDC_2023_survival_height,real,teme_survival_v4_nerc,,Engelhardia spicata,engelhardia_spicata,Chiang Mai,Chiang Mai,30,26,4,0.8666666666666667,0.8666666666666667,0.33,0.487918283,3.0,Tropical_Forest_Mineral_Soil,5.0,8.0,5.0,5.0,,,,,,,,,,,,,,,,0.0
NERC_EIDC_2023_survival_height,real,teme_survival_v4_nerc,,Engelhardia spicata,engelhardia_spicata,Chiang Mai,Chiang Mai,30,8,22,0.26666666666666666,0.26666666666666666,0.67,0.487918283,3.0,Tropical_Forest_Mineral_Soil,5.0,8.0,5.0,5.0,,,,,,,,,,,,,,,,0.8333333333333333
NERC_EIDC_2023_survival_height,real,teme_survival_v4_nerc,,Prunus campanulata,prunus_campanulata,Chiang Mai,Chiang Mai,30,21,9,0.7,0.7,0.67,0.585666667,3.0,Tropical_Forest_Mineral_Soil,5.0,8.0,5.0,5.0,,,,,,,,,,,,,,,,0.0
NERC_EIDC_2023_survival_height,real,teme_survival_v4_nerc,,Prunus campanulata,prunus_campanulata,Chiang Mai,Chiang Mai,30,29,1,0.9666666666666667,0.9666666666666667,0.33,0.585666667,3.0,Tropical_Forest_Mineral_Soil,5.0,8.0,5.0,5.0,,,,,,,,,,,,,,,,0.8333333333333333
NERC_EIDC_2023_survival_height,real,teme_survival_v4_nerc,,Prunus campanulata,prunus_campanulata,Chiang Mai,Chiang Mai,30,28,2,0.9333333333333333,0.9333333333333333,0.33,0.585666667,3.0,Tropical_Forest_Mineral_Soil,5.0,8.0,5.0,5.0,,,,,,,,,,,,,,,,0.0
NERC_EIDC_2023_survival_height,real,teme_survival_v4_nerc,,Prunus campanulata,prunus_campanulata,Chiang Mai,Chiang Mai,30,16,14,0.5333333333333333,0.5333333333333333,0.67,0.585666667,3.0,Tropical_Forest_Mineral_Soil,5.0,8.0,5.0,5.0,,,,,,,,,,,,,,,,0.8333333333333333
NERC_EIDC_2023_survival_height,real,teme_survival_v4_nerc,,Azadirachta excelsa,azadirachta_excelsa,Negeri Sembilan ,Negeri Sembilan ,150,110,40,0.7333333333333333,0.7333333333333333,6.0,0.505,,Tropical_Forest_Mineral_Soil,5.0,3.0,5.0,5.0,,,,,,,,,,,,,,,,1.6666666666666665
NERC_EIDC_2023_survival_height,real,teme_survival_v4_nerc,,Cinnamomum verum,cinnamomum_verum,Negeri Sembilan ,Negeri Sembilan ,150,116,34,0.7733333333333333,0.7733333333333333,6.0,0.498,,Tropical_Forest_Mineral_Soil,5.0,3.0,5.0,5.0,,,,,,,,,,,,,,,,1.6666666666666665
NERC_EIDC_2023_survival_height,real,teme_survival_v4_nerc,,Dryobalanops sumatrensis,dryobalanops_sumatrensis,Negeri Sembilan ,Negeri Sembilan ,150,12,138,0.08,0.08,6.0,0.65,,Tropical_Forest_Mineral_Soil,5.0,3.0,5.0,5.0,,,,,,,,,,,,,,,,1.6666666666666665
NERC_EIDC_2023_survival_height,real,teme_survival_v4_nerc,,Hopea nervosa,hopea_nervosa,Negeri Sembilan ,Negeri Sembilan ,150,58,92,0.38666666666666666,0.38666666666666666,6.0,0.613333333,,Tropical_Forest_Mineral_Soil,5.0,3.0,5.0,5.0,,,,,,,,,,,,,,,,1.6666666666666665
NERC_EIDC_2023_survival_height,real,teme_survival_v4_nerc,,Intsia palembanica,intsia_palembanica,Negeri Sembilan ,Negeri Sembilan ,150,71,79,0.47333333333333333,0.47333333333333333,6.0,0.658666667,,Tropical_Forest_Mineral_Soil,5.0,3.0,5.0,5.0,,,,,,,,,,,,,,,,1.6666666666666665
NERC_EIDC_2023_survival_height,real,teme_survival_v4_nerc,,Neobalanocarpus heimii,neobalanocarpus_heimii,Negeri Sembilan ,Negeri Sembilan ,150,26,124,0.17333333333333334,0.17333333333333334,6.0,0.76,,Tropical_Forest_Mineral_Soil,5.0,3.0,5.0,5.0,,,,,,,,,,,,,,,,1.6666666666666665
NERC_EIDC_2023_survival_height,real,teme_survival_v4_nerc,,Shorea assamica,shorea_assamica,Negeri Sembilan ,Negeri Sembilan ,150,12,138,0.08,0.08,6.0,0.464333333,,Tropical_Forest_Mineral_Soil,5.0,3.0,5.0,5.0,,,,,,,,,,,,,,,,1.6666666666666665
NERC_EIDC_2023_survival_height,real,teme_survival_v4_nerc,,Shorea leprosula,shorea_leprosula,Negeri Sembilan ,Negeri Sembilan ,150,32,118,0.21333333333333335,0.21333333333333335,6.0,0.44,,Tropical_Forest_Mineral_Soil,5.0,3.0,5.0,5.0,,,,,,,,,,,,,,,,1.6666666666666665
NERC_EIDC_2023_survival_height,real,teme_survival_v4_nerc,,Shorea parvifolia,shorea_parvifolia,Negeri Sembilan ,Negeri Sembilan ,150,44,106,0.29333333333333333,0.29333333333333333,6.0,0.405,,Tropical_Forest_Mineral_Soil,5.0,3.0,5.0,5.0,,,,,,,,,,,,,,,,1.6666666666666665
NERC_EIDC_2023_survival_height,real,teme_survival_v4_nerc,,Dryobalanops lanceolata,dryobalanops_lanceolata,Sarawak,Sarawak,16,14,2,0.875,0.875,2.83,0.62,38.0,Tropical_Forest_Mineral_Soil,5.0,3.0,5.0,5.0,,,,,,,,,,,,,,,,1.6666666666666665
NERC_EIDC_2023_survival_height,real,teme_survival_v4_nerc,,Dryobalanops lanceolata,dryobalanops_lanceolata,Sarawak,Sarawak,16,6,10,0.375,0.375,2.83,0.62,38.0,Tropical_Forest_Mineral_Soil,5.0,3.0,5.0,4.0,,,,,,,,,,,,,,,,1.6666666666666665
NERC_EIDC_2023_survival_height,real,teme_survival_v4_nerc,,Dryobalanops lanceolata,dryobalanops_lanceolata,Sarawak,Sarawak,16,2,14,0.125,0.125,2.83,0.62,38.0,Tropical_Forest_Mineral_Soil,5.0,3.0,5.0,6.0,,,,,,,,,,,,,,,,1.6666666666666665
NERC_EIDC_2023_survival_height,real,teme_survival_v4_nerc,,Dryobalanops lanceolata,dryobalanops_lanceolata,Sarawak,Sarawak,16,14,2,0.875,0.875,2.83,0.62,38.0,Tropical_Forest_Mineral_Soil,5.0,3.0,5.0,5.0,,,,,,,,,,,,,,,,1.6666666666666665
NERC_EIDC_2023_survival_height,real,teme_survival_v4_nerc,,Dryobalanops lanceolata,dryobalanops_lanceolata,Sarawak,Sarawak,16,14,2,0.875,0.875,2.83,0.62,38.0,Tropical_Forest_Mineral_Soil,5.0,3.0,5.0,5.0,,,,,,,,,,,,,,,,1.6666666666666665
NERC_EIDC_2023_survival_height,real,teme_survival_v4_nerc,,Dryobalanops lanceolata,dryobalanops_lanceolata,Sarawak,Sarawak,16,15,1,0.9375,0.9375,2.83,0.62,38.0,Tropical_Forest_Mineral_Soil,5.0,3.0,5.0,5.0,,,,,,,,,,,,,,,,1.6666666666666665
NERC_EIDC_2023_survival_height,real,teme_survival_v4_nerc,,Dryobalanops lanceolata,dryobalanops_lanceolata,Sarawak,Sarawak,32,26,6,0.8125,0.8125,2.83,0.62,38.0,Tropical_Forest_Mineral_Soil,5.0,3.0,5.0,4.0,,,,,,,,,,,,,,,,0.8333333333333333
NERC_EIDC_2023_survival_height,real,teme_survival_v4_nerc,,Anisoptera marginata,anisoptera_marginata,Sengalor,Sengalor,81,80,1,0.9876543209876543,0.9876543209876543,1.0,0.526666667,,Tropical_Forest_Mineral_Soil,5.0,3.0,5.0,5.0,,,,,,,,,,,,,,,,0.8333333333333333
NERC_EIDC_2023_survival_height,real,teme_survival_v4_nerc,,Shorea assamica,shorea_assamica,Sengalor,Sengalor,81,74,7,0.9135802469135802,0.9135802469135802,1.0,0.464333333,,Tropical_Forest_Mineral_Soil,5.0,3.0,5.0,5.0,,,,,,,,,,,,,,,,0.8333333333333333
NERC_EIDC_2023_survival_height,real,teme_survival_v4_nerc,,Shorea platyclados,shorea_platyclados,Sengalor,Sengalor,81,69,12,0.8518518518518519,0.8518518518518519,1.0,0.556666667,,Tropical_Forest_Mineral_Soil,5.0,3.0,5.0,5.0,,,,,,,,,,,,,,,,0.8333333333333333
NERC_EIDC_2023_survival_height,real,teme_survival_v4_nerc,,Anisoptera marginata,anisoptera_marginata,Selangor,Selangor,42,35,7,0.8333333333333334,0.8333333333333334,0.67,0.526666667,,Tropical_Peat_Swamp_Forest,2.0,3.0,5.0,5.0,,,,,,,,,,,,,,,,1.6666666666666665
NERC_EIDC_2023_survival_height,real,teme_survival_v4_nerc,,Anisoptera marginata,anisoptera_marginata,Selangor,Selangor,42,26,16,0.6190476190476191,0.6190476190476191,0.67,0.526666667,,Tropical_Peat_Swamp_Forest,2.0,3.0,5.0,5.0,,,,,,,,,,,,,,,,2.5
NERC_EIDC_2023_survival_height,real,teme_survival_v4_nerc,,Anisoptera marginata,anisoptera_marginata,Selangor,Selangor,42,39,3,0.9285714285714286,0.9285714285714286,0.67,0.526666667,,Tropical_Peat_Swamp_Forest,2.0,3.0,5.0,5.0,,,,,,,,,,,,,,,,2.5
NERC_EIDC_2023_survival_height,real,teme_survival_v4_nerc,,Anisoptera marginata,anisoptera_marginata,Selangor,Selangor,42,34,8,0.8095238095238095,0.8095238095238095,0.67,0.526666667,,Tropical_Peat_Swamp_Forest,2.0,3.0,5.0,5.0,,,,,,,,,,,,,,,,2.5
NERC_EIDC_2023_survival_height,real,teme_survival_v4_nerc,,Calophyllum ferrugineum,calophyllum_ferrugineum,Selangor,Selangor,42,27,15,0.6428571428571429,0.6428571428571429,0.67,0.669211656,,Tropical_Peat_Swamp_Forest,2.0,3.0,5.0,5.0,,,,,,,,,,,,,,,,1.6666666666666665
NERC_EIDC_2023_survival_height,real,teme_survival_v4_nerc,,Calophyllum ferrugineum,calophyllum_ferrugineum,Selangor,Selangor,42,19,23,0.4523809523809524,0.4523809523809524,0.67,0.669211656,,Tropical_Peat_Swamp_Forest,2.0,3.0,5.0,5.0,,,,,,,,,,,,,,,,2.5
NERC_EIDC_2023_survival_height,real,teme_survival_v4_nerc,,Calophyllum ferrugineum,calophyllum_ferrugineum,Selangor,Selangor,42,24,18,0.5714285714285714,0.5714285714285714,0.67,0.669211656,,Tropical_Peat_Swamp_Forest,2.0,3.0,5.0,5.0,,,,,,,,,,,,,,,,2.5
NERC_EIDC_2023_survival_height,real,teme_survival_v4_nerc,,Calophyllum ferrugineum,calophyllum_ferrugineum,Selangor,Selangor,42,27,15,0.6428571428571429,0.6428571428571429,0.67,0.669211656,,Tropical_Peat_Swamp_Forest,2.0,3.0,5.0,5.0,,,,,,,,,,,,,,,,2.5
NERC_EIDC_2023_survival_height,real,teme_survival_v4_nerc,,Durio carinatus,durio_carinatus,Selangor,Selangor,42,13,29,0.30952380952380953,0.30952380952380953,0.67,0.46,,Tropical_Peat_Swamp_Forest,2.0,3.0,5.0,5.0,,,,,,,,,,,,,,,,2.5
NERC_EIDC_2023_survival_height,real,teme_survival_v4_nerc,,Durio carinatus,durio_carinatus,Selangor,Selangor,42,34,8,0.8095238095238095,0.8095238095238095,0.67,0.46,,Tropical_Peat_Swamp_Forest,2.0,3.0,5.0,5.0,,,,,,,,,,,,,,,,2.5
NERC_EIDC_2023_survival_height,real,teme_survival_v4_nerc,,Durio carinatus,durio_carinatus,Selangor,Selangor,42,32,10,0.7619047619047619,0.7619047619047619,0.67,0.46,,Tropical_Peat_Swamp_Forest,2.0,3.0,5.0,5.0,,,,,,,,,,,,,,,,2.5
NERC_EIDC_2023_survival_height,real,teme_survival_v4_nerc,,Durio carinatus,durio_carinatus,Selangor,Selangor,42,32,10,0.7619047619047619,0.7619047619047619,0.67,0.46,,Tropical_Peat_Swamp_Forest,2.0,3.0,5.0,5.0,,,,,,,,,,,,,,,,1.6666666666666665
NERC_EIDC_2023_survival_height,real,teme_survival_v4_nerc,,Gonystylus bancanus,gonystylus_bancanus,Selangor,Selangor,42,39,3,0.9285714285714286,0.9285714285714286,0.67,0.52,,Tropical_Peat_Swamp_Forest,2.0,3.0,5.0,5.0,,,,,,,,,,,,,,,,1.6666666666666665
NERC_EIDC_2023_survival_height,real,teme_survival_v4_nerc,,Gonystylus bancanus,gonystylus_bancanus,Selangor,Selangor,42,12,30,0.2857142857142857,0.2857142857142857,0.67,0.52,,Tropical_Peat_Swamp_Forest,2.0,3.0,5.0,5.0,,,,,,,,,,,,,,,,2.5
NERC_EIDC_2023_survival_height,real,teme_survival_v4_nerc,,Gonystylus bancanus,gonystylus_bancanus,Selangor,Selangor,42,37,5,0.8809523809523809,0.8809523809523809,0.67,0.52,,Tropical_Peat_Swamp_Forest,2.0,3.0,5.0,5.0,,,,,,,,,,,,,,,,2.5
NERC_EIDC_2023_survival_height,real,teme_survival_v4_nerc,,Gonystylus bancanus,gonystylus_bancanus,Selangor,Selangor,42,34,8,0.8095238095238095,0.8095238095238095,0.67,0.52,,Tropical_Peat_Swamp_Forest,2.0,3.0,5.0,5.0,,,,,,,,,,,,,,,,2.5
NERC_EIDC_2023_survival_height,real,teme_survival_v4_nerc,,Madhuca motleyana,madhuca_motleyana,Selangor,Selangor,42,42,0,1.0,1.0,0.67,0.46,,Tropical_Peat_Swamp_Forest,2.0,3.0,5.0,5.0,,,,,,,,,,,,,,,,1.6666666666666665
NERC_EIDC_2023_survival_height,real,teme_survival_v4_nerc,,Madhuca motleyana,madhuca_motleyana,Selangor,Selangor,42,32,10,0.7619047619047619,0.7619047619047619,0.67,0.46,,Tropical_Peat_Swamp_Forest,2.0,3.0,5.0,5.0,,,,,,,,,,,,,,,,2.5
NERC_EIDC_2023_survival_height,real,teme_survival_v4_nerc,,Madhuca motleyana,madhuca_motleyana,Selangor,Selangor,42,42,0,1.0,1.0,0.67,0.46,,Tropical_Peat_Swamp_Forest,2.0,3.0,5.0,5.0,,,,,,,,,,,,,,,,2.5
NERC_EIDC_2023_survival_height,real,teme_survival_v4_nerc,,Madhuca motleyana,madhuca_motleyana,Selangor,Selangor,42,39,3,0.9285714285714286,0.9285714285714286,0.67,0.46,,Tropical_Peat_Swamp_Forest,2.0,3.0,5.0,5.0,,,,,,,,,,,,,,,,2.5
NERC_EIDC_2023_survival_height,real,teme_survival_v4_nerc,,Shorea platycarpa,shorea_platycarpa,Selangor,Selangor,42,39,3,0.9285714285714286,0.9285714285714286,0.67,0.59,,Tropical_Peat_Swamp_Forest,2.0,3.0,5.0,5.0,,,,,,,,,,,,,,,,1.6666666666666665
NERC_EIDC_2023_survival_height,real,teme_survival_v4_nerc,,Shorea platycarpa,shorea_platycarpa,Selangor,Selangor,42,21,21,0.5,0.5,0.67,0.59,,Tropical_Peat_Swamp_Forest,2.0,3.0,5.0,5.0,,,,,,,,,,,,,,,,2.5
NERC_EIDC_2023_survival_height,real,teme_survival_v4_nerc,,Shorea platycarpa,shorea_platycarpa,Selangor,Selangor,42,34,8,0.8095238095238095,0.8095238095238095,0.67,0.59,,Tropical_Peat_Swamp_Forest,2.0,3.0,5.0,5.0,,,,,,,,,,,,,,,,2.5
NERC_EIDC_2023_survival_height,real,teme_survival_v4_nerc,,Shorea platycarpa,shorea_platycarpa,Selangor,Selangor,42,39,3,0.9285714285714286,0.9285714285714286,0.67,0.59,,Tropical_Peat_Swamp_Forest,2.0,3.0,5.0,5.0,,,,,,,,,,,,,,,,2.5
NERC_EIDC_2023_survival_height,real,teme_survival_v4_nerc,,Anisoptera marginata,anisoptera_marginata,Pahang,Pahang,36,30,6,0.8333333333333334,0.8333333333333334,0.75,0.526666667,,Unknown_TropicalAsia,5.0,3.0,5.0,5.0,,,,,,,,,,,,,,,,0.8333333333333333
NERC_EIDC_2023_survival_height,real,teme_survival_v4_nerc,,Anisoptera marginata,anisoptera_marginata,Pahang,Pahang,36,30,6,0.8333333333333334,0.8333333333333334,0.75,0.526666667,,Unknown_TropicalAsia,5.0,3.0,5.0,5.0,,,,,,,,,,,,,,,,0.8333333333333333
NERC_EIDC_2023_survival_height,real,teme_survival_v4_nerc,,Anisoptera marginata,anisoptera_marginata,Pahang,Pahang,36,21,15,0.5833333333333334,0.5833333333333334,0.25,0.526666667,,Unknown_TropicalAsia,5.0,3.0,5.0,5.0,,,,,,,,,,,,,,,,0.0
NERC_EIDC_2023_survival_height,real,teme_survival_v4_nerc,,Gonystylus bancanus,gonystylus_bancanus,Pahang,Pahang,36,29,7,0.8055555555555556,0.8055555555555556,0.75,0.52,,Unknown_TropicalAsia,5.0,3.0,5.0,5.0,,,,,,,,,,,,,,,,0.8333333333333333
NERC_EIDC_2023_survival_height,real,teme_survival_v4_nerc,,Gonystylus bancanus,gonystylus_bancanus,Pahang,Pahang,36,27,9,0.75,0.75,0.75,0.52,,Unknown_TropicalAsia,5.0,3.0,5.0,5.0,,,,,,,,,,,,,,,,0.8333333333333333
NERC_EIDC_2023_survival_height,real,teme_survival_v4_nerc,,Gonystylus bancanus,gonystylus_bancanus,Pahang,Pahang,36,9,27,0.25,0.25,0.25,0.52,,Unknown_TropicalAsia,5.0,3.0,5.0,5.0,,,,,,,,,,,,,,,,0.0
NERC_EIDC_2023_survival_height,real,teme_survival_v4_nerc,,Shorea johorensis,shorea_johorensis,Central Kalimantan,Central Kalimantan,78,59,19,0.7564102564102564,0.7564102564102564,11.0,0.393333333,9.0,Tropical_Forest_Mineral_Soil,5.0,3.0,5.0,5.0,,,,,,,,,,,,,,,,0.8333333333333333
NERC_EIDC_2023_survival_height,real,teme_survival_v4_nerc,,Shorea johorensis,shorea_johorensis,Central Kalimantan,Central Kalimantan,78,67,11,0.8589743589743589,0.8589743589743589,11.0,0.393333333,9.0,Tropical_Forest_Mineral_Soil,5.0,3.0,5.0,5.0,,,,,,,,,,,,,,,,0.8333333333333333
NERC_EIDC_2023_survival_height,real,teme_survival_v4_nerc,,Shorea johorensis,shorea_johorensis,Central Kalimantan,Central Kalimantan,78,56,22,0.717948717948718,0.717948717948718,11.0,0.393333333,9.0,Tropical_Forest_Mineral_Soil,5.0,3.0,5.0,5.0,,,,,,,,,,,,,,,,0.8333333333333333
NERC_EIDC_2023_survival_height,real,teme_survival_v4_nerc,,Acacia crassicarpa,acacia_crassicarpa,Riau,Riau,245,55,190,0.22448979591836735,0.22448979591836735,5.5,0.5965,,Tropical_Peat_Swamp_Forest,2.0,1.0,5.0,10.0,,,,,,,,,,,,,,,,3.333333333333333
NERC_EIDC_2023_survival_height,real,teme_survival_v4_nerc,,Cratoxylum arborescens,cratoxylum_arborescens,Riau,Riau,245,196,49,0.8,0.8,5.5,0.433333333,,Tropical_Peat_Swamp_Forest,2.0,1.0,5.0,10.0,,,,,,,,,,,,,,,,3.333333333333333
NERC_EIDC_2023_survival_height,real,teme_survival_v4_nerc,,Macaranga gigantea,macaranga_gigantea,Riau,Riau,245,77,168,0.3142857142857143,0.3142857142857143,5.5,0.295,,Tropical_Peat_Swamp_Forest,2.0,1.0,5.0,10.0,,,,,,,,,,,,,,,,3.333333333333333
NERC_EIDC_2023_survival_height,real,teme_survival_v4_nerc,,Macaranga pruinosa,macaranga_pruinosa,Riau,Riau,245,161,84,0.6571428571428571,0.6571428571428571,5.5,0.31,,Tropical_Peat_Swamp_Forest,2.0,1.0,5.0,10.0,,,,,,,,,,,,,,,,3.333333333333333
NERC_EIDC_2023_survival_height,real,teme_survival_v4_nerc,,Adenanthera pavonina,adenanthera_pavonina,Sumatra,Sumatra,84,56,28,0.6666666666666666,0.6666666666666666,2.0,0.687,,Tropical_Forest_Mineral_Soil,5.0,3.0,5.0,5.0,,,,,,,,,,,,,,,,0.0
NERC_EIDC_2023_survival_height,real,teme_survival_v4_nerc,,Allophylus cobbe,allophylus_cobbe,Sumatra,Sumatra,84,33,51,0.39285714285714285,0.39285714285714285,2.0,0.385,,Tropical_Forest_Mineral_Soil,5.0,3.0,5.0,4.0,,,,,,,,,,,,,,,,0.0
NERC_EIDC_2023_survival_height,real,teme_survival_v4_nerc,,Alstonia scholaris,alstonia_scholaris,Sumatra,Sumatra,84,9,75,0.10714285714285714,0.10714285714285714,2.0,0.382,,Tropical_Forest_Mineral_Soil,5.0,3.0,5.0,9.0,,,,,,,,,,,,,,,,0.0
NERC_EIDC_2023_survival_height,real,teme_survival_v4_nerc,,Aqularia sinensis,aqularia_sinensis,Sumatra,Sumatra,84,49,35,0.5833333333333334,0.5833333333333334,2.0,0.529428571,,Tropical_Forest_Mineral_Soil,5.0,3.0,5.0,6.0,,,,,,,,,,,,,,,,0.0
NERC_EIDC_2023_survival_height,real,teme_survival_v4_nerc,,Archidendron bubalinum,archidendron_bubalinum,Sumatra,Sumatra,84,3,81,0.03571428571428571,0.03571428571428571,2.0,0.38,,Tropical_Forest_Mineral_Soil,5.0,3.0,5.0,5.0,,,,,,,,,,,,,,,,0.0
NERC_EIDC_2023_survival_height,real,teme_survival_v4_nerc,,Archidendron ellipticum,archidendron_ellipticum,Sumatra,Sumatra,84,23,61,0.27380952380952384,0.27380952380952384,2.0,0.45,,Tropical_Forest_Mineral_Soil,5.0,3.0,5.0,8.0,,,,,,,,,,,,,,,,0.0
NERC_EIDC_2023_survival_height,real,teme_survival_v4_nerc,,Archidendron jiringa,archidendron_jiringa,Sumatra,Sumatra,84,7,77,0.08333333333333333,0.08333333333333333,2.0,0.317,,Tropical_Forest_Mineral_Soil,5.0,3.0,5.0,5.0,,,,,,,,,,,,,,,,0.0
NERC_EIDC_2023_survival_height,real,teme_survival_v4_nerc,,Artocarpus elasticus,artocarpus_elasticus,Sumatra,Sumatra,84,15,69,0.17857142857142858,0.17857142857142858,2.0,0.363333333,,Tropical_Forest_Mineral_Soil,5.0,3.0,5.0,3.0,,,,,,,,,,,,,,,,0.0
NERC_EIDC_2023_survival_height,real,teme_survival_v4_nerc,,Artocarpus integer,artocarpus_integer,Sumatra,Sumatra,84,11,73,0.13095238095238096,0.13095238095238096,2.0,0.551,,Tropical_Forest_Mineral_Soil,5.0,3.0,5.0,4.0,,,,,,,,,,,,,,,,0.0
NERC_EIDC_2023_survival_height,real,teme_survival_v4_nerc,,Baccaurea bracteata,baccaurea_bracteata,Sumatra,Sumatra,84,32,52,0.38095238095238093,0.38095238095238093,2.0,0.635,,Tropical_Forest_Mineral_Soil,5.0,3.0,5.0,4.0,,,,,,,,,,,,,,,,0.0
NERC_EIDC_2023_survival_height,real,teme_survival_v4_nerc,,Baccaurea sp,baccaurea_sp,Sumatra,Sumatra,84,39,45,0.4642857142857143,0.4642857142857143,2.0,0.625769231,,Tropical_Forest_Mineral_Soil,5.0,3.0,5.0,5.0,,,,,,,,,,,,,,,,0.0
NERC_EIDC_2023_survival_height,real,teme_survival_v4_nerc,,Bhesa paniculata,bhesa_paniculata,Sumatra,Sumatra,84,8,76,0.09523809523809523,0.09523809523809523,2.0,0.655,,Tropical_Forest_Mineral_Soil,5.0,3.0,5.0,3.0,,,,,,,,,,,,,,,,0.0
NERC_EIDC_2023_survival_height,real,teme_survival_v4_nerc,,Dacryodes rostrata,dacryodes_rostrata,Sumatra,Sumatra,84,43,41,0.5119047619047619,0.5119047619047619,2.0,0.55,,Tropical_Forest_Mineral_Soil,5.0,3.0,5.0,3.0,,,,,,,,,,,,,,,,0.0
NERC_EIDC_2023_survival_height,real,teme_survival_v4_nerc,,Dillenia eximia,dillenia_eximia,Sumatra,Sumatra,84,35,49,0.4166666666666667,0.4166666666666667,2.0,0.68,,Tropical_Forest_Mineral_Soil,5.0,3.0,5.0,6.0,,,,,,,,,,,,,,,,0.0
NERC_EIDC_2023_survival_height,real,teme_survival_v4_nerc,,Durio griffithii,durio_griffithii,Sumatra,Sumatra,84,19,65,0.2261904761904762,0.2261904761904762,2.0,0.543648148,,Tropical_Forest_Mineral_Soil,5.0,3.0,5.0,3.0,,,,,,,,,,,,,,,,0.0
NERC_EIDC_2023_survival_height,real,teme_survival_v4_nerc,,Dyera costulata,dyera_costulata,Sumatra,Sumatra,84,49,35,0.5833333333333334,0.5833333333333334,2.0,0.3375,,Tropical_Forest_Mineral_Soil,5.0,3.0,5.0,5.0,,,,,,,,,,,,,,,,0.0
NERC_EIDC_2023_survival_height,real,teme_survival_v4_nerc,,Endospermum diadenum,endospermum_diadenum,Sumatra,Sumatra,84,22,62,0.2619047619047619,0.2619047619047619,2.0,0.366666667,,Tropical_Forest_Mineral_Soil,5.0,3.0,5.0,5.0,,,,,,,,,,,,,,,,0.0
NERC_EIDC_2023_survival_height,real,teme_survival_v4_nerc,,Eusideroxylon zwageri,eusideroxylon_zwageri,Sumatra,Sumatra,84,40,44,0.47619047619047616,0.47619047619047616,2.0,0.786666667,,Tropical_Forest_Mineral_Soil,5.0,3.0,5.0,3.0,,,,,,,,,,,,,,,,0.0
NERC_EIDC_2023_survival_height,real,teme_survival_v4_nerc,,Hopea mengarawan,hopea_mengarawan,Sumatra,Sumatra,84,42,42,0.5,0.5,2.0,0.56,,Tropical_Forest_Mineral_Soil,5.0,3.0,5.0,6.0,,,,,,,,,,,,,,,,0.0
NERC_EIDC_2023_survival_height,real,teme_survival_v4_nerc,,Horsfeldia irya,horsfeldia_irya,Sumatra,Sumatra,84,37,47,0.44047619047619047,0.44047619047619047,2.0,0.441512037,,Tropical_Forest_Mineral_Soil,5.0,3.0,5.0,3.0,,,,,,,,,,,,,,,,0.0
NERC_EIDC_2023_survival_height,real,teme_survival_v4_nerc,,Intsia palembanica,intsia_palembanica,Sumatra,Sumatra,84,34,50,0.40476190476190477,0.40476190476190477,2.0,0.658666667,,Tropical_Forest_Mineral_Soil,5.0,3.0,5.0,4.0,,,,,,,,,,,,,,,,0.0
NERC_EIDC_2023_survival_height,real,teme_survival_v4_nerc,,Irvingia malayana,irvingia_malayana,Sumatra,Sumatra,84,39,45,0.4642857142857143,0.4642857142857143,2.0,0.883333333,,Tropical_Forest_Mineral_Soil,5.0,3.0,5.0,5.0,,,,,,,,,,,,,,,,0.0
NERC_EIDC_2023_survival_height,real,teme_survival_v4_nerc,,Kokoona ochracea,kokoona_ochracea,Sumatra,Sumatra,84,26,58,0.30952380952380953,0.30952380952380953,2.0,0.639267989,,Tropical_Forest_Mineral_Soil,5.0,3.0,5.0,2.0,,,,,,,,,,,,,,,,0.0
NERC_EIDC_2023_survival_height,real,teme_survival_v4_nerc,,Koompassia malaccensis,koompassia_malaccensis,Sumatra,Sumatra,84,38,46,0.4523809523809524,0.4523809523809524,2.0,0.76,,Tropical_Forest_Mineral_Soil,5.0,3.0,5.0,3.0,,,,,,,,,,,,,,,,0.0
NERC_EIDC_2023_survival_height,real,teme_survival_v4_nerc,,Nageia wallichiana,nageia_wallichiana,Sumatra,Sumatra,84,52,32,0.6190476190476191,0.6190476190476191,2.0,0.521333333,,Tropical_Forest_Mineral_Soil,5.0,3.0,5.0,4.0,,,,,,,,,,,,,,,,0.0
NERC_EIDC_2023_survival_height,real,teme_survival_v4_nerc,,Palaquium gutta,palaquium_gutta,Sumatra,Sumatra,84,42,42,0.5,0.5,2.0,0.615,,Tropical_Forest_Mineral_Soil,5.0,3.0,5.0,5.0,,,,,,,,,,,,,,,,0.0
NERC_EIDC_2023_survival_height,real,teme_survival_v4_nerc,,Palaquium sp,palaquium_sp,Sumatra,Sumatra,84,41,43,0.4880952380952381,0.4880952380952381,2.0,0.443,,Tropical_Forest_Mineral_Soil,5.0,3.0,5.0,6.0,,,,,,,,,,,,,,,,0.0
NERC_EIDC_2023_survival_height,real,teme_survival_v4_nerc,,Parkia speciosa,parkia_speciosa,Sumatra,Sumatra,84,21,63,0.25,0.25,2.0,0.395,,Tropical_Forest_Mineral_Soil,5.0,3.0,5.0,4.0,,,,,,,,,,,,,,,,0.0
NERC_EIDC_2023_survival_height,real,teme_survival_v4_nerc,,Peronema canescens,peronema_canescens,Sumatra,Sumatra,84,51,33,0.6071428571428571,0.6071428571428571,2.0,0.57,,Tropical_Forest_Mineral_Soil,5.0,3.0,5.0,9.0,,,,,,,,,,,,,,,,0.0
NERC_EIDC_2023_survival_height,real,teme_survival_v4_nerc,,Scaphium macropodum,scaphium_macropodum,Sumatra,Sumatra,84,37,47,0.44047619047619047,0.44047619047619047,2.0,0.53,,Tropical_Forest_Mineral_Soil,5.0,3.0,5.0,4.0,,,,,,,,,,,,,,,,0.0
NERC_EIDC_2023_survival_height,real,teme_survival_v4_nerc,,Shorea leprosula,shorea_leprosula,Sumatra,Sumatra,84,14,70,0.16666666666666666,0.16666666666666666,2.0,0.44,,Tropical_Forest_Mineral_Soil,5.0,3.0,5.0,9.0,,,,,,,,,,,,,,,,0.0
NERC_EIDC_2023_survival_height,real,teme_survival_v4_nerc,,Shorea ovalis,shorea_ovalis,Sumatra,Sumatra,84,31,53,0.36904761904761907,0.36904761904761907,2.0,0.43,,Tropical_Forest_Mineral_Soil,5.0,3.0,5.0,4.0,,,,,,,,,,,,,,,,0.0
NERC_EIDC_2023_survival_height,real,teme_survival_v4_nerc,,Shorea palembanica,shorea_palembanica,Sumatra,Sumatra,84,33,51,0.39285714285714285,0.39285714285714285,2.0,0.453333333,,Tropical_Forest_Mineral_Soil,5.0,3.0,5.0,6.0,,,,,,,,,,,,,,,,0.0
NERC_EIDC_2023_survival_height,real,teme_survival_v4_nerc,,Sindora leiocarpa,sindora_leiocarpa,Sumatra,Sumatra,84,39,45,0.4642857142857143,0.4642857142857143,2.0,0.51,,Tropical_Forest_Mineral_Soil,5.0,3.0,5.0,5.0,,,,,,,,,,,,,,,,0.0
NERC_EIDC_2023_survival_height,real,teme_survival_v4_nerc,,Sterculia oblongata,sterculia_oblongata,Sumatra,Sumatra,84,42,42,0.5,0.5,2.0,0.22,,Tropical_Forest_Mineral_Soil,5.0,3.0,5.0,7.0,,,,,,,,,,,,,,,,0.0
NERC_EIDC_2023_survival_height,real,teme_survival_v4_nerc,,Syzygium sp,syzygium_sp,Sumatra,Sumatra,84,49,35,0.5833333333333334,0.5833333333333334,2.0,0.679166667,,Tropical_Forest_Mineral_Soil,5.0,3.0,5.0,4.0,,,,,,,,,,,,,,,,0.0
NERC_EIDC_2023_survival_height,real,teme_survival_v4_nerc,,Terminalia subspathulata,terminalia_subspathulata,Sumatra,Sumatra,84,39,45,0.4642857142857143,0.4642857142857143,2.0,0.54,,Tropical_Forest_Mineral_Soil,5.0,3.0,5.0,5.0,,,,,,,,,,,,,,,,0.0
NERC_EIDC_2023_survival_height,real,teme_survival_v4_nerc,,Xerospermum noronhianum,xerospermum_noronhianum,Sumatra,Sumatra,84,29,55,0.34523809523809523,0.34523809523809523,2.0,0.77,,Tropical_Forest_Mineral_Soil,5.0,3.0,5.0,4.0,,,,,,,,,,,,,,,,0.0
NERC_EIDC_2023_survival_height,real,teme_survival_v4_nerc,,Araucaria hunsteinii,araucaria_hunsteinii,Malaysia,Malaysia,36,14,22,0.3888888888888889,0.3888888888888889,3.71,0.387,,Tropical_Forest_Mineral_Soil,5.0,3.0,5.0,5.0,,,,,,,,,,,,,,,,0.0
NERC_EIDC_2023_survival_height,real,teme_survival_v4_nerc,,Falcataria moluccana,falcataria_moluccana,Malaysia,Malaysia,36,34,2,0.9444444444444444,0.9444444444444444,3.79,0.702416609,,Tropical_Forest_Mineral_Soil,5.0,3.0,5.0,5.0,,,,,,,,,,,,,,,,0.0
NERC_EIDC_2023_survival_height,real,teme_survival_v4_nerc,,Gmelina arborea,gmelina_arborea,Malaysia,Malaysia,36,10,26,0.2777777777777778,0.2777777777777778,3.71,0.42975,,Tropical_Forest_Mineral_Soil,5.0,3.0,5.0,5.0,,,,,,,,,,,,,,,,0.0
NERC_EIDC_2023_survival_height,real,teme_survival_v4_nerc,,Peronema canescens,peronema_canescens,Malaysia,Malaysia,36,31,5,0.8611111111111112,0.8611111111111112,1.0,0.57,,Tropical_Forest_Mineral_Soil,5.0,3.0,5.0,5.0,,,,,,,,,,,,,,,,0.0
NERC_EIDC_2023_survival_height,real,teme_survival_v4_nerc,,Hopea nervosa,hopea_nervosa,East Kalimantan,East Kalimantan,36,27,9,0.75,0.75,4.0,0.613333333,,Tropical_Forest_Mineral_Soil,5.0,8.0,5.0,5.0,,,,,,,,,,,,,,,,0.0
NERC_EIDC_2023_survival_height,real,teme_survival_v4_nerc,,Hopea nervosa,hopea_nervosa,East Kalimantan,East Kalimantan,36,23,13,0.6388888888888888,0.6388888888888888,4.0,0.613333333,,Tropical_Forest_Mineral_Soil,5.0,8.0,5.0,5.0,,,,,,,,,,,,,,,,0.0
NERC_EIDC_2023_survival_height,real,teme_survival_v4_nerc,,Hopea nervosa,hopea_nervosa,East Kalimantan,East Kalimantan,36,19,17,0.5277777777777778,0.5277777777777778,4.0,0.613333333,,Tropical_Forest_Mineral_Soil,5.0,8.0,5.0,5.0,,,,,,,,,,,,,,,,0.0
NERC_EIDC_2023_survival_height,real,teme_survival_v4_nerc,,Castanea henryi,castanea_henryi,Jiangxi,Jiangxi,363,271,92,0.7465564738292011,0.7465564738292011,1.5,0.541,,Tropical_Forest_Mineral_Soil,5.0,3.0,5.0,5.0,,,,,,,,,,,,,,,,0.8333333333333333
NERC_EIDC_2023_survival_height,real,teme_survival_v4_nerc,,Castanopsis indica,castanopsis_indica,Jiangxi,Jiangxi,363,345,18,0.9504132231404959,0.9504132231404959,1.5,0.59575,,Tropical_Forest_Mineral_Soil,5.0,3.0,5.0,6.0,,,,,,,,,,,,,,,,0.8333333333333333
NERC_EIDC_2023_survival_height,real,teme_survival_v4_nerc,,Elaeocarpus sylvestris,elaeocarpus_sylvestris,Jiangxi,Jiangxi,363,345,18,0.9504132231404959,0.9504132231404959,1.5,0.475,,Tropical_Forest_Mineral_Soil,5.0,3.0,5.0,7.0,,,,,,,,,,,,,,,,0.8333333333333333
NERC_EIDC_2023_survival_height,real,teme_survival_v4_nerc,,Schima superba,schima_superba,Jiangxi,Jiangxi,363,268,95,0.7382920110192838,0.7382920110192838,1.5,0.5375,,Tropical_Forest_Mineral_Soil,5.0,3.0,5.0,7.0,,,,,,,,,,,,,,,,0.8333333333333333
NERC_EIDC_2023_survival_height,real,teme_survival_v4_nerc,,Shorea balangeran,shorea_balangeran,Central Kalimantan,Central Kalimantan,30,20,10,0.6666666666666666,0.6666666666666666,3.0,0.69,,Tropical_Peat_Swamp_Forest,2.0,8.0,5.0,5.0,,,,,,,,,,,,,,,,0.8333333333333333
NERC_EIDC_2023_survival_height,real,teme_survival_v4_nerc,,Shorea macrophylla,shorea_macrophylla,Sarawak,Sarawak,154,122,32,0.7922077922077922,0.7922077922077922,21.08,0.32,,Tropical_Forest_Mineral_Soil,5.0,3.0,5.0,9.0,,,,,,,,,,,,,,,,0.0
NERC_EIDC_2023_survival_height,real,teme_survival_v4_nerc,,Dyera polyphylla,dyera_polyphylla,Central Kalimantan,Central Kalimantan,252,171,81,0.6785714285714286,0.6785714285714286,1.0,0.33,,Unknown_TropicalAsia,5.0,8.0,5.0,5.0,,,,,,,,,,,,,,,,0.0
NERC_EIDC_2023_survival_height,real,teme_survival_v4_nerc,,Melaleuca cajuputi,melaleuca_cajuputi,Central Kalimantan,Central Kalimantan,636,460,176,0.7232704402515723,0.7232704402515723,1.0,0.756647186,,Unknown_TropicalAsia,5.0,8.0,5.0,5.0,,,,,,,,,,,,,,,,0.0
NERC_EIDC_2023_survival_height,real,teme_survival_v4_nerc,,Shorea balangeran,shorea_balangeran,Central Kalimantan,Central Kalimantan,343,195,148,0.5685131195335277,0.5685131195335277,1.0,0.69,,Unknown_TropicalAsia,5.0,8.0,5.0,5.0,,,,,,,,,,,,,,,,0.0
NERC_EIDC_2023_survival_height,real,teme_survival_v4_nerc,,Dyera polyphylla,dyera_polyphylla,Central Kalimantan,Central Kalimantan,42,30,12,0.7142857142857143,0.7142857142857143,2.0,0.33,,Unknown_TropicalAsia,5.0,8.0,5.0,4.0,,,,,,,,,,,,,,,,0.0
NERC_EIDC_2023_survival_height,real,teme_survival_v4_nerc,,Melaleuca cajuputi,melaleuca_cajuputi,Central Kalimantan,Central Kalimantan,123,91,32,0.7398373983739838,0.7398373983739838,2.0,0.756647186,,Unknown_TropicalAsia,5.0,8.0,5.0,9.0,,,,,,,,,,,,,,,,0.0
NERC_EIDC_2023_survival_height,real,teme_survival_v4_nerc,,Shorea balangeran,shorea_balangeran,Central Kalimantan,Central Kalimantan,85,47,38,0.5529411764705883,0.5529411764705883,2.0,0.69,,Unknown_TropicalAsia,5.0,8.0,5.0,10.0,,,,,,,,,,,,,,,,0.0
NERC_EIDC_2023_survival_height,real,teme_survival_v4_nerc,,Alstonia pneumatophora,alstonia_pneumatophora,Jambi,Jambi,500,405,95,0.81,0.81,1.0,0.295,,Tropical_Peat_Swamp_Forest,2.0,8.0,5.0,5.0,,,,,,,,,,,,,,,,0.8333333333333333
NERC_EIDC_2023_survival_height,real,teme_survival_v4_nerc,,Aquilaria microcarpa,aquilaria_microcarpa,Jambi,Jambi,500,190,310,0.38,0.38,1.0,0.337666667,,Tropical_Peat_Swamp_Forest,2.0,8.0,5.0,5.0,,,,,,,,,,,,,,,,0.8333333333333333
NERC_EIDC_2023_survival_height,real,teme_survival_v4_nerc,,Dyera polyphylla,dyera_polyphylla,Jambi,Jambi,500,380,120,0.76,0.76,1.0,0.33,,Tropical_Peat_Swamp_Forest,2.0,8.0,5.0,2.0,,,,,,,,,,,,,,,,0.8333333333333333
NERC_EIDC_2023_survival_height,real,teme_survival_v4_nerc,,Elaeocarpus floribundus,elaeocarpus_floribundus,Jambi,Jambi,500,400,100,0.8,0.8,1.0,0.58,,Tropical_Peat_Swamp_Forest,2.0,8.0,5.0,5.0,,,,,,,,,,,,,,,,0.8333333333333333
NERC_EIDC_2023_survival_height,real,teme_survival_v4_nerc,,Fagraea crenulata,fagraea_crenulata,Jambi,Jambi,500,390,110,0.78,0.78,1.0,0.47,,Tropical_Peat_Swamp_Forest,2.0,8.0,5.0,5.0,,,,,,,,,,,,,,,,0.8333333333333333
NERC_EIDC_2023_survival_height,real,teme_survival_v4_nerc,,Mangifera indica,mangifera_indica,Jambi,Jambi,30,30,0,1.0,1.0,1.0,0.5525,,Tropical_Peat_Swamp_Forest,2.0,8.0,5.0,5.0,,,,,,,,,,,,,,,,0.8333333333333333
NERC_EIDC_2023_survival_height,real,teme_survival_v4_nerc,,Metroxylon sagu,metroxylon_sagu,Jambi,Jambi,250,0,250,0.0,0.0,1.0,0.551760417,,Tropical_Peat_Swamp_Forest,2.0,8.0,5.0,5.0,,,,,,,,,,,,,,,,0.8333333333333333
NERC_EIDC_2023_survival_height,real,teme_survival_v4_nerc,,Nephelium lappaceum,nephelium_lappaceum,Jambi,Jambi,30,30,0,1.0,1.0,1.0,0.7102,,Tropical_Peat_Swamp_Forest,2.0,8.0,5.0,5.0,,,,,,,,,,,,,,,,0.8333333333333333
NERC_EIDC_2023_survival_height,real,teme_survival_v4_nerc,,Shorea balangeran,shorea_balangeran,Jambi,Jambi,500,470,30,0.94,0.94,1.0,0.69,,Tropical_Peat_Swamp_Forest,2.0,8.0,5.0,3.0,,,,,,,,,,,,,,,,0.8333333333333333
NERC_EIDC_2023_survival_height,real,teme_survival_v4_nerc,,Adenanthera pavonina,adenanthera_pavonina,Central Kalimantan,Central Kalimantan,107,0,107,0.0,0.0,2.0,0.687,8.5,Tropical_Peat_Swamp_Forest,2.0,8.0,5.0,5.0,,,,,,,,,,,,,,,,0.0
NERC_EIDC_2023_survival_height,real,teme_survival_v4_nerc,,Aglaia rubiginosa,aglaia_rubiginosa,Central Kalimantan,Central Kalimantan,17,2,15,0.11764705882352941,0.11764705882352941,2.0,0.76,8.5,Tropical_Peat_Swamp_Forest,2.0,8.0,5.0,5.0,,,,,,,,,,,,,,,,0.0
NERC_EIDC_2023_survival_height,real,teme_survival_v4_nerc,,Alseodaphne coriacea,alseodaphne_coriacea,Central Kalimantan,Central Kalimantan,107,1,106,0.009345794392523364,0.009345794392523364,2.0,0.5631,8.5,Tropical_Peat_Swamp_Forest,2.0,8.0,5.0,5.0,,,,,,,,,,,,,,,,0.0
NERC_EIDC_2023_survival_height,real,teme_survival_v4_nerc,,Alstonia pneumatophora,alstonia_pneumatophora,Central Kalimantan,Central Kalimantan,108,39,69,0.3611111111111111,0.3611111111111111,1.67,0.295,8.5,Tropical_Peat_Swamp_Forest,2.0,8.0,5.0,5.0,,,,,,,,,,,,,,,,0.8333333333333333
NERC_EIDC_2023_survival_height,real,teme_survival_v4_nerc,,Alstonia pneumatophora,alstonia_pneumatophora,Central Kalimantan,Central Kalimantan,108,52,56,0.48148148148148145,0.48148148148148145,1.67,0.295,8.5,Tropical_Peat_Swamp_Forest,2.0,8.0,5.0,5.0,,,,,,,,,,,,,,,,0.8333333333333333
NERC_EIDC_2023_survival_height,real,teme_survival_v4_nerc,,Alstonia pneumatophora,alstonia_pneumatophora,Central Kalimantan,Central Kalimantan,108,77,31,0.7129629629629629,0.7129629629629629,1.67,0.295,8.5,Tropical_Peat_Swamp_Forest,2.0,8.0,5.0,5.0,,,,,,,,,,,,,,,,0.8333333333333333
NERC_EIDC_2023_survival_height,real,teme_survival_v4_nerc,,Alstonia pneumatophora,alstonia_pneumatophora,Central Kalimantan,Central Kalimantan,24,8,16,0.3333333333333333,0.3333333333333333,1.67,0.295,8.5,Tropical_Peat_Swamp_Forest,2.0,8.0,5.0,5.0,,,,,,,,,,,,,,,,0.8333333333333333
NERC_EIDC_2023_survival_height,real,teme_survival_v4_nerc,,Alstonia pneumatophora,alstonia_pneumatophora,Central Kalimantan,Central Kalimantan,108,62,46,0.5740740740740741,0.5740740740740741,1.67,0.295,8.5,Tropical_Peat_Swamp_Forest,2.0,8.0,5.0,5.0,,,,,,,,,,,,,,,,1.6666666666666665
NERC_EIDC_2023_survival_height,real,teme_survival_v4_nerc,,Alstonia pneumatophora,alstonia_pneumatophora,Central Kalimantan,Central Kalimantan,24,7,17,0.2916666666666667,0.2916666666666667,1.67,0.295,8.5,Tropical_Peat_Swamp_Forest,2.0,8.0,5.0,3.0,,,,,,,,,,,,,,,,1.6666666666666665
NERC_EIDC_2023_survival_height,real,teme_survival_v4_nerc,,Alstonia pneumatophora,alstonia_pneumatophora,Central Kalimantan,Central Kalimantan,24,17,7,0.7083333333333334,0.7083333333333334,1.67,0.295,8.5,Tropical_Peat_Swamp_Forest,2.0,8.0,5.0,3.0,,,,,,,,,,,,,,,,2.5
NERC_EIDC_2023_survival_height,real,teme_survival_v4_nerc,,Alstonia pneumatophora,alstonia_pneumatophora,Central Kalimantan,Central Kalimantan,108,70,38,0.6481481481481481,0.6481481481481481,1.67,0.295,8.5,Tropical_Peat_Swamp_Forest,2.0,8.0,5.0,3.0,,,,,,,,,,,,,,,,1.6666666666666665
NERC_EIDC_2023_survival_height,real,teme_survival_v4_nerc,,Alstonia pneumatophora,alstonia_pneumatophora,Central Kalimantan,Central Kalimantan,24,19,5,0.7916666666666666,0.7916666666666666,1.67,0.295,8.5,Tropical_Peat_Swamp_Forest,2.0,8.0,5.0,2.0,,,,,,,,,,,,,,,,1.6666666666666665
NERC_EIDC_2023_survival_height,real,teme_survival_v4_nerc,,Alstonia pneumatophora,alstonia_pneumatophora,Central Kalimantan,Central Kalimantan,24,10,14,0.4166666666666667,0.4166666666666667,1.67,0.295,8.5,Tropical_Peat_Swamp_Forest,2.0,8.0,5.0,4.0,,,,,,,,,,,,,,,,2.5
NERC_EIDC_2023_survival_height,real,teme_survival_v4_nerc,,Alstonia pneumatophora,alstonia_pneumatophora,Central Kalimantan,Central Kalimantan,108,6,102,0.05555555555555555,0.05555555555555555,2.0,0.295,8.5,Tropical_Peat_Swamp_Forest,2.0,8.0,5.0,5.0,,,,,,,,,,,,,,,,0.0
NERC_EIDC_2023_survival_height,real,teme_survival_v4_nerc,,Artocarpus integer,artocarpus_integer,Central Kalimantan,Central Kalimantan,108,0,108,0.0,0.0,2.0,0.551,8.5,Tropical_Peat_Swamp_Forest,2.0,8.0,5.0,5.0,,,,,,,,,,,,,,,,0.0
NERC_EIDC_2023_survival_height,real,teme_survival_v4_nerc,,Baccaurea bracteata,baccaurea_bracteata,Central Kalimantan,Central Kalimantan,107,0,107,0.0,0.0,2.0,0.635,8.5,Tropical_Peat_Swamp_Forest,2.0,8.0,5.0,5.0,,,,,,,,,,,,,,,,0.0
NERC_EIDC_2023_survival_height,real,teme_survival_v4_nerc,,Campnosperma squamatum,campnosperma_squamatum,Central Kalimantan,Central Kalimantan,108,42,66,0.3888888888888889,0.3888888888888889,1.67,0.39,8.5,Tropical_Peat_Swamp_Forest,2.0,8.0,5.0,5.0,,,,,,,,,,,,,,,,0.8333333333333333
NERC_EIDC_2023_survival_height,real,teme_survival_v4_nerc,,Campnosperma squamatum,campnosperma_squamatum,Central Kalimantan,Central Kalimantan,108,38,70,0.35185185185185186,0.35185185185185186,1.67,0.39,8.5,Tropical_Peat_Swamp_Forest,2.0,8.0,5.0,5.0,,,,,,,,,,,,,,,,0.8333333333333333
NERC_EIDC_2023_survival_height,real,teme_survival_v4_nerc,,Campnosperma squamatum,campnosperma_squamatum,Central Kalimantan,Central Kalimantan,108,3,105,0.027777777777777776,0.027777777777777776,2.0,0.39,8.5,Tropical_Peat_Swamp_Forest,2.0,8.0,5.0,5.0,,,,,,,,,,,,,,,,0.0
NERC_EIDC_2023_survival_height,real,teme_survival_v4_nerc,,Dacryodes rostrata,dacryodes_rostrata,Central Kalimantan,Central Kalimantan,108,23,85,0.21296296296296297,0.21296296296296297,2.0,0.55,8.5,Tropical_Peat_Swamp_Forest,2.0,8.0,5.0,5.0,,,,,,,,,,,,,,,,0.0
NERC_EIDC_2023_survival_height,real,teme_survival_v4_nerc,,Dacryodes rostrata,dacryodes_rostrata,Central Kalimantan,Central Kalimantan,108,76,32,0.7037037037037037,0.7037037037037037,1.67,0.55,8.5,Tropical_Peat_Swamp_Forest,2.0,8.0,5.0,5.0,,,,,,,,,,,,,,,,0.8333333333333333
NERC_EIDC_2023_survival_height,real,teme_survival_v4_nerc,,Dacryodes rostrata,dacryodes_rostrata,Central Kalimantan,Central Kalimantan,108,80,28,0.7407407407407407,0.7407407407407407,1.67,0.55,8.5,Tropical_Peat_Swamp_Forest,2.0,8.0,5.0,5.0,,,,,,,,,,,,,,,,0.8333333333333333
NERC_EIDC_2023_survival_height,real,teme_survival_v4_nerc,,Durio zibethinus,durio_zibethinus,Central Kalimantan,Central Kalimantan,17,1,16,0.058823529411764705,0.058823529411764705,2.0,0.516,8.5,Tropical_Peat_Swamp_Forest,2.0,8.0,5.0,5.0,,,,,,,,,,,,,,,,0.0
NERC_EIDC_2023_survival_height,real,teme_survival_v4_nerc,,Dyera polyphylla,dyera_polyphylla,Central Kalimantan,Central Kalimantan,18,0,18,0.0,0.0,1.67,0.33,8.5,Tropical_Peat_Swamp_Forest,2.0,8.0,5.0,5.0,,,,,,,,,,,,,,,,0.8333333333333333
NERC_EIDC_2023_survival_height,real,teme_survival_v4_nerc,,Dyera polyphylla,dyera_polyphylla,Central Kalimantan,Central Kalimantan,54,13,41,0.24074074074074073,0.24074074074074073,2.0,0.33,8.5,Tropical_Peat_Swamp_Forest,2.0,8.0,5.0,5.0,,,,,,,,,,,,,,,,0.0
NERC_EIDC_2023_survival_height,real,teme_survival_v4_nerc,,Dyera polyphylla,dyera_polyphylla,Central Kalimantan,Central Kalimantan,54,4,50,0.07407407407407407,0.07407407407407407,1.67,0.33,8.5,Tropical_Peat_Swamp_Forest,2.0,8.0,5.0,5.0,,,,,,,,,,,,,,,,0.8333333333333333
NERC_EIDC_2023_survival_height,real,teme_survival_v4_nerc,,Dyera polyphylla,dyera_polyphylla,Central Kalimantan,Central Kalimantan,54,29,25,0.5370370370370371,0.5370370370370371,1.67,0.33,8.5,Tropical_Peat_Swamp_Forest,2.0,8.0,5.0,5.0,,,,,,,,,,,,,,,,0.8333333333333333
NERC_EIDC_2023_survival_height,real,teme_survival_v4_nerc,,Dyera polyphylla,dyera_polyphylla,Central Kalimantan,Central Kalimantan,18,0,18,0.0,0.0,1.67,0.33,8.5,Tropical_Peat_Swamp_Forest,2.0,8.0,5.0,5.0,,,,,,,,,,,,,,,,1.6666666666666665
NERC_EIDC_2023_survival_height,real,teme_survival_v4_nerc,,Dyera polyphylla,dyera_polyphylla,Central Kalimantan,Central Kalimantan,54,13,41,0.24074074074074073,0.24074074074074073,1.67,0.33,8.5,Tropical_Peat_Swamp_Forest,2.0,8.0,5.0,5.0,,,,,,,,,,,,,,,,1.6666666666666665
NERC_EIDC_2023_survival_height,real,teme_survival_v4_nerc,,Gymnacranthera farquhariana,gymnacranthera_farquhariana,Central Kalimantan,Central Kalimantan,106,0,106,0.0,0.0,2.0,0.58,8.5,Tropical_Peat_Swamp_Forest,2.0,8.0,5.0,5.0,,,,,,,,,,,,,,,,0.0
NERC_EIDC_2023_survival_height,real,teme_survival_v4_nerc,,Horsfieldia crassifolia,horsfieldia_crassifolia,Central Kalimantan,Central Kalimantan,106,3,103,0.02830188679245283,0.02830188679245283,2.0,0.441512037,8.5,Tropical_Peat_Swamp_Forest,2.0,8.0,5.0,5.0,,,,,,,,,,,,,,,,0.0
NERC_EIDC_2023_survival_height,real,teme_survival_v4_nerc,,Lithocarpus dasystachyus,lithocarpus_dasystachyus,Central Kalimantan,Central Kalimantan,35,1,34,0.02857142857142857,0.02857142857142857,2.0,0.673393116,8.5,Tropical_Peat_Swamp_Forest,2.0,8.0,5.0,5.0,,,,,,,,,,,,,,,,0.0
NERC_EIDC_2023_survival_height,real,teme_survival_v4_nerc,,Nephelium maingayi,nephelium_maingayi,Central Kalimantan,Central Kalimantan,52,0,52,0.0,0.0,2.0,0.7782,8.5,Tropical_Peat_Swamp_Forest,2.0,8.0,5.0,5.0,,,,,,,,,,,,,,,,0.0
NERC_EIDC_2023_survival_height,real,teme_survival_v4_nerc,,Palaquium leiocarpum,palaquium_leiocarpum,Central Kalimantan,Central Kalimantan,54,0,54,0.0,0.0,2.0,0.71,8.5,Tropical_Peat_Swamp_Forest,2.0,8.0,5.0,5.0,,,,,,,,,,,,,,,,0.0
NERC_EIDC_2023_survival_height,real,teme_survival_v4_nerc,,Sandoricum beccarianum,sandoricum_beccarianum,Central Kalimantan,Central Kalimantan,36,1,35,0.027777777777777776,0.027777777777777776,2.0,0.38,8.5,Tropical_Peat_Swamp_Forest,2.0,8.0,5.0,5.0,,,,,,,,,,,,,,,,0.0
NERC_EIDC_2023_survival_height,real,teme_survival_v4_nerc,,Shorea balangeran,shorea_balangeran,Central Kalimantan,Central Kalimantan,108,89,19,0.8240740740740741,0.8240740740740741,1.67,0.69,8.5,Tropical_Peat_Swamp_Forest,2.0,8.0,5.0,5.0,,,,,,,,,,,,,,,,0.8333333333333333
NERC_EIDC_2023_survival_height,real,teme_survival_v4_nerc,,Shorea balangeran,shorea_balangeran,Central Kalimantan,Central Kalimantan,108,79,29,0.7314814814814815,0.7314814814814815,1.67,0.69,8.5,Tropical_Peat_Swamp_Forest,2.0,8.0,5.0,5.0,,,,,,,,,,,,,,,,0.8333333333333333
NERC_EIDC_2023_survival_height,real,teme_survival_v4_nerc,,Shorea balangeran,shorea_balangeran,Central Kalimantan,Central Kalimantan,108,100,8,0.9259259259259259,0.9259259259259259,1.67,0.69,8.5,Tropical_Peat_Swamp_Forest,2.0,8.0,5.0,5.0,,,,,,,,,,,,,,,,0.8333333333333333
NERC_EIDC_2023_survival_height,real,teme_survival_v4_nerc,,Shorea balangeran,shorea_balangeran,Central Kalimantan,Central Kalimantan,24,21,3,0.875,0.875,1.67,0.69,8.5,Tropical_Peat_Swamp_Forest,2.0,8.0,5.0,5.0,,,,,,,,,,,,,,,,0.8333333333333333
NERC_EIDC_2023_survival_height,real,teme_survival_v4_nerc,,Shorea balangeran,shorea_balangeran,Central Kalimantan,Central Kalimantan,108,97,11,0.8981481481481481,0.8981481481481481,1.67,0.69,8.5,Tropical_Peat_Swamp_Forest,2.0,8.0,5.0,5.0,,,,,,,,,,,,,,,,1.6666666666666665
NERC_EIDC_2023_survival_height,real,teme_survival_v4_nerc,,Shorea balangeran,shorea_balangeran,Central Kalimantan,Central Kalimantan,24,24,0,1.0,1.0,1.67,0.69,8.5,Tropical_Peat_Swamp_Forest,2.0,8.0,5.0,4.0,,,,,,,,,,,,,,,,1.6666666666666665
NERC_EIDC_2023_survival_height,real,teme_survival_v4_nerc,,Shorea balangeran,shorea_balangeran,Central Kalimantan,Central Kalimantan,108,24,84,0.2222222222222222,0.2222222222222222,2.0,0.69,8.5,Tropical_Peat_Swamp_Forest,2.0,8.0,5.0,5.0,,,,,,,,,,,,,,,,0.0
NERC_EIDC_2023_survival_height,real,teme_survival_v4_nerc,,Shorea balangeran,shorea_balangeran,Central Kalimantan,Central Kalimantan,24,21,3,0.875,0.875,1.67,0.69,8.5,Tropical_Peat_Swamp_Forest,2.0,8.0,5.0,6.0,,,,,,,,,,,,,,,,2.5
NERC_EIDC_2023_survival_height,real,teme_survival_v4_nerc,,Shorea balangeran,shorea_balangeran,Central Kalimantan,Central Kalimantan,108,86,22,0.7962962962962963,0.7962962962962963,1.67,0.69,8.5,Tropical_Peat_Swamp_Forest,2.0,8.0,5.0,5.0,,,,,,,,,,,,,,,,1.6666666666666665
NERC_EIDC_2023_survival_height,real,teme_survival_v4_nerc,,Shorea balangeran,shorea_balangeran,Central Kalimantan,Central Kalimantan,24,24,0,1.0,1.0,1.67,0.69,8.5,Tropical_Peat_Swamp_Forest,2.0,8.0,5.0,6.0,,,,,,,,,,,,,,,,1.6666666666666665
NERC_EIDC_2023_survival_height,real,teme_survival_v4_nerc,,Shorea balangeran,shorea_balangeran,Central Kalimantan,Central Kalimantan,24,23,1,0.9583333333333334,0.9583333333333334,1.67,0.69,8.5,Tropical_Peat_Swamp_Forest,2.0,8.0,5.0,5.0,,,,,,,,,,,,,,,,2.5
NERC_EIDC_2023_survival_height,real,teme_survival_v4_nerc,,Syzygium leptostemon,syzygium_leptostemon,Central Kalimantan,Central Kalimantan,108,0,108,0.0,0.0,2.0,0.664366667,8.5,Tropical_Peat_Swamp_Forest,2.0,8.0,5.0,5.0,,,,,,,,,,,,,,,,0.0
NERC_EIDC_2023_survival_height,real,teme_survival_v4_nerc,,Adenanthera pavonina,adenanthera_pavonina,Central Kalimantan,Central Kalimantan,39,1,38,0.02564102564102564,0.02564102564102564,2.0,0.687,8.5,Unknown_TropicalAsia,5.0,8.0,5.0,1.0,,,,,,,,,,,,,,,,0.0
NERC_EIDC_2023_survival_height,real,teme_survival_v4_nerc,,Campnosperma squamatum,campnosperma_squamatum,Central Kalimantan,Central Kalimantan,20,0,20,0.0,0.0,2.0,0.39,8.5,Unknown_TropicalAsia,5.0,8.0,5.0,5.0,,,,,,,,,,,,,,,,0.0
NERC_EIDC_2023_survival_height,real,teme_survival_v4_nerc,,Dacryodes rostrata,dacryodes_rostrata,Central Kalimantan,Central Kalimantan,40,26,14,0.65,0.65,2.0,0.55,8.5,Unknown_TropicalAsia,5.0,8.0,5.0,2.0,,,,,,,,,,,,,,,,0.0
NERC_EIDC_2023_survival_height,real,teme_survival_v4_nerc,,Horsfieldia crassifolia,horsfieldia_crassifolia,Central Kalimantan,Central Kalimantan,20,1,19,0.05,0.05,2.0,0.441512037,8.5,Unknown_TropicalAsia,5.0,8.0,5.0,1.0,,,,,,,,,,,,,,,,0.0
NERC_EIDC_2023_survival_height,real,teme_survival_v4_nerc,,Shorea balangeran,shorea_balangeran,Central Kalimantan,Central Kalimantan,60,49,11,0.8166666666666667,0.8166666666666667,2.0,0.69,8.5,Unknown_TropicalAsia,5.0,8.0,5.0,2.0,,,,,,,,,,,,,,,,0.0
NERC_EIDC_2023_survival_height,real,teme_survival_v4_nerc,,Schima superba,schima_superba,Guangdong,Guangdong,315,103,212,0.326984126984127,0.326984126984127,1.0,0.5375,6.0,Tropical_Forest_Mineral_Soil,5.0,3.0,5.0,2.0,,,,,,,,,,,,,,,,0.0
NERC_EIDC_2023_survival_height,real,teme_survival_v4_nerc,,Schima superba,schima_superba,Guangdong,Guangdong,315,137,178,0.43492063492063493,0.43492063492063493,1.0,0.5375,6.0,Tropical_Forest_Mineral_Soil,5.0,3.0,5.0,3.0,,,,,,,,,,,,,,,,0.8333333333333333
NERC_EIDC_2023_survival_height,real,teme_survival_v4_nerc,,Schima superba,schima_superba,Guangdong,Guangdong,315,180,135,0.5714285714285714,0.5714285714285714,0.42,0.5375,6.0,Tropical_Forest_Mineral_Soil,5.0,3.0,5.0,1.0,,,,,,,,,,,,,,,,0.0
NERC_EIDC_2023_survival_height,real,teme_survival_v4_nerc,,Schima superba,schima_superba,Guangdong,Guangdong,315,180,135,0.5714285714285714,0.5714285714285714,1.0,0.5375,6.0,Tropical_Forest_Mineral_Soil,5.0,3.0,5.0,1.0,,,,,,,,,,,,,,,,0.8333333333333333
NERC_EIDC_2023_survival_height,real,teme_survival_v4_nerc,,Schima superba,schima_superba,Guangdong,Guangdong,315,120,195,0.38095238095238093,0.38095238095238093,1.0,0.5375,6.0,Tropical_Forest_Mineral_Soil,5.0,3.0,5.0,2.0,,,,,,,,,,,,,,,,0.8333333333333333
NERC_EIDC_2023_survival_height,real,teme_survival_v4_nerc,,Castanopsis fissa,castanopsis_fissa,Guangdong,Guangdong,105,100,5,0.9523809523809523,0.9523809523809523,1.75,0.4446,9.0,Tropical_Forest_Mineral_Soil,5.0,3.0,5.0,6.0,,,,,,,,,,,,,,,,0.8333333333333333
NERC_EIDC_2023_survival_height,real,teme_survival_v4_nerc,,Castanopsis fissa,castanopsis_fissa,Guangdong,Guangdong,105,87,18,0.8285714285714286,0.8285714285714286,1.75,0.4446,9.0,Tropical_Forest_Mineral_Soil,5.0,3.0,5.0,4.0,,,,,,,,,,,,,,,,0.8333333333333333
NERC_EIDC_2023_survival_height,real,teme_survival_v4_nerc,,Castanopsis fissa,castanopsis_fissa,Guangdong,Guangdong,105,69,36,0.6571428571428571,0.6571428571428571,1.75,0.4446,9.0,Tropical_Forest_Mineral_Soil,5.0,3.0,5.0,1.0,,,,,,,,,,,,,,,,0.0
NERC_EIDC_2023_survival_height,real,teme_survival_v4_nerc,,Syzygium hancei,syzygium_hancei,Guangdong,Guangdong,105,79,26,0.7523809523809524,0.7523809523809524,1.75,0.664366667,9.0,Tropical_Forest_Mineral_Soil,5.0,3.0,5.0,2.0,,,,,,,,,,,,,,,,0.8333333333333333
NERC_EIDC_2023_survival_height,real,teme_survival_v4_nerc,,Syzygium hancei,syzygium_hancei,Guangdong,Guangdong,105,92,13,0.8761904761904762,0.8761904761904762,1.75,0.664366667,9.0,Tropical_Forest_Mineral_Soil,5.0,3.0,5.0,3.0,,,,,,,,,,,,,,,,0.8333333333333333
NERC_EIDC_2023_survival_height,real,teme_survival_v4_nerc,,Syzygium hancei,syzygium_hancei,Guangdong,Guangdong,105,67,38,0.638095238095238,0.638095238095238,1.75,0.664366667,9.0,Tropical_Forest_Mineral_Soil,5.0,3.0,5.0,2.0,,,,,,,,,,,,,,,,0.0
NERC_EIDC_2023_survival_height,real,teme_survival_v4_nerc,,Acacia auriculiformis,acacia_auriculiformis,Guangdong,Guangdong,90,88,2,0.9777777777777777,0.9777777777777777,1.83,0.68,,Tropical_Forest_Mineral_Soil,5.0,3.0,5.0,6.0,,,,,,,,,,,,,,,,0.8333333333333333
NERC_EIDC_2023_survival_height,real,teme_survival_v4_nerc,,Acacia auriculiformis,acacia_auriculiformis,Guangdong,Guangdong,90,32,58,0.35555555555555557,0.35555555555555557,1.83,0.68,,Tropical_Forest_Mineral_Soil,5.0,3.0,5.0,4.0,,,,,,,,,,,,,,,,0.8333333333333333
NERC_EIDC_2023_survival_height,real,teme_survival_v4_nerc,,Acacia auriculiformis,acacia_auriculiformis,Guangdong,Guangdong,90,26,64,0.28888888888888886,0.28888888888888886,1.83,0.68,,Tropical_Forest_Mineral_Soil,5.0,3.0,5.0,2.0,,,,,,,,,,,,,,,,0.8333333333333333
NERC_EIDC_2023_survival_height,real,teme_survival_v4_nerc,,Schima superba,schima_superba,Guangdong,Guangdong,90,20,70,0.2222222222222222,0.2222222222222222,1.83,0.5375,,Tropical_Forest_Mineral_Soil,5.0,3.0,5.0,2.0,,,,,,,,,,,,,,,,0.8333333333333333
NERC_EIDC_2023_survival_height,real,teme_survival_v4_nerc,,Schima superba,schima_superba,Guangdong,Guangdong,90,79,11,0.8777777777777778,0.8777777777777778,1.83,0.5375,,Tropical_Forest_Mineral_Soil,5.0,3.0,5.0,4.0,,,,,,,,,,,,,,,,0.8333333333333333
NERC_EIDC_2023_survival_height,real,teme_survival_v4_nerc,,Schima superba,schima_superba,Guangdong,Guangdong,90,41,49,0.45555555555555555,0.45555555555555555,1.83,0.5375,,Tropical_Forest_Mineral_Soil,5.0,3.0,5.0,4.0,,,,,,,,,,,,,,,,0.8333333333333333
NERC_EIDC_2023_survival_height,real,teme_survival_v4_nerc,,Quercus edithiae,quercus_edithiae,Hong Kong,Hong Kong,60,11,49,0.18333333333333332,0.18333333333333332,3.5,0.700799975,24.0,Tropical_Forest_Mineral_Soil,5.0,8.0,5.0,5.0,,,,,,,,,,,,,,,,0.0
NERC_EIDC_2023_survival_height,real,teme_survival_v4_nerc,,Quercus edithiae,quercus_edithiae,Hong Kong,Hong Kong,60,22,38,0.36666666666666664,0.36666666666666664,3.5,0.700799975,24.0,Tropical_Forest_Mineral_Soil,5.0,8.0,5.0,5.0,,,,,,,,,,,,,,,,0.8333333333333333
NERC_EIDC_2023_survival_height,real,teme_survival_v4_nerc,,Quercus edithiae,quercus_edithiae,Hong Kong,Hong Kong,60,36,24,0.6,0.6,3.5,0.700799975,24.0,Tropical_Forest_Mineral_Soil,5.0,6.0,5.0,5.0,,,,,,,,,,,,,,,,0.8333333333333333
NERC_EIDC_2023_survival_height,real,teme_survival_v4_nerc,,Acer oliverianum,acer_oliverianum,Yunnan,Yunnan,45,27,18,0.6,0.6,2.0,0.517526,,Tropical_Forest_Mineral_Soil,5.0,3.0,5.0,4.0,,,,,,,,,,,,,,,,2.5
NERC_EIDC_2023_survival_height,real,teme_survival_v4_nerc,,Actinodaphne obovata,actinodaphne_obovata,Yunnan,Yunnan,45,0,45,0.0,0.0,2.0,0.51,,Tropical_Forest_Mineral_Soil,5.0,3.0,5.0,5.0,,,,,,,,,,,,,,,,2.5
NERC_EIDC_2023_survival_height,real,teme_survival_v4_nerc,,Alnus nepalensis,alnus_nepalensis,Yunnan,Yunnan,45,42,3,0.9333333333333333,0.9333333333333333,2.0,0.409666667,,Tropical_Forest_Mineral_Soil,5.0,3.0,5.0,9.0,,,,,,,,,,,,,,,,2.5
NERC_EIDC_2023_survival_height,real,teme_survival_v4_nerc,,Betula alnoides,betula_alnoides,Yunnan,Yunnan,45,26,19,0.5777777777777777,0.5777777777777777,2.0,0.5515,,Tropical_Forest_Mineral_Soil,5.0,3.0,5.0,8.0,,,,,,,,,,,,,,,,2.5
NERC_EIDC_2023_survival_height,real,teme_survival_v4_nerc,,Celtis cerasifera,celtis_cerasifera,Yunnan,Yunnan,45,20,25,0.4444444444444444,0.4444444444444444,2.0,0.566228571,,Tropical_Forest_Mineral_Soil,5.0,3.0,5.0,2.0,,,,,,,,,,,,,,,,2.5
NERC_EIDC_2023_survival_height,real,teme_survival_v4_nerc,,Choerospondias axillaris,choerospondias_axillaris,Yunnan,Yunnan,45,25,20,0.5555555555555556,0.5555555555555556,2.0,0.487,,Tropical_Forest_Mineral_Soil,5.0,3.0,5.0,5.0,,,,,,,,,,,,,,,,2.5
NERC_EIDC_2023_survival_height,real,teme_survival_v4_nerc,,Crataegus scabrifolia,crataegus_scabrifolia,Yunnan,Yunnan,45,34,11,0.7555555555555555,0.7555555555555555,2.0,0.66,,Tropical_Forest_Mineral_Soil,5.0,3.0,5.0,5.0,,,,,,,,,,,,,,,,2.5
NERC_EIDC_2023_survival_height,real,teme_survival_v4_nerc,,Diospyros kaki,diospyros_kaki,Yunnan,Yunnan,45,44,1,0.9777777777777777,0.9777777777777777,2.0,0.630333333,,Tropical_Forest_Mineral_Soil,5.0,3.0,5.0,5.0,,,,,,,,,,,,,,,,2.5
NERC_EIDC_2023_survival_height,real,teme_survival_v4_nerc,,Elaeocarpus lanceifolius,elaeocarpus_lanceifolius,Yunnan,Yunnan,45,7,38,0.15555555555555556,0.15555555555555556,2.0,0.523,,Tropical_Forest_Mineral_Soil,5.0,3.0,5.0,5.0,,,,,,,,,,,,,,,,2.5
NERC_EIDC_2023_survival_height,real,teme_survival_v4_nerc,,Heynea trijuga,heynea_trijuga,Yunnan,Yunnan,45,40,5,0.8888888888888888,0.8888888888888888,2.0,0.594346098,,Tropical_Forest_Mineral_Soil,5.0,3.0,5.0,3.0,,,,,,,,,,,,,,,,2.5
NERC_EIDC_2023_survival_height,real,teme_survival_v4_nerc,,Ilex polyneura,ilex_polyneura,Yunnan,Yunnan,45,35,10,0.7777777777777778,0.7777777777777778,2.0,0.5627,,Tropical_Forest_Mineral_Soil,5.0,3.0,5.0,6.0,,,,,,,,,,,,,,,,2.5
NERC_EIDC_2023_survival_height,real,teme_survival_v4_nerc,,Ligustrum lucidum,ligustrum_lucidum,Yunnan,Yunnan,45,42,3,0.9333333333333333,0.9333333333333333,2.0,0.579333333,,Tropical_Forest_Mineral_Soil,5.0,3.0,5.0,3.0,,,,,,,,,,,,,,,,2.5
NERC_EIDC_2023_survival_height,real,teme_survival_v4_nerc,,Lindera communis,lindera_communis,Yunnan,Yunnan,45,41,4,0.9111111111111111,0.9111111111111111,2.0,0.45195,,Tropical_Forest_Mineral_Soil,5.0,3.0,5.0,5.0,,,,,,,,,,,,,,,,2.5
NERC_EIDC_2023_survival_height,real,teme_survival_v4_nerc,,Lindera megaphylla,lindera_megaphylla,Yunnan,Yunnan,45,4,41,0.08888888888888889,0.08888888888888889,2.0,0.45195,,Tropical_Forest_Mineral_Soil,5.0,3.0,5.0,5.0,,,,,,,,,,,,,,,,2.5
NERC_EIDC_2023_survival_height,real,teme_survival_v4_nerc,,Lindera thomsonii,lindera_thomsonii,Yunnan,Yunnan,45,40,5,0.8888888888888888,0.8888888888888888,2.0,0.45195,,Tropical_Forest_Mineral_Soil,5.0,3.0,5.0,3.0,,,,,,,,,,,,,,,,2.5
NERC_EIDC_2023_survival_height,real,teme_survival_v4_nerc,,Lithocarpus hancei,lithocarpus_hancei,Yunnan,Yunnan,45,13,32,0.28888888888888886,0.28888888888888886,2.0,0.673393116,,Tropical_Forest_Mineral_Soil,5.0,3.0,5.0,4.0,,,,,,,,,,,,,,,,2.5
NERC_EIDC_2023_survival_height,real,teme_survival_v4_nerc,,Litsea mollis,litsea_mollis,Yunnan,Yunnan,45,5,40,0.1111111111111111,0.1111111111111111,2.0,0.425466667,,Tropical_Forest_Mineral_Soil,5.0,3.0,5.0,5.0,,,,,,,,,,,,,,,,2.5
NERC_EIDC_2023_survival_height,real,teme_survival_v4_nerc,,Machilus rufipes,machilus_rufipes,Yunnan,Yunnan,45,32,13,0.7111111111111111,0.7111111111111111,2.0,0.56441757,,Tropical_Forest_Mineral_Soil,5.0,3.0,5.0,4.0,,,,,,,,,,,,,,,,2.5
NERC_EIDC_2023_survival_height,real,teme_survival_v4_nerc,,Machilus yunnanensis,machilus_yunnanensis,Yunnan,Yunnan,45,38,7,0.8444444444444444,0.8444444444444444,2.0,0.56441757,,Tropical_Forest_Mineral_Soil,5.0,3.0,5.0,4.0,,,,,,,,,,,,,,,,2.5
NERC_EIDC_2023_survival_height,real,teme_survival_v4_nerc,,Magnolia cathcartii,magnolia_cathcartii,Yunnan,Yunnan,45,2,43,0.044444444444444446,0.044444444444444446,2.0,0.504583333,,Tropical_Forest_Mineral_Soil,5.0,3.0,5.0,5.0,,,,,,,,,,,,,,,,2.5
NERC_EIDC_2023_survival_height,real,teme_survival_v4_nerc,,Manglietia hookeri,manglietia_hookeri,Yunnan,Yunnan,45,18,27,0.4,0.4,2.0,0.412375,,Tropical_Forest_Mineral_Soil,5.0,3.0,5.0,3.0,,,,,,,,,,,,,,,,2.5
NERC_EIDC_2023_survival_height,real,teme_survival_v4_nerc,,Michelia doltsopa,michelia_doltsopa,Yunnan,Yunnan,45,41,4,0.9111111111111111,0.9111111111111111,2.0,0.488018519,,Tropical_Forest_Mineral_Soil,5.0,3.0,5.0,7.0,,,,,,,,,,,,,,,,2.5
NERC_EIDC_2023_survival_height,real,teme_survival_v4_nerc,,Myrsine semiserrata,myrsine_semiserrata,Yunnan,Yunnan,45,16,29,0.35555555555555557,0.35555555555555557,2.0,0.703,,Tropical_Forest_Mineral_Soil,5.0,3.0,5.0,2.0,,,,,,,,,,,,,,,,2.5
NERC_EIDC_2023_survival_height,real,teme_survival_v4_nerc,,Polyspora longicarpa,polyspora_longicarpa,Yunnan,Yunnan,45,7,38,0.15555555555555556,0.15555555555555556,2.0,0.576065476,,Tropical_Forest_Mineral_Soil,5.0,3.0,5.0,5.0,,,,,,,,,,,,,,,,2.5
NERC_EIDC_2023_survival_height,real,teme_survival_v4_nerc,,Prunus cerasoides,prunus_cerasoides,Yunnan,Yunnan,45,39,6,0.8666666666666667,0.8666666666666667,2.0,0.585666667,,Tropical_Forest_Mineral_Soil,5.0,3.0,5.0,7.0,,,,,,,,,,,,,,,,2.5
NERC_EIDC_2023_survival_height,real,teme_survival_v4_nerc,,Prunus serrulata,prunus_serrulata,Yunnan,Yunnan,45,41,4,0.9111111111111111,0.9111111111111111,2.0,0.585666667,,Tropical_Forest_Mineral_Soil,5.0,3.0,5.0,8.0,,,,,,,,,,,,,,,,2.5
NERC_EIDC_2023_survival_height,real,teme_survival_v4_nerc,,Prunus wilsonii,prunus_wilsonii,Yunnan,Yunnan,45,32,13,0.7111111111111111,0.7111111111111111,2.0,0.585666667,,Tropical_Forest_Mineral_Soil,5.0,3.0,5.0,3.0,,,,,,,,,,,,,,,,2.5
NERC_EIDC_2023_survival_height,real,teme_survival_v4_nerc,,Quercus acutissima,quercus_acutissima,Yunnan,Yunnan,45,40,5,0.8888888888888888,0.8888888888888888,2.0,0.7334,,Tropical_Forest_Mineral_Soil,5.0,3.0,5.0,4.0,,,,,,,,,,,,,,,,2.5
NERC_EIDC_2023_survival_height,real,teme_survival_v4_nerc,,Quercus lamellosa,quercus_lamellosa,Yunnan,Yunnan,45,9,36,0.2,0.2,2.0,0.7,,Tropical_Forest_Mineral_Soil,5.0,3.0,5.0,4.0,,,,,,,,,,,,,,,,2.5
NERC_EIDC_2023_survival_height,real,teme_survival_v4_nerc,,Schima wallichii,schima_wallichii,Yunnan,Yunnan,45,16,29,0.35555555555555557,0.35555555555555557,2.0,0.55775,,Tropical_Forest_Mineral_Soil,5.0,3.0,5.0,5.0,,,,,,,,,,,,,,,,2.5
NERC_EIDC_2023_survival_height,real,teme_survival_v4_nerc,,Sorbus corymbifera,sorbus_corymbifera,Yunnan,Yunnan,45,42,3,0.9333333333333333,0.9333333333333333,2.0,0.6053,,Tropical_Forest_Mineral_Soil,5.0,3.0,5.0,5.0,,,,,,,,,,,,,,,,2.5
NERC_EIDC_2023_survival_height,real,teme_survival_v4_nerc,,Symplocos paniculata,symplocos_paniculata,Yunnan,Yunnan,45,22,23,0.4888888888888889,0.4888888888888889,2.0,0.533541667,,Tropical_Forest_Mineral_Soil,5.0,3.0,5.0,3.0,,,,,,,,,,,,,,,,2.5
NERC_EIDC_2023_survival_height,real,teme_survival_v4_nerc,,Tetradium ruticarpum,tetradium_ruticarpum,Yunnan,Yunnan,45,24,21,0.5333333333333333,0.5333333333333333,2.0,0.232,,Tropical_Forest_Mineral_Soil,5.0,3.0,5.0,2.0,,,,,,,,,,,,,,,,2.5
NERC_EIDC_2023_survival_height,real,teme_survival_v4_nerc,,Turpinia cochinchinensis,turpinia_cochinchinensis,Yunnan,Yunnan,45,0,45,0.0,0.0,2.0,0.394,,Tropical_Forest_Mineral_Soil,5.0,3.0,5.0,5.0,,,,,,,,,,,,,,,,2.5
NERC_EIDC_2023_survival_height,real,teme_survival_v4_nerc,,Alangium kurzii,alangium_kurzii,Chiang Mai,Chiang Mai,68,7,61,0.10294117647058823,0.10294117647058823,1.42,0.42,,Tropical_Forest_Mineral_Soil,5.0,3.0,5.0,5.0,,,,,,,,,,,,,,,,2.5
NERC_EIDC_2023_survival_height,real,teme_survival_v4_nerc,,Alangium kurzii,alangium_kurzii,Chiang Mai,Chiang Mai,63,3,60,0.047619047619047616,0.047619047619047616,1.42,0.42,,Tropical_Forest_Mineral_Soil,5.0,3.0,5.0,5.0,,,,,,,,,,,,,,,,1.6666666666666665
NERC_EIDC_2023_survival_height,real,teme_survival_v4_nerc,,Alseodaphne andersonii,alseodaphne_andersonii,Chiang Mai,Chiang Mai,16,9,7,0.5625,0.5625,1.42,0.5631,,Tropical_Forest_Mineral_Soil,5.0,3.0,5.0,5.0,,,,,,,,,,,,,,,,2.5
NERC_EIDC_2023_survival_height,real,teme_survival_v4_nerc,,Alseodaphne andersonii,alseodaphne_andersonii,Chiang Mai,Chiang Mai,19,9,10,0.47368421052631576,0.47368421052631576,1.42,0.5631,,Tropical_Forest_Mineral_Soil,5.0,3.0,5.0,5.0,,,,,,,,,,,,,,,,1.6666666666666665
NERC_EIDC_2023_survival_height,real,teme_survival_v4_nerc,,Antidesma bunius,antidesma_bunius,Chiang Mai,Chiang Mai,19,15,4,0.7894736842105263,0.7894736842105263,1.42,0.629333333,,Tropical_Forest_Mineral_Soil,5.0,3.0,5.0,5.0,,,,,,,,,,,,,,,,2.5
NERC_EIDC_2023_survival_height,real,teme_survival_v4_nerc,,Antidesma bunius,antidesma_bunius,Chiang Mai,Chiang Mai,17,12,5,0.7058823529411765,0.7058823529411765,1.42,0.629333333,,Tropical_Forest_Mineral_Soil,5.0,3.0,5.0,5.0,,,,,,,,,,,,,,,,1.6666666666666665
NERC_EIDC_2023_survival_height,real,teme_survival_v4_nerc,,Artocarpus lakoocha,artocarpus_lakoocha,Chiang Mai,Chiang Mai,18,13,5,0.7222222222222222,0.7222222222222222,1.42,0.64,,Tropical_Forest_Mineral_Soil,5.0,3.0,5.0,5.0,,,,,,,,,,,,,,,,2.5
NERC_EIDC_2023_survival_height,real,teme_survival_v4_nerc,,Artocarpus lakoocha,artocarpus_lakoocha,Chiang Mai,Chiang Mai,17,11,6,0.6470588235294118,0.6470588235294118,1.42,0.64,,Tropical_Forest_Mineral_Soil,5.0,3.0,5.0,5.0,,,,,,,,,,,,,,,,1.6666666666666665
NERC_EIDC_2023_survival_height,real,teme_survival_v4_nerc,,Bauhinia variegata,bauhinia_variegata,Chiang Mai,Chiang Mai,64,31,33,0.484375,0.484375,1.42,0.653,,Tropical_Forest_Mineral_Soil,5.0,3.0,5.0,5.0,,,,,,,,,,,,,,,,1.6666666666666665
NERC_EIDC_2023_survival_height,real,teme_survival_v4_nerc,,Bauhinia variegata,bauhinia_variegata,Chiang Mai,Chiang Mai,66,35,31,0.5303030303030303,0.5303030303030303,1.42,0.653,,Tropical_Forest_Mineral_Soil,5.0,3.0,5.0,5.0,,,,,,,,,,,,,,,,2.5
NERC_EIDC_2023_survival_height,real,teme_survival_v4_nerc,,Bischofia javanica,bischofia_javanica,Chiang Mai,Chiang Mai,65,51,14,0.7846153846153846,0.7846153846153846,1.42,0.6017,,Tropical_Forest_Mineral_Soil,5.0,3.0,5.0,5.0,,,,,,,,,,,,,,,,2.5
NERC_EIDC_2023_survival_height,real,teme_survival_v4_nerc,,Bischofia javanica,bischofia_javanica,Chiang Mai,Chiang Mai,64,45,19,0.703125,0.703125,1.42,0.6017,,Tropical_Forest_Mineral_Soil,5.0,3.0,5.0,5.0,,,,,,,,,,,,,,,,1.6666666666666665
NERC_EIDC_2023_survival_height,real,teme_survival_v4_nerc,,Castanopsis tribuloides,castanopsis_tribuloides,Chiang Mai,Chiang Mai,69,56,13,0.8115942028985508,0.8115942028985508,1.42,0.595,,Tropical_Forest_Mineral_Soil,5.0,3.0,5.0,5.0,,,,,,,,,,,,,,,,2.5
NERC_EIDC_2023_survival_height,real,teme_survival_v4_nerc,,Castanopsis tribuloides,castanopsis_tribuloides,Chiang Mai,Chiang Mai,61,37,24,0.6065573770491803,0.6065573770491803,1.42,0.595,,Tropical_Forest_Mineral_Soil,5.0,3.0,5.0,5.0,,,,,,,,,,,,,,,,1.6666666666666665
NERC_EIDC_2023_survival_height,real,teme_survival_v4_nerc,,Choerospondias axillaris,choerospondias_axillaris,Chiang Mai,Chiang Mai,19,14,5,0.7368421052631579,0.7368421052631579,1.42,0.487,,Tropical_Forest_Mineral_Soil,5.0,3.0,5.0,5.0,,,,,,,,,,,,,,,,2.5
NERC_EIDC_2023_survival_height,real,teme_survival_v4_nerc,,Choerospondias axillaris,choerospondias_axillaris,Chiang Mai,Chiang Mai,17,10,7,0.5882352941176471,0.5882352941176471,1.42,0.487,,Tropical_Forest_Mineral_Soil,5.0,3.0,5.0,5.0,,,,,,,,,,,,,,,,1.6666666666666665
NERC_EIDC_2023_survival_height,real,teme_survival_v4_nerc,,Erythrina stricta,erythrina_stricta,Chiang Mai,Chiang Mai,65,49,16,0.7538461538461538,0.7538461538461538,1.42,0.22,,Tropical_Forest_Mineral_Soil,5.0,3.0,5.0,5.0,,,,,,,,,,,,,,,,2.5
NERC_EIDC_2023_survival_height,real,teme_survival_v4_nerc,,Erythrina stricta,erythrina_stricta,Chiang Mai,Chiang Mai,66,45,21,0.6818181818181818,0.6818181818181818,1.42,0.22,,Tropical_Forest_Mineral_Soil,5.0,3.0,5.0,5.0,,,,,,,,,,,,,,,,1.6666666666666665
NERC_EIDC_2023_survival_height,real,teme_survival_v4_nerc,,Eugenia fruticosa,eugenia_fruticosa,Chiang Mai,Chiang Mai,68,59,9,0.8676470588235294,0.8676470588235294,1.42,0.722760274,,Tropical_Forest_Mineral_Soil,5.0,3.0,5.0,5.0,,,,,,,,,,,,,,,,2.5
NERC_EIDC_2023_survival_height,real,teme_survival_v4_nerc,,Eugenia fruticosa,eugenia_fruticosa,Chiang Mai,Chiang Mai,65,49,16,0.7538461538461538,0.7538461538461538,1.42,0.722760274,,Tropical_Forest_Mineral_Soil,5.0,3.0,5.0,5.0,,,,,,,,,,,,,,,,1.6666666666666665
NERC_EIDC_2023_survival_height,real,teme_survival_v4_nerc,,Glochidion sphaerogynum,glochidion_sphaerogynum,Chiang Mai,Chiang Mai,17,14,3,0.8235294117647058,0.8235294117647058,1.42,0.557558824,,Tropical_Forest_Mineral_Soil,5.0,3.0,5.0,5.0,,,,,,,,,,,,,,,,2.5
NERC_EIDC_2023_survival_height,real,teme_survival_v4_nerc,,Glochidion sphaerogynum,glochidion_sphaerogynum,Chiang Mai,Chiang Mai,17,14,3,0.8235294117647058,0.8235294117647058,1.42,0.557558824,,Tropical_Forest_Mineral_Soil,5.0,3.0,5.0,5.0,,,,,,,,,,,,,,,,1.6666666666666665
NERC_EIDC_2023_survival_height,real,teme_survival_v4_nerc,,Heynea trijuga,heynea_trijuga,Chiang Mai,Chiang Mai,65,48,17,0.7384615384615385,0.7384615384615385,1.42,0.594346098,,Tropical_Forest_Mineral_Soil,5.0,3.0,5.0,5.0,,,,,,,,,,,,,,,,2.5
NERC_EIDC_2023_survival_height,real,teme_survival_v4_nerc,,Heynea trijuga,heynea_trijuga,Chiang Mai,Chiang Mai,61,39,22,0.639344262295082,0.639344262295082,1.42,0.594346098,,Tropical_Forest_Mineral_Soil,5.0,3.0,5.0,5.0,,,,,,,,,,,,,,,,1.6666666666666665
NERC_EIDC_2023_survival_height,real,teme_survival_v4_nerc,,Holoptelea integrifolia,holoptelea_integrifolia,Chiang Mai,Chiang Mai,17,5,12,0.29411764705882354,0.29411764705882354,1.42,0.564741226,,Tropical_Forest_Mineral_Soil,5.0,3.0,5.0,5.0,,,,,,,,,,,,,,,,2.5
NERC_EIDC_2023_survival_height,real,teme_survival_v4_nerc,,Holoptelea integrifolia,holoptelea_integrifolia,Chiang Mai,Chiang Mai,17,7,10,0.4117647058823529,0.4117647058823529,1.42,0.564741226,,Tropical_Forest_Mineral_Soil,5.0,3.0,5.0,5.0,,,,,,,,,,,,,,,,1.6666666666666665
NERC_EIDC_2023_survival_height,real,teme_survival_v4_nerc,,Hovenia dulcis,hovenia_dulcis,Chiang Mai,Chiang Mai,63,48,15,0.7619047619047619,0.7619047619047619,1.42,0.543,,Tropical_Forest_Mineral_Soil,5.0,3.0,5.0,5.0,,,,,,,,,,,,,,,,2.5
NERC_EIDC_2023_survival_height,real,teme_survival_v4_nerc,,Hovenia dulcis,hovenia_dulcis,Chiang Mai,Chiang Mai,63,46,17,0.7301587301587301,0.7301587301587301,1.42,0.543,,Tropical_Forest_Mineral_Soil,5.0,3.0,5.0,5.0,,,,,,,,,,,,,,,,1.6666666666666665
NERC_EIDC_2023_survival_height,real,teme_survival_v4_nerc,,Litsea glutinosa,litsea_glutinosa,Chiang Mai,Chiang Mai,72,53,19,0.7361111111111112,0.7361111111111112,1.42,0.5015,,Tropical_Forest_Mineral_Soil,5.0,3.0,5.0,5.0,,,,,,,,,,,,,,,,2.5
NERC_EIDC_2023_survival_height,real,teme_survival_v4_nerc,,Litsea glutinosa,litsea_glutinosa,Chiang Mai,Chiang Mai,62,44,18,0.7096774193548387,0.7096774193548387,1.42,0.5015,,Tropical_Forest_Mineral_Soil,5.0,3.0,5.0,5.0,,,,,,,,,,,,,,,,1.6666666666666665
NERC_EIDC_2023_survival_height,real,teme_survival_v4_nerc,,Macaranga denticulata,macaranga_denticulata,Chiang Mai,Chiang Mai,18,9,9,0.5,0.5,1.42,0.4335,,Tropical_Forest_Mineral_Soil,5.0,3.0,5.0,5.0,,,,,,,,,,,,,,,,1.6666666666666665
NERC_EIDC_2023_survival_height,real,teme_survival_v4_nerc,,Macaranga denticulata,macaranga_denticulata,Chiang Mai,Chiang Mai,18,13,5,0.7222222222222222,0.7222222222222222,1.42,0.4335,,Tropical_Forest_Mineral_Soil,5.0,3.0,5.0,5.0,,,,,,,,,,,,,,,,2.5
NERC_EIDC_2023_survival_height,real,teme_survival_v4_nerc,,Markhamia stipulata,markhamia_stipulata,Chiang Mai,Chiang Mai,66,38,28,0.5757575757575758,0.5757575757575758,1.42,0.6755,,Tropical_Forest_Mineral_Soil,5.0,3.0,5.0,5.0,,,,,,,,,,,,,,,,2.5
NERC_EIDC_2023_survival_height,real,teme_survival_v4_nerc,,Markhamia stipulata,markhamia_stipulata,Chiang Mai,Chiang Mai,64,31,33,0.484375,0.484375,1.42,0.6755,,Tropical_Forest_Mineral_Soil,5.0,3.0,5.0,5.0,,,,,,,,,,,,,,,,1.6666666666666665
NERC_EIDC_2023_survival_height,real,teme_survival_v4_nerc,,Prunus campanulata,prunus_campanulata,Chiang Mai,Chiang Mai,69,58,11,0.8405797101449275,0.8405797101449275,1.42,0.585666667,,Tropical_Forest_Mineral_Soil,5.0,3.0,5.0,5.0,,,,,,,,,,,,,,,,2.5
NERC_EIDC_2023_survival_height,real,teme_survival_v4_nerc,,Prunus campanulata,prunus_campanulata,Chiang Mai,Chiang Mai,63,41,22,0.6507936507936508,0.6507936507936508,1.42,0.585666667,,Tropical_Forest_Mineral_Soil,5.0,3.0,5.0,5.0,,,,,,,,,,,,,,,,1.6666666666666665
NERC_EIDC_2023_survival_height,real,teme_survival_v4_nerc,,Sapindus rarak,sapindus_rarak,Chiang Mai,Chiang Mai,19,14,5,0.7368421052631579,0.7368421052631579,1.42,0.51,,Tropical_Forest_Mineral_Soil,5.0,3.0,5.0,5.0,,,,,,,,,,,,,,,,2.5
NERC_EIDC_2023_survival_height,real,teme_survival_v4_nerc,,Sapindus rarak,sapindus_rarak,Chiang Mai,Chiang Mai,17,11,6,0.6470588235294118,0.6470588235294118,1.42,0.51,,Tropical_Forest_Mineral_Soil,5.0,3.0,5.0,5.0,,,,,,,,,,,,,,,,1.6666666666666665
NERC_EIDC_2023_survival_height,real,teme_survival_v4_nerc,,Sarcosperma arboreum,sarcosperma_arboreum,Chiang Mai,Chiang Mai,68,59,9,0.8676470588235294,0.8676470588235294,1.42,0.413,,Tropical_Forest_Mineral_Soil,5.0,3.0,5.0,5.0,,,,,,,,,,,,,,,,2.5
NERC_EIDC_2023_survival_height,real,teme_survival_v4_nerc,,Sarcosperma arboreum,sarcosperma_arboreum,Chiang Mai,Chiang Mai,64,55,9,0.859375,0.859375,1.42,0.413,,Tropical_Forest_Mineral_Soil,5.0,3.0,5.0,5.0,,,,,,,,,,,,,,,,1.6666666666666665
NERC_EIDC_2023_survival_height,real,teme_survival_v4_nerc,,Toona hexandra,toona_hexandra,Chiang Mai,Chiang Mai,62,46,16,0.7419354838709677,0.7419354838709677,1.42,0.413111111,,Tropical_Forest_Mineral_Soil,5.0,3.0,5.0,5.0,,,,,,,,,,,,,,,,2.5
NERC_EIDC_2023_survival_height,real,teme_survival_v4_nerc,,Toona hexandra,toona_hexandra,Chiang Mai,Chiang Mai,63,44,19,0.6984126984126984,0.6984126984126984,1.42,0.413111111,,Tropical_Forest_Mineral_Soil,5.0,3.0,5.0,5.0,,,,,,,,,,,,,,,,1.6666666666666665
NERC_EIDC_2023_survival_height,real,teme_survival_v4_nerc,,Calophyllum sclerophyllum,calophyllum_sclerophyllum,Central Kalimantan,Central Kalimantan,9,0,9,0.0,0.0,2.67,0.669211656,9.0,Tropical_Peat_Swamp_Forest,2.0,8.0,5.0,5.0,,,,,,,,,,,,,,,,0.8333333333333333
NERC_EIDC_2023_survival_height,real,teme_survival_v4_nerc,,Combretocarpus rotundatus,combretocarpus_rotundatus,Central Kalimantan,Central Kalimantan,2,0,2,0.0,0.0,2.67,0.61,9.0,Tropical_Peat_Swamp_Forest,2.0,8.0,5.0,5.0,,,,,,,,,,,,,,,,0.8333333333333333
NERC_EIDC_2023_survival_height,real,teme_survival_v4_nerc,,Cratoxylum glaucum,cratoxylum_glaucum,Central Kalimantan,Central Kalimantan,4,0,4,0.0,0.0,2.67,0.48,9.0,Tropical_Peat_Swamp_Forest,2.0,8.0,5.0,5.0,,,,,,,,,,,,,,,,0.8333333333333333
NERC_EIDC_2023_survival_height,real,teme_survival_v4_nerc,,Dyera polyphylla,dyera_polyphylla,Central Kalimantan,Central Kalimantan,29,0,29,0.0,0.0,2.67,0.33,9.0,Tropical_Peat_Swamp_Forest,2.0,8.0,5.0,5.0,,,,,,,,,,,,,,,,0.8333333333333333
NERC_EIDC_2023_survival_height,real,teme_survival_v4_nerc,,Lophopetalum rigidum,lophopetalum_rigidum,Central Kalimantan,Central Kalimantan,24,20,4,0.8333333333333334,0.8333333333333334,2.67,0.524428571,9.0,Tropical_Peat_Swamp_Forest,2.0,8.0,5.0,5.0,,,,,,,,,,,,,,,,0.8333333333333333
NERC_EIDC_2023_survival_height,real,teme_survival_v4_nerc,,Melaleuca cajuputi,melaleuca_cajuputi,Central Kalimantan,Central Kalimantan,53,0,53,0.0,0.0,2.67,0.756647186,9.0,Tropical_Peat_Swamp_Forest,2.0,8.0,5.0,5.0,,,,,,,,,,,,,,,,0.8333333333333333
NERC_EIDC_2023_survival_height,real,teme_survival_v4_nerc,,Shorea balangeran,shorea_balangeran,Central Kalimantan,Central Kalimantan,117,24,93,0.20512820512820512,0.20512820512820512,2.67,0.69,9.0,Tropical_Peat_Swamp_Forest,2.0,8.0,5.0,5.0,,,,,,,,,,,,,,,,0.8333333333333333
NERC_EIDC_2023_survival_height,real,teme_survival_v4_nerc,,Ternstroemia magnifica,ternstroemia_magnifica,Central Kalimantan,Central Kalimantan,21,0,21,0.0,0.0,2.67,0.615666667,9.0,Tropical_Peat_Swamp_Forest,2.0,8.0,5.0,5.0,,,,,,,,,,,,,,,,0.8333333333333333
NERC_EIDC_2023_survival_height,real,teme_survival_v4_nerc,,Afzelia xylocarpa,afzelia_xylocarpa,Dong Nai,Dong Nai,160,153,7,0.95625,0.95625,4.0,0.669883983,3.0,Tropical_Forest_Mineral_Soil,5.0,3.0,5.0,6.0,,,,,,,,,,,,,,,,0.8333333333333333
NERC_EIDC_2023_survival_height,real,teme_survival_v4_nerc,,Dalbergia bariensis,dalbergia_bariensis,Dong Nai,Dong Nai,160,146,14,0.9125,0.9125,4.0,0.786836977,3.0,Tropical_Forest_Mineral_Soil,5.0,3.0,5.0,4.0,,,,,,,,,,,,,,,,0.8333333333333333
NERC_EIDC_2023_survival_height,real,teme_survival_v4_nerc,,Dipterocarpus costatus,dipterocarpus_costatus,Dong Nai,Dong Nai,70,6,64,0.08571428571428572,0.08571428571428572,4.0,0.755,3.0,Tropical_Forest_Mineral_Soil,5.0,3.0,5.0,6.0,,,,,,,,,,,,,,,,0.8333333333333333
NERC_EIDC_2023_survival_height,real,teme_survival_v4_nerc,,Dipterocarpus dyeri,dipterocarpus_dyeri,Dong Nai,Dong Nai,160,130,30,0.8125,0.8125,4.0,0.64,3.0,Tropical_Forest_Mineral_Soil,5.0,3.0,5.0,6.0,,,,,,,,,,,,,,,,0.8333333333333333
NERC_EIDC_2023_survival_height,real,teme_survival_v4_nerc,,Dipterocarpus scaber,dipterocarpus_scaber,Dong Nai,Dong Nai,160,141,19,0.88125,0.88125,4.0,0.654277244,3.0,Tropical_Forest_Mineral_Soil,5.0,3.0,5.0,6.0,,,,,,,,,,,,,,,,0.8333333333333333
NERC_EIDC_2023_survival_height,real,teme_survival_v4_nerc,,Dipterocarpus turbinatus,dipterocarpus_turbinatus,Dong Nai,Dong Nai,160,118,42,0.7375,0.7375,4.0,0.619,3.0,Tropical_Forest_Mineral_Soil,5.0,3.0,5.0,4.0,,,,,,,,,,,,,,,,0.8333333333333333
NERC_EIDC_2023_survival_height,real,teme_survival_v4_nerc,,Hopea odorata,hopea_odorata,Dong Nai,Dong Nai,160,153,7,0.95625,0.95625,4.0,0.635,3.0,Tropical_Forest_Mineral_Soil,5.0,3.0,5.0,5.0,,,,,,,,,,,,,,,,0.8333333333333333
NERC_EIDC_2023_survival_height,real,teme_survival_v4_nerc,,Litsea pierrei,litsea_pierrei,Dong Nai,Dong Nai,160,133,27,0.83125,0.83125,4.0,0.425466667,3.0,Tropical_Forest_Mineral_Soil,5.0,3.0,5.0,5.0,,,,,,,,,,,,,,,,0.8333333333333333
NERC_EIDC_2023_survival_height,real,teme_survival_v4_nerc,,Shorea roxburghii,shorea_roxburghii,Dong Nai,Dong Nai,160,157,3,0.98125,0.98125,4.0,0.7,3.0,Tropical_Forest_Mineral_Soil,5.0,3.0,5.0,5.0,,,,,,,,,,,,,,,,0.8333333333333333
NERC_EIDC_2023_survival_height,real,teme_survival_v4_nerc,,Shorea thorelii,shorea_thorelii,Dong Nai,Dong Nai,160,126,34,0.7875,0.7875,4.0,0.583246313,3.0,Tropical_Forest_Mineral_Soil,5.0,3.0,5.0,5.0,,,,,,,,,,,,,,,,0.8333333333333333
NERC_EIDC_2023_survival_height,real,teme_survival_v4_nerc,,Sindora siamensis,sindora_siamensis,Dong Nai,Dong Nai,160,128,32,0.8,0.8,4.0,0.716,3.0,Tropical_Forest_Mineral_Soil,5.0,3.0,5.0,6.0,,,,,,,,,,,,,,,,0.8333333333333333
NERC_EIDC_2023_survival_height,real,teme_survival_v4_nerc,,Xylia xylocarpa,xylia_xylocarpa,Dong Nai,Dong Nai,160,135,25,0.84375,0.84375,4.0,0.68,3.0,Tropical_Forest_Mineral_Soil,5.0,3.0,5.0,4.0,,,,,,,,,,,,,,,,0.8333333333333333
NERC_EIDC_2023_survival_height,real,teme_survival_v4_nerc,,Artocarpus odoratissimus,artocarpus_odoratissimus,Sabah,Sabah,21,17,4,0.8095238095238095,0.8095238095238095,1.0,0.55,,Tropical_Forest_Mineral_Soil,5.0,3.0,5.0,5.0,,,,,,,,,,,,,,,,0.8333333333333333
NERC_EIDC_2023_survival_height,real,teme_survival_v4_nerc,,Baccaurea motleyana,baccaurea_motleyana,Sabah,Sabah,21,20,1,0.9523809523809523,0.9523809523809523,1.0,0.51,,Tropical_Forest_Mineral_Soil,5.0,3.0,5.0,5.0,,,,,,,,,,,,,,,,0.8333333333333333
NERC_EIDC_2023_survival_height,real,teme_survival_v4_nerc,,Dipterocarpus gracilis,dipterocarpus_gracilis,Sabah,Sabah,21,19,2,0.9047619047619048,0.9047619047619048,1.0,0.603333333,,Tropical_Forest_Mineral_Soil,5.0,3.0,5.0,5.0,,,,,,,,,,,,,,,,0.8333333333333333
NERC_EIDC_2023_survival_height,real,teme_survival_v4_nerc,,Dryobalanops keithii,dryobalanops_keithii,Sabah,Sabah,21,10,11,0.47619047619047616,0.47619047619047616,1.0,0.63,,Tropical_Forest_Mineral_Soil,5.0,3.0,5.0,5.0,,,,,,,,,,,,,,,,0.8333333333333333
NERC_EIDC_2023_survival_height,real,teme_survival_v4_nerc,,Dryobalanops lanceolata,dryobalanops_lanceolata,Sabah,Sabah,21,15,6,0.7142857142857143,0.7142857142857143,1.0,0.62,,Tropical_Forest_Mineral_Soil,5.0,3.0,5.0,5.0,,,,,,,,,,,,,,,,0.8333333333333333
NERC_EIDC_2023_survival_height,real,teme_survival_v4_nerc,,Ficus benjamina,ficus_benjamina,Sabah,Sabah,21,9,12,0.42857142857142855,0.42857142857142855,1.0,0.459333333,,Tropical_Forest_Mineral_Soil,5.0,3.0,5.0,5.0,,,,,,,,,,,,,,,,0.8333333333333333
NERC_EIDC_2023_survival_height,real,teme_survival_v4_nerc,,Heritiera simplicifolia,heritiera_simplicifolia,Sabah,Sabah,21,16,5,0.7619047619047619,0.7619047619047619,1.0,0.673333333,,Tropical_Forest_Mineral_Soil,5.0,3.0,5.0,5.0,,,,,,,,,,,,,,,,0.8333333333333333
NERC_EIDC_2023_survival_height,real,teme_survival_v4_nerc,,Hopea ferruginea,hopea_ferruginea,Sabah,Sabah,21,16,5,0.7619047619047619,0.7619047619047619,1.0,0.58,,Tropical_Forest_Mineral_Soil,5.0,3.0,5.0,5.0,,,,,,,,,,,,,,,,0.8333333333333333
NERC_EIDC_2023_survival_height,real,teme_survival_v4_nerc,,Koompassia excelsa,koompassia_excelsa,Sabah,Sabah,21,17,4,0.8095238095238095,0.8095238095238095,1.0,0.685,,Tropical_Forest_Mineral_Soil,5.0,3.0,5.0,5.0,,,,,,,,,,,,,,,,0.8333333333333333
NERC_EIDC_2023_survival_height,real,teme_survival_v4_nerc,,Mangifera pajang,mangifera_pajang,Sabah,Sabah,21,18,3,0.8571428571428571,0.8571428571428571,1.0,0.49,,Tropical_Forest_Mineral_Soil,5.0,3.0,5.0,5.0,,,,,,,,,,,,,,,,0.8333333333333333
NERC_EIDC_2023_survival_height,real,teme_survival_v4_nerc,,Nephelium lappaceum,nephelium_lappaceum,Sabah,Sabah,21,14,7,0.6666666666666666,0.6666666666666666,1.0,0.7102,,Tropical_Forest_Mineral_Soil,5.0,3.0,5.0,5.0,,,,,,,,,,,,,,,,0.8333333333333333
NERC_EIDC_2023_survival_height,real,teme_survival_v4_nerc,,Parashorea malaanonan,parashorea_malaanonan,Sabah,Sabah,21,15,6,0.7142857142857143,0.7142857142857143,1.0,0.415,,Tropical_Forest_Mineral_Soil,5.0,3.0,5.0,5.0,,,,,,,,,,,,,,,,0.8333333333333333
NERC_EIDC_2023_survival_height,real,teme_survival_v4_nerc,,Parashorea smythiesii,parashorea_smythiesii,Sabah,Sabah,21,12,9,0.5714285714285714,0.5714285714285714,1.0,0.6,,Tropical_Forest_Mineral_Soil,5.0,3.0,5.0,5.0,,,,,,,,,,,,,,,,0.8333333333333333
NERC_EIDC_2023_survival_height,real,teme_survival_v4_nerc,,Parashorea tomentella,parashorea_tomentella,Sabah,Sabah,21,14,7,0.6666666666666666,0.6666666666666666,1.0,0.5535,,Tropical_Forest_Mineral_Soil,5.0,3.0,5.0,5.0,,,,,,,,,,,,,,,,0.8333333333333333
NERC_EIDC_2023_survival_height,real,teme_survival_v4_nerc,,Pentace adenophora,pentace_adenophora,Sabah,Sabah,21,15,6,0.7142857142857143,0.7142857142857143,1.0,0.604833333,,Tropical_Forest_Mineral_Soil,5.0,3.0,5.0,5.0,,,,,,,,,,,,,,,,0.8333333333333333
NERC_EIDC_2023_survival_height,real,teme_survival_v4_nerc,,Shorea acuminatissima,shorea_acuminatissima,Sabah,Sabah,21,16,5,0.7619047619047619,0.7619047619047619,1.0,0.39,,Tropical_Forest_Mineral_Soil,5.0,3.0,5.0,5.0,,,,,,,,,,,,,,,,0.8333333333333333
NERC_EIDC_2023_survival_height,real,teme_survival_v4_nerc,,Shorea agamii,shorea_agamii,Sabah,Sabah,21,18,3,0.8571428571428571,0.8571428571428571,1.0,0.583246313,,Tropical_Forest_Mineral_Soil,5.0,3.0,5.0,5.0,,,,,,,,,,,,,,,,0.8333333333333333
NERC_EIDC_2023_survival_height,real,teme_survival_v4_nerc,,Shorea argentifolia,shorea_argentifolia,Sabah,Sabah,21,8,13,0.38095238095238093,0.38095238095238093,1.0,0.52,,Tropical_Forest_Mineral_Soil,5.0,3.0,5.0,5.0,,,,,,,,,,,,,,,,0.8333333333333333
NERC_EIDC_2023_survival_height,real,teme_survival_v4_nerc,,Shorea faguetiana,shorea_faguetiana,Sabah,Sabah,21,13,8,0.6190476190476191,0.6190476190476191,1.0,0.48,,Tropical_Forest_Mineral_Soil,5.0,3.0,5.0,5.0,,,,,,,,,,,,,,,,0.8333333333333333
NERC_EIDC_2023_survival_height,real,teme_survival_v4_nerc,,Shorea falciferoides,shorea_falciferoides,Sabah,Sabah,21,18,3,0.8571428571428571,0.8571428571428571,1.0,0.72,,Tropical_Forest_Mineral_Soil,5.0,3.0,5.0,5.0,,,,,,,,,,,,,,,,0.8333333333333333
NERC_EIDC_2023_survival_height,real,teme_survival_v4_nerc,,Shorea fallax,shorea_fallax,Sabah,Sabah,21,15,6,0.7142857142857143,0.7142857142857143,1.0,0.5,,Tropical_Forest_Mineral_Soil,5.0,3.0,5.0,5.0,,,,,,,,,,,,,,,,0.8333333333333333
NERC_EIDC_2023_survival_height,real,teme_survival_v4_nerc,,Shorea gibbosa,shorea_gibbosa,Sabah,Sabah,21,10,11,0.47619047619047616,0.47619047619047616,1.0,0.455,,Tropical_Forest_Mineral_Soil,5.0,3.0,5.0,5.0,,,,,,,,,,,,,,,,0.8333333333333333
NERC_EIDC_2023_survival_height,real,teme_survival_v4_nerc,,Shorea leprosula,shorea_leprosula,Sabah,Sabah,21,13,8,0.6190476190476191,0.6190476190476191,1.0,0.44,,Tropical_Forest_Mineral_Soil,5.0,3.0,5.0,5.0,,,,,,,,,,,,,,,,0.8333333333333333
NERC_EIDC_2023_survival_height,real,teme_survival_v4_nerc,,Shorea leptoderma,shorea_leptoderma,Sabah,Sabah,21,18,3,0.8571428571428571,0.8571428571428571,1.0,0.583246313,,Tropical_Forest_Mineral_Soil,5.0,3.0,5.0,5.0,,,,,,,,,,,,,,,,0.8333333333333333
NERC_EIDC_2023_survival_height,real,teme_survival_v4_nerc,,Shorea macroptera,shorea_macroptera,Sabah,Sabah,21,16,5,0.7619047619047619,0.7619047619047619,1.0,0.425,,Tropical_Forest_Mineral_Soil,5.0,3.0,5.0,5.0,,,,,,,,,,,,,,,,0.8333333333333333
NERC_EIDC_2023_survival_height,real,teme_survival_v4_nerc,,Shorea ovalis,shorea_ovalis,Sabah,Sabah,21,14,7,0.6666666666666666,0.6666666666666666,1.0,0.43,,Tropical_Forest_Mineral_Soil,5.0,3.0,5.0,5.0,,,,,,,,,,,,,,,,0.8333333333333333
NERC_EIDC_2023_survival_height,real,teme_survival_v4_nerc,,Shorea parvifolia,shorea_parvifolia,Sabah,Sabah,21,10,11,0.47619047619047616,0.47619047619047616,1.0,0.405,,Tropical_Forest_Mineral_Soil,5.0,3.0,5.0,5.0,,,,,,,,,,,,,,,,0.8333333333333333
NERC_EIDC_2023_survival_height,real,teme_survival_v4_nerc,,Shorea parvistipulata,shorea_parvistipulata,Sabah,Sabah,21,9,12,0.42857142857142855,0.42857142857142855,1.0,0.4,,Tropical_Forest_Mineral_Soil,5.0,3.0,5.0,5.0,,,,,,,,,,,,,,,,0.8333333333333333
NERC_EIDC_2023_survival_height,real,teme_survival_v4_nerc,,Shorea pauciflora,shorea_pauciflora,Sabah,Sabah,21,17,4,0.8095238095238095,0.8095238095238095,1.0,0.5325,,Tropical_Forest_Mineral_Soil,5.0,3.0,5.0,5.0,,,,,,,,,,,,,,,,0.8333333333333333
NERC_EIDC_2023_survival_height,real,teme_survival_v4_nerc,,Shorea seminis,shorea_seminis,Sabah,Sabah,21,16,5,0.7619047619047619,0.7619047619047619,1.0,0.72,,Tropical_Forest_Mineral_Soil,5.0,3.0,5.0,5.0,,,,,,,,,,,,,,,,0.8333333333333333
NERC_EIDC_2023_survival_height,real,teme_survival_v4_nerc,,Shorea smithiana,shorea_smithiana,Sabah,Sabah,21,12,9,0.5714285714285714,0.5714285714285714,1.0,0.355,,Tropical_Forest_Mineral_Soil,5.0,3.0,5.0,5.0,,,,,,,,,,,,,,,,0.8333333333333333
NERC_EIDC_2023_survival_height,real,teme_survival_v4_nerc,,Shorea xanthophylla,shorea_xanthophylla,Sabah,Sabah,21,17,4,0.8095238095238095,0.8095238095238095,1.0,0.52,,Tropical_Forest_Mineral_Soil,5.0,3.0,5.0,5.0,,,,,,,,,,,,,,,,0.8333333333333333
NERC_EIDC_2023_survival_height,real,teme_survival_v4_nerc,,Azadirachta excelsa,azadirachta_excelsa,Pasoh,Pasoh,210,189,21,0.9,0.9,1.0,0.505,,Tropical_Forest_Mineral_Soil,5.0,3.0,5.0,5.0,,,,,,,,,,,,,,,,1.6666666666666665
NERC_EIDC_2023_survival_height,real,teme_survival_v4_nerc,,Azadirachta excelsa,azadirachta_excelsa,Pasoh,Pasoh,80,68,12,0.85,0.85,1.0,0.505,,Tropical_Forest_Mineral_Soil,5.0,3.0,5.0,5.0,,,,,,,,,,,,,,,,1.6666666666666665
NERC_EIDC_2023_survival_height,real,teme_survival_v4_nerc,,Azadirachta excelsa,azadirachta_excelsa,Pasoh,Pasoh,320,282,38,0.88125,0.88125,1.0,0.505,,Tropical_Forest_Mineral_Soil,5.0,3.0,5.0,5.0,,,,,,,,,,,,,,,,1.6666666666666665
NERC_EIDC_2023_survival_height,real,teme_survival_v4_nerc,,Azadirachta excelsa,azadirachta_excelsa,Pasoh,Pasoh,144,138,6,0.9583333333333334,0.9583333333333334,1.0,0.505,,Tropical_Forest_Mineral_Soil,5.0,3.0,5.0,5.0,,,,,,,,,,,,,,,,1.6666666666666665
NERC_EIDC_2023_survival_height,real,teme_survival_v4_nerc,,Hopea odorata,hopea_odorata,Pasoh,Pasoh,210,204,6,0.9714285714285714,0.9714285714285714,1.0,0.635,,Tropical_Forest_Mineral_Soil,5.0,3.0,5.0,5.0,,,,,,,,,,,,,,,,1.6666666666666665
NERC_EIDC_2023_survival_height,real,teme_survival_v4_nerc,,Hopea odorata,hopea_odorata,Pasoh,Pasoh,80,74,6,0.925,0.925,1.0,0.635,,Tropical_Forest_Mineral_Soil,5.0,3.0,5.0,5.0,,,,,,,,,,,,,,,,1.6666666666666665
NERC_EIDC_2023_survival_height,real,teme_survival_v4_nerc,,Hopea odorata,hopea_odorata,Pasoh,Pasoh,320,298,22,0.93125,0.93125,1.0,0.635,,Tropical_Forest_Mineral_Soil,5.0,3.0,5.0,5.0,,,,,,,,,,,,,,,,1.6666666666666665
NERC_EIDC_2023_survival_height,real,teme_survival_v4_nerc,,Hopea odorata,hopea_odorata,Pasoh,Pasoh,144,138,6,0.9583333333333334,0.9583333333333334,1.0,0.635,,Tropical_Forest_Mineral_Soil,5.0,3.0,5.0,5.0,,,,,,,,,,,,,,,,1.6666666666666665
NERC_EIDC_2023_survival_height,real,teme_survival_v4_nerc,,Vitex pinnata,vitex_pinnata,Pasoh,Pasoh,80,61,19,0.7625,0.7625,1.0,0.565170667,,Tropical_Forest_Mineral_Soil,5.0,3.0,5.0,5.0,,,,,,,,,,,,,,,,1.6666666666666665
NERC_EIDC_2023_survival_height,real,teme_survival_v4_nerc,,Vitex pinnata,vitex_pinnata,Pasoh,Pasoh,320,278,42,0.86875,0.86875,1.0,0.565170667,,Tropical_Forest_Mineral_Soil,5.0,3.0,5.0,5.0,,,,,,,,,,,,,,,,1.6666666666666665
NERC_EIDC_2023_survival_height,real,teme_survival_v4_nerc,,Vitex pinnata,vitex_pinnata,Pasoh,Pasoh,144,140,4,0.9722222222222222,0.9722222222222222,1.0,0.565170667,,Tropical_Forest_Mineral_Soil,5.0,3.0,5.0,5.0,,,,,,,,,,,,,,,,1.6666666666666665
NERC_EIDC_2023_survival_height,real,teme_survival_v4_nerc,,Vitex pinnata,vitex_pinnata,Pasoh,Pasoh,210,197,13,0.9380952380952381,0.9380952380952381,1.0,0.565170667,,Tropical_Forest_Mineral_Soil,5.0,3.0,5.0,5.0,,,,,,,,,,,,,,,,1.6666666666666665
NERC_EIDC_2023_survival_height,real,teme_survival_v4_nerc,,Acacia mangium,acacia_mangium,Sengalor,Sengalor,300,279,21,0.93,0.93,1.0,0.507,,Tropical_Forest_Mineral_Soil,5.0,3.0,5.0,5.0,,,,,,,,,,,,,,,,0.8333333333333333
NERC_EIDC_2023_survival_height,real,teme_survival_v4_nerc,,Casuarina equisetifolia,casuarina_equisetifolia,Sengalor,Sengalor,300,267,33,0.89,0.89,1.0,0.80875,,Tropical_Forest_Mineral_Soil,5.0,3.0,5.0,5.0,,,,,,,,,,,,,,,,0.8333333333333333
NERC_EIDC_2023_survival_height,real,teme_survival_v4_nerc,,Ceiba pentandra,ceiba_pentandra,Sengalor,Sengalor,300,261,39,0.87,0.87,1.0,0.305212121,,Tropical_Forest_Mineral_Soil,5.0,3.0,5.0,5.0,,,,,,,,,,,,,,,,0.8333333333333333
NERC_EIDC_2023_survival_height,real,teme_survival_v4_nerc,,Gonystylus bancanus,gonystylus_bancanus,Central Kalimantan,Central Kalimantan,36,16,20,0.4444444444444444,0.4444444444444444,6.5,0.52,,Unknown_TropicalAsia,5.0,3.0,5.0,5.0,,,,,,,,,,,,,,,,0.8333333333333333
NERC_EIDC_2023_survival_height,real,teme_survival_v4_nerc,,Gonystylus bancanus,gonystylus_bancanus,Central Kalimantan,Central Kalimantan,36,23,13,0.6388888888888888,0.6388888888888888,1.25,0.52,,Unknown_TropicalAsia,5.0,3.0,5.0,5.0,,,,,,,,,,,,,,,,0.8333333333333333
NERC_EIDC_2023_survival_height,real,teme_survival_v4_nerc,,Gonystylus bancanus,gonystylus_bancanus,Central Kalimantan,Central Kalimantan,36,36,0,1.0,1.0,1.25,0.52,,Unknown_TropicalAsia,5.0,3.0,5.0,5.0,,,,,,,,,,,,,,,,0.8333333333333333
NERC_EIDC_2023_survival_height,real,teme_survival_v4_nerc,,Gonystylus bancanus,gonystylus_bancanus,Riau,Riau,40,39,1,0.975,0.975,1.67,0.52,,Unknown_TropicalAsia,5.0,3.0,5.0,5.0,,,,,,,,,,,,,,,,0.8333333333333333
NERC_EIDC_2023_survival_height,real,teme_survival_v4_nerc,,Gonystylus bancanus,gonystylus_bancanus,Jambi,Jambi,3,1,2,0.3333333333333333,0.3333333333333333,3.33,0.52,,Unknown_TropicalAsia,5.0,8.0,5.0,5.0,,,,,,,,,,,,,,,,0.8333333333333333
NERC_EIDC_2023_survival_height,real,teme_survival_v4_nerc,,Gonystylus bancanus,gonystylus_bancanus,West Kalimantan,West Kalimantan,36,36,0,1.0,1.0,2.0,0.52,,Unknown_TropicalAsia,5.0,3.0,5.0,5.0,,,,,,,,,,,,,,,,1.6666666666666665
NERC_EIDC_2023_survival_height,real,teme_survival_v4_nerc,,Gonystylus bancanus,gonystylus_bancanus,West Kalimantan,West Kalimantan,36,36,0,1.0,1.0,2.0,0.52,,Unknown_TropicalAsia,5.0,3.0,5.0,5.0,,,,,,,,,,,,,,,,1.6666666666666665
NERC_EIDC_2023_survival_height,real,teme_survival_v4_nerc,,Gonystylus bancanus,gonystylus_bancanus,West Kalimantan,West Kalimantan,36,36,0,1.0,1.0,2.0,0.52,,Unknown_TropicalAsia,5.0,3.0,5.0,5.0,,,,,,,,,,,,,,,,1.6666666666666665
NERC_EIDC_2023_survival_height,real,teme_survival_v4_nerc,,Gonystylus bancanus,gonystylus_bancanus,Jambi,Jambi,104,98,6,0.9423076923076923,0.9423076923076923,0.83,0.52,,Tropical_Peat_Swamp_Forest,2.0,8.0,5.0,5.0,,,,,,,,,,,,,,,,0.8333333333333333
NERC_EIDC_2023_survival_height,real,teme_survival_v4_nerc,,Acrocarpus fraxinifolius,acrocarpus_fraxinifolius,Western Ghats,Western Ghats,60,17,43,0.2833333333333333,0.2833333333333333,2.75,0.5915,,Tropical_Forest_Mineral_Soil,5.0,3.0,5.0,5.0,,,,,,,,,,,,,,,,0.8333333333333333
NERC_EIDC_2023_survival_height,real,teme_survival_v4_nerc,,Adenanthera pavonina,adenanthera_pavonina,Western Ghats,Western Ghats,60,46,14,0.7666666666666667,0.7666666666666667,2.75,0.687,,Tropical_Forest_Mineral_Soil,5.0,3.0,5.0,5.0,,,,,,,,,,,,,,,,0.8333333333333333
NERC_EIDC_2023_survival_height,real,teme_survival_v4_nerc,,Artocarpus heterophyllus,artocarpus_heterophyllus,Western Ghats,Western Ghats,60,42,18,0.7,0.7,2.75,0.491666667,,Tropical_Forest_Mineral_Soil,5.0,3.0,5.0,5.0,,,,,,,,,,,,,,,,0.8333333333333333
NERC_EIDC_2023_survival_height,real,teme_survival_v4_nerc,,Artocarpus hirsutus,artocarpus_hirsutus,Western Ghats,Western Ghats,60,46,14,0.7666666666666667,0.7666666666666667,2.75,0.47,,Tropical_Forest_Mineral_Soil,5.0,3.0,5.0,5.0,,,,,,,,,,,,,,,,0.8333333333333333
NERC_EIDC_2023_survival_height,real,teme_survival_v4_nerc,,Calophyllum apetalum,calophyllum_apetalum,Western Ghats,Western Ghats,60,40,20,0.6666666666666666,0.6666666666666666,2.75,0.669211656,,Tropical_Forest_Mineral_Soil,5.0,3.0,5.0,5.0,,,,,,,,,,,,,,,,0.8333333333333333
NERC_EIDC_2023_survival_height,real,teme_survival_v4_nerc,,Dalbergia latifolia,dalbergia_latifolia,Western Ghats,Western Ghats,60,42,18,0.7,0.7,2.75,0.75,,Tropical_Forest_Mineral_Soil,5.0,3.0,5.0,5.0,,,,,,,,,,,,,,,,0.8333333333333333
NERC_EIDC_2023_survival_height,real,teme_survival_v4_nerc,,Dipterocarpus indicus,dipterocarpus_indicus,Western Ghats,Western Ghats,60,38,22,0.6333333333333333,0.6333333333333333,2.75,0.62,,Tropical_Forest_Mineral_Soil,5.0,3.0,5.0,5.0,,,,,,,,,,,,,,,,0.8333333333333333
NERC_EIDC_2023_survival_height,real,teme_survival_v4_nerc,,Drypetes venusta,drypetes_venusta,Western Ghats,Western Ghats,60,48,12,0.8,0.8,2.75,0.694512821,,Tropical_Forest_Mineral_Soil,5.0,3.0,5.0,5.0,,,,,,,,,,,,,,,,0.8333333333333333
NERC_EIDC_2023_survival_height,real,teme_survival_v4_nerc,,Garcinia gummi-gutta,garcinia_gummi-gutta,Western Ghats,Western Ghats,60,47,13,0.7833333333333333,0.7833333333333333,2.75,0.741621569,,Tropical_Forest_Mineral_Soil,5.0,3.0,5.0,5.0,,,,,,,,,,,,,,,,0.8333333333333333
NERC_EIDC_2023_survival_height,real,teme_survival_v4_nerc,,Gmelina arborea,gmelina_arborea,Western Ghats,Western Ghats,60,54,6,0.9,0.9,2.75,0.42975,,Tropical_Forest_Mineral_Soil,5.0,3.0,5.0,5.0,,,,,,,,,,,,,,,,0.8333333333333333
NERC_EIDC_2023_survival_height,real,teme_survival_v4_nerc,,Hopea parviflora,hopea_parviflora,Western Ghats,Western Ghats,60,54,6,0.9,0.9,2.75,0.79,,Tropical_Forest_Mineral_Soil,5.0,3.0,5.0,5.0,,,,,,,,,,,,,,,,0.8333333333333333
NERC_EIDC_2023_survival_height,real,teme_survival_v4_nerc,,Lagerstroemia speciosa,lagerstroemia_speciosa,Western Ghats,Western Ghats,60,54,6,0.9,0.9,2.75,0.595,,Tropical_Forest_Mineral_Soil,5.0,3.0,5.0,5.0,,,,,,,,,,,,,,,,0.8333333333333333
NERC_EIDC_2023_survival_height,real,teme_survival_v4_nerc,,Lophopetalum wightianum,lophopetalum_wightianum,Western Ghats,Western Ghats,60,58,2,0.9666666666666667,0.9666666666666667,2.75,0.37,,Tropical_Forest_Mineral_Soil,5.0,3.0,5.0,5.0,,,,,,,,,,,,,,,,0.8333333333333333
NERC_EIDC_2023_survival_height,real,teme_survival_v4_nerc,,Mangifera indica,mangifera_indica,Western Ghats,Western Ghats,60,48,12,0.8,0.8,2.75,0.5525,,Tropical_Forest_Mineral_Soil,5.0,3.0,5.0,5.0,,,,,,,,,,,,,,,,0.8333333333333333
NERC_EIDC_2023_survival_height,real,teme_survival_v4_nerc,,Persea macrantha,persea_macrantha,Western Ghats,Western Ghats,60,39,21,0.65,0.65,2.75,0.44,,Tropical_Forest_Mineral_Soil,5.0,3.0,5.0,5.0,,,,,,,,,,,,,,,,0.8333333333333333
NERC_EIDC_2023_survival_height,real,teme_survival_v4_nerc,,Phyllanthus emblica,phyllanthus_emblica,Western Ghats,Western Ghats,60,56,4,0.9333333333333333,0.9333333333333333,2.75,0.636,,Tropical_Forest_Mineral_Soil,5.0,3.0,5.0,5.0,,,,,,,,,,,,,,,,0.8333333333333333
NERC_EIDC_2023_survival_height,real,teme_survival_v4_nerc,,Pongamia pinnata,pongamia_pinnata,Western Ghats,Western Ghats,60,44,16,0.7333333333333333,0.7333333333333333,2.75,0.59475,,Tropical_Forest_Mineral_Soil,5.0,3.0,5.0,5.0,,,,,,,,,,,,,,,,0.8333333333333333
NERC_EIDC_2023_survival_height,real,teme_survival_v4_nerc,,Pterocarpus marsupium,pterocarpus_marsupium,Western Ghats,Western Ghats,60,42,18,0.7,0.7,2.75,0.62,,Tropical_Forest_Mineral_Soil,5.0,3.0,5.0,5.0,,,,,,,,,,,,,,,,0.8333333333333333
NERC_EIDC_2023_survival_height,real,teme_survival_v4_nerc,,Swietenia mahogani,swietenia_mahogani,Western Ghats,Western Ghats,60,39,21,0.65,0.65,2.75,0.573181818,,Tropical_Forest_Mineral_Soil,5.0,3.0,5.0,5.0,,,,,,,,,,,,,,,,0.8333333333333333
NERC_EIDC_2023_survival_height,real,teme_survival_v4_nerc,,Syzygium cumini,syzygium_cumini,Western Ghats,Western Ghats,60,51,9,0.85,0.85,2.75,0.672666667,,Tropical_Forest_Mineral_Soil,5.0,3.0,5.0,5.0,,,,,,,,,,,,,,,,0.8333333333333333
NERC_EIDC_2023_survival_height,real,teme_survival_v4_nerc,,Terminalia bellirica,terminalia_bellirica,Western Ghats,Western Ghats,60,48,12,0.8,0.8,2.75,0.630496778,,Tropical_Forest_Mineral_Soil,5.0,3.0,5.0,5.0,,,,,,,,,,,,,,,,0.8333333333333333
NERC_EIDC_2023_survival_height,real,teme_survival_v4_nerc,,Terminalia paniculata,terminalia_paniculata,Western Ghats,Western Ghats,60,43,17,0.7166666666666667,0.7166666666666667,2.75,0.630496778,,Tropical_Forest_Mineral_Soil,5.0,3.0,5.0,5.0,,,,,,,,,,,,,,,,0.8333333333333333
NERC_EIDC_2023_survival_height,real,teme_survival_v4_nerc,,Vateria indica,vateria_indica,Western Ghats,Western Ghats,60,58,2,0.9666666666666667,0.9666666666666667,2.75,0.48,,Tropical_Forest_Mineral_Soil,5.0,3.0,5.0,5.0,,,,,,,,,,,,,,,,0.8333333333333333
NERC_EIDC_2023_survival_height,real,teme_survival_v4_nerc,,Aporosa sp,aporosa_sp,Bangka Island,Bangka Island,104,17,87,0.16346153846153846,0.16346153846153846,1.0,0.37,,Tropical_Forest_Mineral_Soil,5.0,1.0,5.0,5.0,,,,,,,,,,,,,,,,1.6666666666666665
NERC_EIDC_2023_survival_height,real,teme_survival_v4_nerc,,Calophyllum inophyllum,calophyllum_inophyllum,Bangka Island,Bangka Island,391,391,0,1.0,1.0,1.0,0.5846,,Tropical_Forest_Mineral_Soil,5.0,1.0,5.0,5.0,,,,,,,,,,,,,,,,1.6666666666666665
NERC_EIDC_2023_survival_height,real,teme_survival_v4_nerc,,Etlingera polyantha,etlingera_polyantha,Bangka Island,Bangka Island,301,104,197,0.34551495016611294,0.34551495016611294,1.0,0.564741226,,Tropical_Forest_Mineral_Soil,5.0,1.0,5.0,5.0,,,,,,,,,,,,,,,,1.6666666666666665
NERC_EIDC_2023_survival_height,real,teme_survival_v4_nerc,,Ficus superba,ficus_superba,Bangka Island,Bangka Island,508,508,0,1.0,1.0,1.0,0.405534662,,Tropical_Forest_Mineral_Soil,5.0,1.0,5.0,5.0,,,,,,,,,,,,,,,,1.6666666666666665
NERC_EIDC_2023_survival_height,real,teme_survival_v4_nerc,,Hibiscus tiliaceus,hibiscus_tiliaceus,Bangka Island,Bangka Island,331,330,1,0.9969788519637462,0.9969788519637462,1.0,0.45,,Tropical_Forest_Mineral_Soil,5.0,1.0,5.0,5.0,,,,,,,,,,,,,,,,1.6666666666666665
NERC_EIDC_2023_survival_height,real,teme_survival_v4_nerc,,Macaranga sp,macaranga_sp,Bangka Island,Bangka Island,104,0,104,0.0,0.0,1.0,0.31,,Tropical_Forest_Mineral_Soil,5.0,1.0,5.0,5.0,,,,,,,,,,,,,,,,1.6666666666666665
NERC_EIDC_2023_survival_height,real,teme_survival_v4_nerc,,Mallotus paniculatus,mallotus_paniculatus,Bangka Island,Bangka Island,104,2,102,0.019230769230769232,0.019230769230769232,1.0,0.345,,Tropical_Forest_Mineral_Soil,5.0,1.0,5.0,5.0,,,,,,,,,,,,,,,,1.6666666666666665
NERC_EIDC_2023_survival_height,real,teme_survival_v4_nerc,,Schima wallichii,schima_wallichii,Bangka Island,Bangka Island,211,7,204,0.03317535545023697,0.03317535545023697,1.0,0.55775,,Tropical_Forest_Mineral_Soil,5.0,1.0,5.0,5.0,,,,,,,,,,,,,,,,1.6666666666666665
NERC_EIDC_2023_survival_height,real,teme_survival_v4_nerc,,Syzygium grande,syzygium_grande,Bangka Island,Bangka Island,599,569,30,0.9499165275459098,0.9499165275459098,1.0,0.664366667,,Tropical_Forest_Mineral_Soil,5.0,1.0,5.0,5.0,,,,,,,,,,,,,,,,1.6666666666666665
NERC_EIDC_2023_survival_height,real,teme_survival_v4_nerc,,Vitex pinnata,vitex_pinnata,Bangka Island,Bangka Island,689,476,213,0.690856313497823,0.690856313497823,1.0,0.565170667,,Tropical_Forest_Mineral_Soil,5.0,1.0,5.0,5.0,,,,,,,,,,,,,,,,1.6666666666666665
NERC_EIDC_2023_survival_height,real,teme_survival_v4_nerc,,Tectona grandis,tectona_grandis,Perlis,Perlis,222,100,122,0.45045045045045046,0.45045045045045046,9.0,0.601444444,12.0,Tropical_Forest_Mineral_Soil,5.0,3.0,5.0,5.0,,,,,,,,,,,,,,,,0.8333333333333333
NERC_EIDC_2023_survival_height,real,teme_survival_v4_nerc,,Dipterocarpus scaber,dipterocarpus_scaber,Thailand,Thailand,240,227,13,0.9458333333333333,0.9458333333333333,3.75,0.654277244,,Tropical_Forest_Mineral_Soil,5.0,3.0,5.0,5.0,,,,,,,,,,,,,,,,1.6666666666666665
NERC_EIDC_2023_survival_height,real,teme_survival_v4_nerc,,Dipterocarpus scaber,dipterocarpus_scaber,Thailand,Thailand,240,204,36,0.85,0.85,3.75,0.654277244,,Tropical_Forest_Mineral_Soil,5.0,3.0,5.0,3.0,,,,,,,,,,,,,,,,0.8333333333333333
NERC_EIDC_2023_survival_height,real,teme_survival_v4_nerc,,Hopea odorata,hopea_odorata,Thailand,Thailand,180,158,22,0.8777777777777778,0.8777777777777778,3.75,0.635,,Tropical_Forest_Mineral_Soil,5.0,3.0,5.0,5.0,,,,,,,,,,,,,,,,1.6666666666666665
NERC_EIDC_2023_survival_height,real,teme_survival_v4_nerc,,Hopea odorata,hopea_odorata,Thailand,Thailand,240,91,149,0.37916666666666665,0.37916666666666665,3.75,0.635,,Tropical_Forest_Mineral_Soil,5.0,3.0,5.0,1.0,,,,,,,,,,,,,,,,0.8333333333333333
NERC_EIDC_2023_survival_height,real,teme_survival_v4_nerc,,Shorea roxburghii,shorea_roxburghii,Thailand,Thailand,180,170,10,0.9444444444444444,0.9444444444444444,3.75,0.7,,Tropical_Forest_Mineral_Soil,5.0,3.0,5.0,3.0,,,,,,,,,,,,,,,,1.6666666666666665
NERC_EIDC_2023_survival_height,real,teme_survival_v4_nerc,,Shorea roxburghii,shorea_roxburghii,Thailand,Thailand,300,223,77,0.7433333333333333,0.7433333333333333,3.75,0.7,,Tropical_Forest_Mineral_Soil,5.0,3.0,5.0,1.0,,,,,,,,,,,,,,,,0.8333333333333333
NERC_EIDC_2023_survival_height,real,teme_survival_v4_nerc,,Castanopsis purpurella,castanopsis_purpurella,Meghalaya,Meghalaya,300,207,93,0.69,0.69,2.0,0.567974786,3.0,Tropical_Forest_Mineral_Soil,5.0,3.0,5.0,3.0,,,,,,,,,,,,,,,,0.0
NERC_EIDC_2023_survival_height,real,teme_survival_v4_nerc,,Castanopsis purpurella,castanopsis_purpurella,Meghalaya,Meghalaya,300,267,33,0.89,0.89,2.0,0.567974786,3.0,Tropical_Forest_Mineral_Soil,5.0,3.0,5.0,2.0,,,,,,,,,,,,,,,,0.0
NERC_EIDC_2023_survival_height,real,teme_survival_v4_nerc,,Castanopsis purpurella,castanopsis_purpurella,Meghalaya,Meghalaya,300,230,70,0.7666666666666667,0.7666666666666667,2.0,0.567974786,3.0,Tropical_Forest_Mineral_Soil,5.0,3.0,5.0,3.0,,,,,,,,,,,,,,,,0.0
NERC_EIDC_2023_survival_height,real,teme_survival_v4_nerc,,Castanopsis purpurella,castanopsis_purpurella,Meghalaya,Meghalaya,300,221,79,0.7366666666666667,0.7366666666666667,2.0,0.567974786,3.0,Tropical_Forest_Mineral_Soil,5.0,3.0,5.0,4.0,,,,,,,,,,,,,,,,0.0
NERC_EIDC_2023_survival_height,real,teme_survival_v4_nerc,,Myrica esculenta,myrica_esculenta,Meghalaya,Meghalaya,300,246,54,0.82,0.82,2.0,0.6,3.0,Tropical_Forest_Mineral_Soil,5.0,3.0,5.0,3.0,,,,,,,,,,,,,,,,0.0
NERC_EIDC_2023_survival_height,real,teme_survival_v4_nerc,,Myrica esculenta,myrica_esculenta,Meghalaya,Meghalaya,300,224,76,0.7466666666666667,0.7466666666666667,2.0,0.6,3.0,Tropical_Forest_Mineral_Soil,5.0,3.0,5.0,3.0,,,,,,,,,,,,,,,,0.0
NERC_EIDC_2023_survival_height,real,teme_survival_v4_nerc,,Myrica esculenta,myrica_esculenta,Meghalaya,Meghalaya,300,221,79,0.7366666666666667,0.7366666666666667,2.0,0.6,3.0,Tropical_Forest_Mineral_Soil,5.0,3.0,5.0,6.0,,,,,,,,,,,,,,,,0.0
NERC_EIDC_2023_survival_height,real,teme_survival_v4_nerc,,Myrica esculenta,myrica_esculenta,Meghalaya,Meghalaya,300,135,165,0.45,0.45,2.0,0.6,3.0,Tropical_Forest_Mineral_Soil,5.0,3.0,5.0,6.0,,,,,,,,,,,,,,,,0.0
NERC_EIDC_2023_survival_height,real,teme_survival_v4_nerc,,Acacia mangium,acacia_mangium,Narathiwat,Narathiwat,36,0,36,0.0,0.0,14.0,0.507,,Unknown_TropicalAsia,5.0,8.0,5.0,10.0,,,,,,,,,,,,,,,,1.6666666666666665
NERC_EIDC_2023_survival_height,real,teme_survival_v4_nerc,,Baccaurea bracteata,baccaurea_bracteata,Narathiwat,Narathiwat,36,29,7,0.8055555555555556,0.8055555555555556,14.0,0.635,,Unknown_TropicalAsia,5.0,8.0,5.0,6.0,,,,,,,,,,,,,,,,2.5
NERC_EIDC_2023_survival_height,real,teme_survival_v4_nerc,,Dialium indum,dialium_indum,Narathiwat,Narathiwat,36,26,10,0.7222222222222222,0.7222222222222222,14.0,0.82,,Unknown_TropicalAsia,5.0,8.0,5.0,6.0,,,,,,,,,,,,,,,,2.5
NERC_EIDC_2023_survival_height,real,teme_survival_v4_nerc,,Fagraea fragrans,fagraea_fragrans,Narathiwat,Narathiwat,36,9,27,0.25,0.25,14.0,0.688,,Unknown_TropicalAsia,5.0,8.0,5.0,5.0,,,,,,,,,,,,,,,,1.6666666666666665
NERC_EIDC_2023_survival_height,real,teme_survival_v4_nerc,,Horsfieldia crassifolia,horsfieldia_crassifolia,Narathiwat,Narathiwat,36,28,8,0.7777777777777778,0.7777777777777778,14.0,0.441512037,,Unknown_TropicalAsia,5.0,8.0,5.0,7.0,,,,,,,,,,,,,,,,1.6666666666666665
NERC_EIDC_2023_survival_height,real,teme_survival_v4_nerc,,Macaranga pruinosa,macaranga_pruinosa,Narathiwat,Narathiwat,36,17,19,0.4722222222222222,0.4722222222222222,14.0,0.31,,Unknown_TropicalAsia,5.0,8.0,5.0,6.0,,,,,,,,,,,,,,,,2.5
NERC_EIDC_2023_survival_height,real,teme_survival_v4_nerc,,Madhuca motleyana,madhuca_motleyana,Narathiwat,Narathiwat,36,31,5,0.8611111111111112,0.8611111111111112,14.0,0.46,,Unknown_TropicalAsia,5.0,8.0,5.0,6.0,,,,,,,,,,,,,,,,1.6666666666666665
NERC_EIDC_2023_survival_height,real,teme_survival_v4_nerc,,Melaleuca cajuputi,melaleuca_cajuputi,Narathiwat,Narathiwat,36,15,21,0.4166666666666667,0.4166666666666667,14.0,0.756647186,,Unknown_TropicalAsia,5.0,8.0,5.0,8.0,,,,,,,,,,,,,,,,2.5
NERC_EIDC_2023_survival_height,real,teme_survival_v4_nerc,,Polyalthia lateriflora,polyalthia_lateriflora,Narathiwat,Narathiwat,36,4,32,0.1111111111111111,0.1111111111111111,14.0,0.441512037,,Unknown_TropicalAsia,5.0,8.0,5.0,3.0,,,,,,,,,,,,,,,,1.6666666666666665
NERC_EIDC_2023_survival_height,real,teme_survival_v4_nerc,,Stemonurus secundiflorus,stemonurus_secundiflorus,Narathiwat,Narathiwat,36,22,14,0.6111111111111112,0.6111111111111112,14.0,0.51,,Unknown_TropicalAsia,5.0,8.0,5.0,5.0,,,,,,,,,,,,,,,,2.5
NERC_EIDC_2023_survival_height,real,teme_survival_v4_nerc,,Sterculia gilva,sterculia_gilva,Narathiwat,Narathiwat,36,30,6,0.8333333333333334,0.8333333333333334,14.0,0.404821667,,Unknown_TropicalAsia,5.0,8.0,5.0,6.0,,,,,,,,,,,,,,,,2.5
NERC_EIDC_2023_survival_height,real,teme_survival_v4_nerc,,Syzygium kunstleri,syzygium_kunstleri,Narathiwat,Narathiwat,36,24,12,0.6666666666666666,0.6666666666666666,14.0,0.664366667,,Unknown_TropicalAsia,5.0,8.0,5.0,7.0,,,,,,,,,,,,,,,,2.5
NERC_EIDC_2023_survival_height,real,teme_survival_v4_nerc,,Syzygium oblatum,syzygium_oblatum,Narathiwat,Narathiwat,36,24,12,0.6666666666666666,0.6666666666666666,14.0,0.664366667,,Unknown_TropicalAsia,5.0,8.0,5.0,7.0,,,,,,,,,,,,,,,,2.5
NERC_EIDC_2023_survival_height,real,teme_survival_v4_nerc,,Vatica pauciflora,vatica_pauciflora,Narathiwat,Narathiwat,36,17,19,0.4722222222222222,0.4722222222222222,14.0,0.706897436,,Unknown_TropicalAsia,5.0,8.0,5.0,5.0,,,,,,,,,,,,,,,,1.6666666666666665
NERC_EIDC_2023_survival_height,real,teme_survival_v4_nerc,,Aglaia rubiginosa,aglaia_rubiginosa,Narathiwat,Narathiwat,36,5,31,0.1388888888888889,0.1388888888888889,9.0,0.76,,Unknown_TropicalAsia,5.0,8.0,5.0,5.0,,,,,,,,,,,,,,,,1.6666666666666665
NERC_EIDC_2023_survival_height,real,teme_survival_v4_nerc,,Alstonia spatulata,alstonia_spatulata,Narathiwat,Narathiwat,36,35,1,0.9722222222222222,0.9722222222222222,9.0,0.34,,Unknown_TropicalAsia,5.0,8.0,5.0,8.0,,,,,,,,,,,,,,,,1.6666666666666665
NERC_EIDC_2023_survival_height,real,teme_survival_v4_nerc,,Calophyllum sclerophyllum,calophyllum_sclerophyllum,Narathiwat,Narathiwat,36,32,4,0.8888888888888888,0.8888888888888888,9.0,0.669211656,,Unknown_TropicalAsia,5.0,8.0,5.0,8.0,,,,,,,,,,,,,,,,1.6666666666666665
NERC_EIDC_2023_survival_height,real,teme_survival_v4_nerc,,Campnosperma coriaceum,campnosperma_coriaceum,Narathiwat,Narathiwat,36,29,7,0.8055555555555556,0.8055555555555556,9.0,0.3775,,Unknown_TropicalAsia,5.0,8.0,5.0,7.0,,,,,,,,,,,,,,,,1.6666666666666665
NERC_EIDC_2023_survival_height,real,teme_survival_v4_nerc,,Cinnamomum rhychophyllum,cinnamomum_rhychophyllum,Narathiwat,Narathiwat,36,25,11,0.6944444444444444,0.6944444444444444,9.0,0.467139912,,Unknown_TropicalAsia,5.0,8.0,5.0,4.0,,,,,,,,,,,,,,,,1.6666666666666665
NERC_EIDC_2023_survival_height,real,teme_survival_v4_nerc,,Dacryodes incurvata,dacryodes_incurvata,Narathiwat,Narathiwat,36,2,34,0.05555555555555555,0.05555555555555555,12.83,0.59,,Unknown_TropicalAsia,5.0,8.0,5.0,6.0,,,,,,,,,,,,,,,,1.6666666666666665
NERC_EIDC_2023_survival_height,real,teme_survival_v4_nerc,,Garcinia bancana,garcinia_bancana,Narathiwat,Narathiwat,36,3,33,0.08333333333333333,0.08333333333333333,9.0,0.741621569,,Unknown_TropicalAsia,5.0,8.0,5.0,5.0,,,,,,,,,,,,,,,,1.6666666666666665
NERC_EIDC_2023_survival_height,real,teme_survival_v4_nerc,,Ixora grandifolia,ixora_grandifolia,Narathiwat,Narathiwat,36,27,9,0.75,0.75,9.0,0.69,,Unknown_TropicalAsia,5.0,8.0,5.0,5.0,,,,,,,,,,,,,,,,1.6666666666666665
NERC_EIDC_2023_survival_height,real,teme_survival_v4_nerc,,Litsea costata,litsea_costata,Narathiwat,Narathiwat,36,5,31,0.1388888888888889,0.1388888888888889,9.0,0.425466667,,Unknown_TropicalAsia,5.0,8.0,5.0,3.0,,,,,,,,,,,,,,,,1.6666666666666665
NERC_EIDC_2023_survival_height,real,teme_survival_v4_nerc,,Mangifera griffithii,mangifera_griffithii,Narathiwat,Narathiwat,36,28,8,0.7777777777777778,0.7777777777777778,9.0,0.47,,Unknown_TropicalAsia,5.0,8.0,5.0,3.0,,,,,,,,,,,,,,,,1.6666666666666665
NERC_EIDC_2023_survival_height,real,teme_survival_v4_nerc,,Neesia malayana,neesia_malayana,Narathiwat,Narathiwat,36,22,14,0.6111111111111112,0.6111111111111112,9.0,0.46,,Unknown_TropicalAsia,5.0,8.0,5.0,5.0,,,,,,,,,,,,,,,,1.6666666666666665
NERC_EIDC_2023_survival_height,real,teme_survival_v4_nerc,,Persea membranacea,persea_membranacea,Narathiwat,Narathiwat,36,13,23,0.3611111111111111,0.3611111111111111,9.0,0.514030303,,Unknown_TropicalAsia,5.0,8.0,5.0,4.0,,,,,,,,,,,,,,,,1.6666666666666665
NERC_EIDC_2023_survival_height,real,teme_survival_v4_nerc,,Polyalthia glauca,polyalthia_glauca,Narathiwat,Narathiwat,36,20,16,0.5555555555555556,0.5555555555555556,9.0,0.441512037,,Unknown_TropicalAsia,5.0,8.0,5.0,3.0,,,,,,,,,,,,,,,,1.6666666666666665
NERC_EIDC_2023_survival_height,real,teme_survival_v4_nerc,,Sandoricum beccarianum,sandoricum_beccarianum,Narathiwat,Narathiwat,36,26,10,0.7222222222222222,0.7222222222222222,9.0,0.38,,Unknown_TropicalAsia,5.0,8.0,5.0,6.0,,,,,,,,,,,,,,,,1.6666666666666665
NERC_EIDC_2023_survival_height,real,teme_survival_v4_nerc,,Xanthophyllum ellipticum,xanthophyllum_ellipticum,Narathiwat,Narathiwat,36,13,23,0.3611111111111111,0.3611111111111111,9.0,0.708076923,,Unknown_TropicalAsia,5.0,8.0,5.0,6.0,,,,,,,,,,,,,,,,1.6666666666666665
NERC_EIDC_2023_survival_height,real,teme_survival_v4_nerc,,Acacia mangium,acacia_mangium,South Kalimantan,South Kalimantan,100,95,5,0.95,0.95,3.0,0.507,,Tropical_Forest_Mineral_Soil,5.0,8.0,5.0,5.0,,,,,,,,,,,,,,,,1.6666666666666665
NERC_EIDC_2023_survival_height,real,teme_survival_v4_nerc,,Acacia mangium,acacia_mangium,South Kalimantan,South Kalimantan,100,100,0,1.0,1.0,3.0,0.507,,Tropical_Forest_Mineral_Soil,5.0,8.0,5.0,5.0,,,,,,,,,,,,,,,,1.6666666666666665
NERC_EIDC_2023_survival_height,real,teme_survival_v4_nerc,,Acacia mangium,acacia_mangium,South Kalimantan,South Kalimantan,100,97,3,0.97,0.97,3.0,0.507,,Tropical_Forest_Mineral_Soil,5.0,8.0,5.0,5.0,,,,,,,,,,,,,,,,1.6666666666666665
NERC_EIDC_2023_survival_height,real,teme_survival_v4_nerc,,Acacia mangium,acacia_mangium,South Kalimantan,South Kalimantan,100,100,0,1.0,1.0,3.0,0.507,,Tropical_Forest_Mineral_Soil,5.0,8.0,5.0,5.0,,,,,,,,,,,,,,,,1.6666666666666665
NERC_EIDC_2023_survival_height,real,teme_survival_v4_nerc,,Falcataria moluccana,falcataria_moluccana,South Kalimantan,South Kalimantan,100,95,5,0.95,0.95,3.0,0.702416609,3.0,Tropical_Forest_Mineral_Soil,5.0,8.0,5.0,5.0,,,,,,,,,,,,,,,,1.6666666666666665
NERC_EIDC_2023_survival_height,real,teme_survival_v4_nerc,,Falcataria moluccana,falcataria_moluccana,South Kalimantan,South Kalimantan,100,97,3,0.97,0.97,3.0,0.702416609,3.0,Tropical_Forest_Mineral_Soil,5.0,8.0,5.0,5.0,,,,,,,,,,,,,,,,1.6666666666666665
NERC_EIDC_2023_survival_height,real,teme_survival_v4_nerc,,Falcataria moluccana,falcataria_moluccana,South Kalimantan,South Kalimantan,100,95,5,0.95,0.95,3.0,0.702416609,3.0,Tropical_Forest_Mineral_Soil,5.0,8.0,5.0,5.0,,,,,,,,,,,,,,,,1.6666666666666665
NERC_EIDC_2023_survival_height,real,teme_survival_v4_nerc,,Falcataria moluccana,falcataria_moluccana,South Kalimantan,South Kalimantan,100,95,5,0.95,0.95,3.0,0.702416609,3.0,Tropical_Forest_Mineral_Soil,5.0,8.0,5.0,5.0,,,,,,,,,,,,,,,,1.6666666666666665
NERC_EIDC_2023_survival_height,real,teme_survival_v4_nerc,,Gmelina arborea,gmelina_arborea,South Kalimantan,South Kalimantan,100,100,0,1.0,1.0,3.0,0.42975,3.0,Tropical_Forest_Mineral_Soil,5.0,8.0,5.0,5.0,,,,,,,,,,,,,,,,1.6666666666666665
NERC_EIDC_2023_survival_height,real,teme_survival_v4_nerc,,Gmelina arborea,gmelina_arborea,South Kalimantan,South Kalimantan,100,100,0,1.0,1.0,3.0,0.42975,3.0,Tropical_Forest_Mineral_Soil,5.0,8.0,5.0,5.0,,,,,,,,,,,,,,,,1.6666666666666665
NERC_EIDC_2023_survival_height,real,teme_survival_v4_nerc,,Gmelina arborea,gmelina_arborea,South Kalimantan,South Kalimantan,100,100,0,1.0,1.0,3.0,0.42975,3.0,Tropical_Forest_Mineral_Soil,5.0,8.0,5.0,5.0,,,,,,,,,,,,,,,,1.6666666666666665
NERC_EIDC_2023_survival_height,real,teme_survival_v4_nerc,,Gmelina arborea,gmelina_arborea,South Kalimantan,South Kalimantan,100,100,0,1.0,1.0,3.0,0.42975,3.0,Tropical_Forest_Mineral_Soil,5.0,8.0,5.0,5.0,,,,,,,,,,,,,,,,1.6666666666666665
NERC_EIDC_2023_survival_height,real,teme_survival_v4_nerc,,Swietenia macrophylla,swietenia_macrophylla,South Kalimantan,South Kalimantan,100,92,8,0.92,0.92,3.0,0.519545455,,Tropical_Forest_Mineral_Soil,5.0,8.0,5.0,5.0,,,,,,,,,,,,,,,,1.6666666666666665
NERC_EIDC_2023_survival_height,real,teme_survival_v4_nerc,,Swietenia macrophylla,swietenia_macrophylla,South Kalimantan,South Kalimantan,100,97,3,0.97,0.97,3.0,0.519545455,,Tropical_Forest_Mineral_Soil,5.0,8.0,5.0,5.0,,,,,,,,,,,,,,,,1.6666666666666665
NERC_EIDC_2023_survival_height,real,teme_survival_v4_nerc,,Swietenia macrophylla,swietenia_macrophylla,South Kalimantan,South Kalimantan,100,100,0,1.0,1.0,3.0,0.519545455,,Tropical_Forest_Mineral_Soil,5.0,8.0,5.0,5.0,,,,,,,,,,,,,,,,1.6666666666666665
NERC_EIDC_2023_survival_height,real,teme_survival_v4_nerc,,Swietenia macrophylla,swietenia_macrophylla,South Kalimantan,South Kalimantan,100,86,14,0.86,0.86,3.0,0.519545455,,Tropical_Forest_Mineral_Soil,5.0,8.0,5.0,5.0,,,,,,,,,,,,,,,,1.6666666666666665
NERC_EIDC_2023_survival_height,real,teme_survival_v4_nerc,,Corymbia intermedia,corymbia_intermedia,Indonesia,Indonesia,64,11,53,0.171875,0.171875,3.0,0.844814394,3.0,Tropical_Forest_Mineral_Soil,5.0,8.0,5.0,5.0,,,,,,,,,,,,,,,,1.6666666666666665
NERC_EIDC_2023_survival_height,real,teme_survival_v4_nerc,,Corymbia torelliana,corymbia_torelliana,Indonesia,Indonesia,64,35,29,0.546875,0.546875,3.0,0.761,3.0,Tropical_Forest_Mineral_Soil,5.0,8.0,5.0,5.0,,,,,,,,,,,,,,,,1.6666666666666665
NERC_EIDC_2023_survival_height,real,teme_survival_v4_nerc,,Eucalpytus camaldulensis,eucalpytus_camaldulensis,Indonesia,Indonesia,64,61,3,0.953125,0.953125,3.0,0.765578146,3.0,Tropical_Forest_Mineral_Soil,5.0,8.0,5.0,5.0,,,,,,,,,,,,,,,,1.6666666666666665
NERC_EIDC_2023_survival_height,real,teme_survival_v4_nerc,,Eucalyptus alba,eucalyptus_alba,Indonesia,Indonesia,64,35,29,0.546875,0.546875,3.0,0.850166667,3.0,Tropical_Forest_Mineral_Soil,5.0,8.0,5.0,5.0,,,,,,,,,,,,,,,,1.6666666666666665
NERC_EIDC_2023_survival_height,real,teme_survival_v4_nerc,,Eucalyptus deglupta,eucalyptus_deglupta,Indonesia,Indonesia,64,58,6,0.90625,0.90625,3.0,0.4485,3.0,Tropical_Forest_Mineral_Soil,5.0,8.0,5.0,5.0,,,,,,,,,,,,,,,,1.6666666666666665
NERC_EIDC_2023_survival_height,real,teme_survival_v4_nerc,,Eucalyptus grandis,eucalyptus_grandis,Indonesia,Indonesia,64,17,47,0.265625,0.265625,3.0,0.662,3.0,Tropical_Forest_Mineral_Soil,5.0,8.0,5.0,5.0,,,,,,,,,,,,,,,,1.6666666666666665
NERC_EIDC_2023_survival_height,real,teme_survival_v4_nerc,,Eucalyptus grandis,eucalyptus_grandis,Indonesia,Indonesia,64,16,48,0.25,0.25,3.0,0.662,3.0,Tropical_Forest_Mineral_Soil,5.0,8.0,5.0,5.0,,,,,,,,,,,,,,,,1.6666666666666665
NERC_EIDC_2023_survival_height,real,teme_survival_v4_nerc,,Eucalyptus pellita,eucalyptus_pellita,Indonesia,Indonesia,64,51,13,0.796875,0.796875,3.0,0.733666667,3.0,Tropical_Forest_Mineral_Soil,5.0,8.0,5.0,5.0,,,,,,,,,,,,,,,,1.6666666666666665
NERC_EIDC_2023_survival_height,real,teme_survival_v4_nerc,,Eucalyptus pilularis,eucalyptus_pilularis,Indonesia,Indonesia,64,6,58,0.09375,0.09375,3.0,0.755,3.0,Tropical_Forest_Mineral_Soil,5.0,8.0,5.0,5.0,,,,,,,,,,,,,,,,1.6666666666666665
NERC_EIDC_2023_survival_height,real,teme_survival_v4_nerc,,Eucalyptus tereticornis,eucalyptus_tereticornis,Indonesia,Indonesia,64,56,8,0.875,0.875,3.0,0.827,3.0,Tropical_Forest_Mineral_Soil,5.0,8.0,5.0,5.0,,,,,,,,,,,,,,,,1.6666666666666665
NERC_EIDC_2023_survival_height,real,teme_survival_v4_nerc,,Eucalyptus urophylla,eucalyptus_urophylla,Indonesia,Indonesia,64,42,22,0.65625,0.65625,3.0,0.48,3.0,Tropical_Forest_Mineral_Soil,5.0,8.0,5.0,5.0,,,,,,,,,,,,,,,,1.6666666666666665
NERC_EIDC_2023_survival_height,real,teme_survival_v4_nerc,,Agathis borneensis,agathis_borneensis,South Kalimantan,South Kalimantan,40,35,5,0.875,0.875,5.0,0.383333333,6.0,Tropical_Forest_Mineral_Soil,5.0,3.0,5.0,8.0,,,,,,,,,,,,,,,,2.5
NERC_EIDC_2023_survival_height,real,teme_survival_v4_nerc,,Agathis dammara,agathis_dammara,South Kalimantan,South Kalimantan,40,31,9,0.775,0.775,5.0,0.4515,6.0,Tropical_Forest_Mineral_Soil,5.0,3.0,5.0,6.0,,,,,,,,,,,,,,,,2.5
NERC_EIDC_2023_survival_height,real,teme_survival_v4_nerc,,Durio zibethinus,durio_zibethinus,South Kalimantan,South Kalimantan,40,12,28,0.3,0.3,5.0,0.516,6.0,Tropical_Forest_Mineral_Soil,5.0,3.0,5.0,6.0,,,,,,,,,,,,,,,,2.5
NERC_EIDC_2023_survival_height,real,teme_survival_v4_nerc,,Hopea sangal,hopea_sangal,South Kalimantan,South Kalimantan,40,19,21,0.475,0.475,5.0,0.714693989,6.0,Tropical_Forest_Mineral_Soil,5.0,3.0,5.0,7.0,,,,,,,,,,,,,,,,2.5
NERC_EIDC_2023_survival_height,real,teme_survival_v4_nerc,,Pericopsis mooniana,pericopsis_mooniana,South Kalimantan,South Kalimantan,40,33,7,0.825,0.825,5.0,0.6985,6.0,Tropical_Forest_Mineral_Soil,5.0,3.0,5.0,7.0,,,,,,,,,,,,,,,,2.5
NERC_EIDC_2023_survival_height,real,teme_survival_v4_nerc,,Podocarpus polystachyus,podocarpus_polystachyus,South Kalimantan,South Kalimantan,40,38,2,0.95,0.95,5.0,0.485,6.0,Tropical_Forest_Mineral_Soil,5.0,3.0,5.0,8.0,,,,,,,,,,,,,,,,2.5
NERC_EIDC_2023_survival_height,real,teme_survival_v4_nerc,,Shorea hopeifolia,shorea_hopeifolia,South Kalimantan,South Kalimantan,40,11,29,0.275,0.275,5.0,0.485,6.0,Tropical_Forest_Mineral_Soil,5.0,3.0,5.0,5.0,,,,,,,,,,,,,,,,2.5
NERC_EIDC_2023_survival_height,real,teme_survival_v4_nerc,,Shorea johorensis,shorea_johorensis,South Kalimantan,South Kalimantan,40,2,38,0.05,0.05,5.0,0.393333333,6.0,Tropical_Forest_Mineral_Soil,5.0,3.0,5.0,8.0,,,,,,,,,,,,,,,,2.5
NERC_EIDC_2023_survival_height,real,teme_survival_v4_nerc,,Shorea leprosula,shorea_leprosula,South Kalimantan,South Kalimantan,40,21,19,0.525,0.525,5.0,0.44,6.0,Tropical_Forest_Mineral_Soil,5.0,3.0,5.0,8.0,,,,,,,,,,,,,,,,2.5
NERC_EIDC_2023_survival_height,real,teme_survival_v4_nerc,,Shorea macroptera,shorea_macroptera,South Kalimantan,South Kalimantan,40,4,36,0.1,0.1,5.0,0.425,6.0,Tropical_Forest_Mineral_Soil,5.0,3.0,5.0,3.0,,,,,,,,,,,,,,,,2.5
NERC_EIDC_2023_survival_height,real,teme_survival_v4_nerc,,Shorea parvifolia,shorea_parvifolia,South Kalimantan,South Kalimantan,40,6,34,0.15,0.15,5.0,0.405,6.0,Tropical_Forest_Mineral_Soil,5.0,3.0,5.0,7.0,,,,,,,,,,,,,,,,2.5
NERC_EIDC_2023_survival_height,real,teme_survival_v4_nerc,,Vatica sp,vatica_sp,South Kalimantan,South Kalimantan,40,33,7,0.825,0.825,5.0,0.706897436,6.0,Tropical_Forest_Mineral_Soil,5.0,3.0,5.0,7.0,,,,,,,,,,,,,,,,2.5
NERC_EIDC_2023_survival_height,real,teme_survival_v4_nerc,,Anisoptera marginata,anisoptera_marginata,South Kalimantan,South Kalimantan,250,205,45,0.82,0.82,6.5,0.526666667,,Tropical_Forest_Mineral_Soil,5.0,8.0,5.0,5.0,,,,,,,,,,,,,,,,1.6666666666666665
NERC_EIDC_2023_survival_height,real,teme_survival_v4_nerc,,Anisoptera marginata,anisoptera_marginata,South Kalimantan,South Kalimantan,36,29,7,0.8055555555555556,0.8055555555555556,2.0,0.526666667,,Tropical_Forest_Mineral_Soil,5.0,8.0,5.0,5.0,,,,,,,,,,,,,,,,0.8333333333333333
NERC_EIDC_2023_survival_height,real,teme_survival_v4_nerc,,Anisoptera marginata,anisoptera_marginata,South Kalimantan,South Kalimantan,200,180,20,0.9,0.9,6.5,0.526666667,,Tropical_Forest_Mineral_Soil,5.0,8.0,5.0,5.0,,,,,,,,,,,,,,,,1.6666666666666665
NERC_EIDC_2023_survival_height,real,teme_survival_v4_nerc,,Anisoptera marginata,anisoptera_marginata,South Kalimantan,South Kalimantan,100,83,17,0.83,0.83,7.5,0.526666667,,Tropical_Forest_Mineral_Soil,5.0,8.0,5.0,5.0,,,,,,,,,,,,,,,,1.6666666666666665
NERC_EIDC_2023_survival_height,real,teme_survival_v4_nerc,,Artocarpus sp,artocarpus_sp,South Kalimantan,South Kalimantan,36,29,7,0.8055555555555556,0.8055555555555556,2.0,0.461,,Tropical_Forest_Mineral_Soil,5.0,8.0,5.0,5.0,,,,,,,,,,,,,,,,0.8333333333333333
NERC_EIDC_2023_survival_height,real,teme_survival_v4_nerc,,Calophyllum inophyllum,calophyllum_inophyllum,South Kalimantan,South Kalimantan,36,34,2,0.9444444444444444,0.9444444444444444,2.0,0.5846,,Tropical_Forest_Mineral_Soil,5.0,8.0,5.0,5.0,,,,,,,,,,,,,,,,0.8333333333333333
NERC_EIDC_2023_survival_height,real,teme_survival_v4_nerc,,Dillenia sp,dillenia_sp,South Kalimantan,South Kalimantan,36,14,22,0.3888888888888889,0.3888888888888889,2.0,0.616229167,,Tropical_Forest_Mineral_Soil,5.0,8.0,5.0,5.0,,,,,,,,,,,,,,,,0.8333333333333333
NERC_EIDC_2023_survival_height,real,teme_survival_v4_nerc,,Dipterocarpus gracilis,dipterocarpus_gracilis,South Kalimantan,South Kalimantan,36,7,29,0.19444444444444445,0.19444444444444445,2.0,0.603333333,,Tropical_Forest_Mineral_Soil,5.0,8.0,5.0,5.0,,,,,,,,,,,,,,,,0.8333333333333333
NERC_EIDC_2023_survival_height,real,teme_survival_v4_nerc,,Hopea sangal,hopea_sangal,South Kalimantan,South Kalimantan,40,20,20,0.5,0.5,5.0,0.714693989,,Tropical_Forest_Mineral_Soil,5.0,8.0,5.0,5.0,,,,,,,,,,,,,,,,1.6666666666666665
NERC_EIDC_2023_survival_height,real,teme_survival_v4_nerc,,Octomeles sumatrana,octomeles_sumatrana,South Kalimantan,South Kalimantan,36,30,6,0.8333333333333334,0.8333333333333334,2.0,0.301,,Tropical_Forest_Mineral_Soil,5.0,8.0,5.0,5.0,,,,,,,,,,,,,,,,0.8333333333333333
NERC_EIDC_2023_survival_height,real,teme_survival_v4_nerc,,Peronema canescens,peronema_canescens,South Kalimantan,South Kalimantan,36,36,0,1.0,1.0,2.0,0.57,,Tropical_Forest_Mineral_Soil,5.0,8.0,5.0,5.0,,,,,,,,,,,,,,,,0.8333333333333333
NERC_EIDC_2023_survival_height,real,teme_survival_v4_nerc,,Pterocarpus dalbergioides,pterocarpus_dalbergioides,South Kalimantan,South Kalimantan,36,35,1,0.9722222222222222,0.9722222222222222,2.0,0.62,,Tropical_Forest_Mineral_Soil,5.0,8.0,5.0,5.0,,,,,,,,,,,,,,,,0.8333333333333333
NERC_EIDC_2023_survival_height,real,teme_survival_v4_nerc,,Shorea hopeifolia,shorea_hopeifolia,South Kalimantan,South Kalimantan,4,1,3,0.25,0.25,5.0,0.485,,Tropical_Forest_Mineral_Soil,5.0,8.0,5.0,5.0,,,,,,,,,,,,,,,,1.6666666666666665
NERC_EIDC_2023_survival_height,real,teme_survival_v4_nerc,,Shorea johorensis,shorea_johorensis,South Kalimantan,South Kalimantan,40,2,38,0.05,0.05,5.0,0.393333333,,Tropical_Forest_Mineral_Soil,5.0,8.0,5.0,5.0,,,,,,,,,,,,,,,,1.6666666666666665
NERC_EIDC_2023_survival_height,real,teme_survival_v4_nerc,,Shorea leprosula,shorea_leprosula,South Kalimantan,South Kalimantan,36,22,14,0.6111111111111112,0.6111111111111112,2.0,0.44,,Tropical_Forest_Mineral_Soil,5.0,8.0,5.0,5.0,,,,,,,,,,,,,,,,0.8333333333333333
NERC_EIDC_2023_survival_height,real,teme_survival_v4_nerc,,Shorea leprosula,shorea_leprosula,South Kalimantan,South Kalimantan,150,108,42,0.72,0.72,5.5,0.44,,Tropical_Forest_Mineral_Soil,5.0,8.0,5.0,5.0,,,,,,,,,,,,,,,,1.6666666666666665
NERC_EIDC_2023_survival_height,real,teme_survival_v4_nerc,,Shorea leprosula,shorea_leprosula,South Kalimantan,South Kalimantan,40,21,19,0.525,0.525,5.0,0.44,,Tropical_Forest_Mineral_Soil,5.0,8.0,5.0,5.0,,,,,,,,,,,,,,,,1.6666666666666665
NERC_EIDC_2023_survival_height,real,teme_survival_v4_nerc,,Shorea macroptera,shorea_macroptera,South Kalimantan,South Kalimantan,40,4,36,0.1,0.1,5.0,0.425,,Tropical_Forest_Mineral_Soil,5.0,8.0,5.0,5.0,,,,,,,,,,,,,,,,1.6666666666666665
NERC_EIDC_2023_survival_height,real,teme_survival_v4_nerc,,Shorea parvifolia,shorea_parvifolia,South Kalimantan,South Kalimantan,40,6,34,0.15,0.15,5.0,0.405,,Tropical_Forest_Mineral_Soil,5.0,8.0,5.0,5.0,,,,,,,,,,,,,,,,1.6666666666666665
NERC_EIDC_2023_survival_height,real,teme_survival_v4_nerc,,Shorea selanica,shorea_selanica,South Kalimantan,South Kalimantan,36,5,31,0.1388888888888889,0.1388888888888889,2.0,0.37,,Tropical_Forest_Mineral_Soil,5.0,8.0,5.0,5.0,,,,,,,,,,,,,,,,0.8333333333333333
NERC_EIDC_2023_survival_height,real,teme_survival_v4_nerc,,Vatica sp,vatica_sp,South Kalimantan,South Kalimantan,40,33,7,0.825,0.825,5.0,0.706897436,,Tropical_Forest_Mineral_Soil,5.0,8.0,5.0,5.0,,,,,,,,,,,,,,,,1.6666666666666665
NERC_EIDC_2023_survival_height,real,teme_survival_v4_nerc,,Anisoptera marginata,anisoptera_marginata,South Kalimantan,South Kalimantan,40,39,1,0.975,0.975,1.58,0.526666667,10.0,Tropical_Forest_Mineral_Soil,5.0,3.0,5.0,9.0,,,,,,,,,,,,,,,,1.6666666666666665
NERC_EIDC_2023_survival_height,real,teme_survival_v4_nerc,,Anisoptera marginata,anisoptera_marginata,South Kalimantan,South Kalimantan,40,34,6,0.85,0.85,1.58,0.526666667,10.0,Tropical_Forest_Mineral_Soil,5.0,3.0,5.0,7.0,,,,,,,,,,,,,,,,1.6666666666666665
NERC_EIDC_2023_survival_height,real,teme_survival_v4_nerc,,Anisoptera marginata,anisoptera_marginata,South Kalimantan,South Kalimantan,40,35,5,0.875,0.875,1.58,0.526666667,10.0,Tropical_Forest_Mineral_Soil,5.0,3.0,5.0,5.0,,,,,,,,,,,,,,,,1.6666666666666665
NERC_EIDC_2023_survival_height,real,teme_survival_v4_nerc,,Anisoptera marginata,anisoptera_marginata,South Kalimantan,South Kalimantan,40,35,5,0.875,0.875,1.58,0.526666667,10.0,Tropical_Forest_Mineral_Soil,5.0,3.0,5.0,3.0,,,,,,,,,,,,,,,,1.6666666666666665
NERC_EIDC_2023_survival_height,real,teme_survival_v4_nerc,,Anisoptera marginata,anisoptera_marginata,South Kalimantan,South Kalimantan,200,193,7,0.965,0.965,1.58,0.526666667,12.0,Tropical_Forest_Mineral_Soil,5.0,3.0,5.0,5.0,,,,,,,,,,,,,,,,1.6666666666666665
NERC_EIDC_2023_survival_height,real,teme_survival_v4_nerc,,Peronema canescens,peronema_canescens,South Kalimantan,South Kalimantan,200,143,57,0.715,0.715,1.58,0.57,4.0,Tropical_Forest_Mineral_Soil,5.0,3.0,5.0,5.0,,,,,,,,,,,,,,,,1.6666666666666665
NERC_EIDC_2023_survival_height,real,teme_survival_v4_nerc,,Shorea parvifolia,shorea_parvifolia,South Kalimantan,South Kalimantan,200,188,12,0.94,0.94,1.58,0.405,9.0,Tropical_Forest_Mineral_Soil,5.0,3.0,5.0,5.0,,,,,,,,,,,,,,,,1.6666666666666665
NERC_EIDC_2023_survival_height,real,teme_survival_v4_nerc,,Dryobalanops lanceolata,dryobalanops_lanceolata,East Kalimantan,East Kalimantan,36,24,12,0.6666666666666666,0.6666666666666666,3.0,0.62,24.0,Tropical_Forest_Mineral_Soil,5.0,8.0,5.0,5.0,,,,,,,,,,,,,,,,0.0
NERC_EIDC_2023_survival_height,real,teme_survival_v4_nerc,,Dryobalanops lanceolata,dryobalanops_lanceolata,East Kalimantan,East Kalimantan,36,26,10,0.7222222222222222,0.7222222222222222,3.0,0.62,9.0,Tropical_Forest_Mineral_Soil,5.0,8.0,5.0,5.0,,,,,,,,,,,,,,,,0.0
NERC_EIDC_2023_survival_height,real,teme_survival_v4_nerc,,Shorea leprosula,shorea_leprosula,East Kalimantan,East Kalimantan,36,26,10,0.7222222222222222,0.7222222222222222,3.0,0.44,9.0,Tropical_Forest_Mineral_Soil,5.0,8.0,5.0,5.0,,,,,,,,,,,,,,,,0.0
NERC_EIDC_2023_survival_height,real,teme_survival_v4_nerc,,Shorea leprosula,shorea_leprosula,East Kalimantan,East Kalimantan,36,28,8,0.7777777777777778,0.7777777777777778,3.0,0.44,24.0,Tropical_Forest_Mineral_Soil,5.0,8.0,5.0,5.0,,,,,,,,,,,,,,,,0.0
NERC_EIDC_2023_survival_height,real,teme_survival_v4_nerc,,Shorea ovalis,shorea_ovalis,East Kalimantan,East Kalimantan,36,28,8,0.7777777777777778,0.7777777777777778,3.0,0.43,24.0,Tropical_Forest_Mineral_Soil,5.0,8.0,5.0,5.0,,,,,,,,,,,,,,,,0.0
NERC_EIDC_2023_survival_height,real,teme_survival_v4_nerc,,Shorea ovalis,shorea_ovalis,East Kalimantan,East Kalimantan,36,18,18,0.5,0.5,3.0,0.43,9.0,Tropical_Forest_Mineral_Soil,5.0,8.0,5.0,5.0,,,,,,,,,,,,,,,,0.0
NERC_EIDC_2023_survival_height,real,teme_survival_v4_nerc,,Shorea parvifolia,shorea_parvifolia,East Kalimantan,East Kalimantan,36,9,27,0.25,0.25,3.0,0.405,9.0,Tropical_Forest_Mineral_Soil,5.0,8.0,5.0,5.0,,,,,,,,,,,,,,,,0.0
NERC_EIDC_2023_survival_height,real,teme_survival_v4_nerc,,Shorea parvifolia,shorea_parvifolia,East Kalimantan,East Kalimantan,36,21,15,0.5833333333333334,0.5833333333333334,3.0,0.405,24.0,Tropical_Forest_Mineral_Soil,5.0,8.0,5.0,5.0,,,,,,,,,,,,,,,,0.0
NERC_EIDC_2023_survival_height,real,teme_survival_v4_nerc,,Shorea pauciflora,shorea_pauciflora,East Kalimantan,East Kalimantan,36,29,7,0.8055555555555556,0.8055555555555556,3.0,0.5325,24.0,Tropical_Forest_Mineral_Soil,5.0,8.0,5.0,5.0,,,,,,,,,,,,,,,,0.0
NERC_EIDC_2023_survival_height,real,teme_survival_v4_nerc,,Shorea pauciflora,shorea_pauciflora,East Kalimantan,East Kalimantan,36,22,14,0.6111111111111112,0.6111111111111112,3.0,0.5325,9.0,Tropical_Forest_Mineral_Soil,5.0,8.0,5.0,5.0,,,,,,,,,,,,,,,,0.0
NERC_EIDC_2023_survival_height,real,teme_survival_v4_nerc,,Shorea seminis,shorea_seminis,East Kalimantan,East Kalimantan,36,34,2,0.9444444444444444,0.9444444444444444,3.0,0.72,24.0,Tropical_Forest_Mineral_Soil,5.0,8.0,5.0,5.0,,,,,,,,,,,,,,,,0.0
NERC_EIDC_2023_survival_height,real,teme_survival_v4_nerc,,Shorea seminis,shorea_seminis,East Kalimantan,East Kalimantan,36,17,19,0.4722222222222222,0.4722222222222222,3.0,0.72,9.0,Tropical_Forest_Mineral_Soil,5.0,8.0,5.0,5.0,,,,,,,,,,,,,,,,0.0
NERC_EIDC_2023_survival_height,real,teme_survival_v4_nerc,,Shorea smithiana,shorea_smithiana,East Kalimantan,East Kalimantan,36,26,10,0.7222222222222222,0.7222222222222222,3.0,0.355,24.0,Tropical_Forest_Mineral_Soil,5.0,8.0,5.0,5.0,,,,,,,,,,,,,,,,0.0
NERC_EIDC_2023_survival_height,real,teme_survival_v4_nerc,,Shorea smithiana,shorea_smithiana,East Kalimantan,East Kalimantan,36,21,15,0.5833333333333334,0.5833333333333334,3.0,0.355,9.0,Tropical_Forest_Mineral_Soil,5.0,8.0,5.0,5.0,,,,,,,,,,,,,,,,0.0
NERC_EIDC_2023_survival_height,real,teme_survival_v4_nerc,,Dipterocarpus cornutus,dipterocarpus_cornutus,East Kalimantan,East Kalimantan,37,23,14,0.6216216216216216,0.6216216216216216,1.0,0.676666667,,Tropical_Forest_Mineral_Soil,5.0,8.0,5.0,2.0,,,,,,,,,,,,,,,,0.0
NERC_EIDC_2023_survival_height,real,teme_survival_v4_nerc,,Dipterocarpus cornutus,dipterocarpus_cornutus,East Kalimantan,East Kalimantan,37,36,1,0.972972972972973,0.972972972972973,1.0,0.676666667,,Tropical_Forest_Mineral_Soil,5.0,8.0,5.0,3.0,,,,,,,,,,,,,,,,0.0
NERC_EIDC_2023_survival_height,real,teme_survival_v4_nerc,,Dryobalanops lanceolata,dryobalanops_lanceolata,East Kalimantan,East Kalimantan,37,31,6,0.8378378378378378,0.8378378378378378,1.0,0.62,,Tropical_Forest_Mineral_Soil,5.0,8.0,5.0,4.0,,,,,,,,,,,,,,,,0.0
NERC_EIDC_2023_survival_height,real,teme_survival_v4_nerc,,Dryobalanops lanceolata,dryobalanops_lanceolata,East Kalimantan,East Kalimantan,37,30,7,0.8108108108108109,0.8108108108108109,1.0,0.62,,Tropical_Forest_Mineral_Soil,5.0,8.0,5.0,5.0,,,,,,,,,,,,,,,,0.0
NERC_EIDC_2023_survival_height,real,teme_survival_v4_nerc,,Shorea laevis,shorea_laevis,East Kalimantan,East Kalimantan,37,32,5,0.8648648648648649,0.8648648648648649,1.0,0.686666667,,Tropical_Forest_Mineral_Soil,5.0,8.0,5.0,4.0,,,,,,,,,,,,,,,,0.0
NERC_EIDC_2023_survival_height,real,teme_survival_v4_nerc,,Shorea laevis,shorea_laevis,East Kalimantan,East Kalimantan,37,34,3,0.918918918918919,0.918918918918919,1.0,0.686666667,,Tropical_Forest_Mineral_Soil,5.0,8.0,5.0,5.0,,,,,,,,,,,,,,,,0.0
NERC_EIDC_2023_survival_height,real,teme_survival_v4_nerc,,Shorea leprosula,shorea_leprosula,East Kalimantan,East Kalimantan,37,31,6,0.8378378378378378,0.8378378378378378,1.0,0.44,,Tropical_Forest_Mineral_Soil,5.0,8.0,5.0,6.0,,,,,,,,,,,,,,,,0.0
NERC_EIDC_2023_survival_height,real,teme_survival_v4_nerc,,Shorea leprosula,shorea_leprosula,East Kalimantan,East Kalimantan,37,32,5,0.8648648648648649,0.8648648648648649,1.0,0.44,,Tropical_Forest_Mineral_Soil,5.0,8.0,5.0,7.0,,,,,,,,,,,,,,,,0.0
NERC_EIDC_2023_survival_height,real,teme_survival_v4_nerc,,Shorea ovalis,shorea_ovalis,East Kalimantan,East Kalimantan,37,32,5,0.8648648648648649,0.8648648648648649,1.0,0.43,,Tropical_Forest_Mineral_Soil,5.0,8.0,5.0,4.0,,,,,,,,,,,,,,,,0.0
NERC_EIDC_2023_survival_height,real,teme_survival_v4_nerc,,Shorea ovalis,shorea_ovalis,East Kalimantan,East Kalimantan,37,32,5,0.8648648648648649,0.8648648648648649,1.0,0.43,,Tropical_Forest_Mineral_Soil,5.0,8.0,5.0,4.0,,,,,,,,,,,,,,,,0.0
NERC_EIDC_2023_survival_height,real,teme_survival_v4_nerc,,Shorea ovalis,shorea_ovalis,East Kalimantan,East Kalimantan,37,31,6,0.8378378378378378,0.8378378378378378,1.0,0.43,,Tropical_Forest_Mineral_Soil,5.0,8.0,5.0,4.0,,,,,,,,,,,,,,,,0.0
NERC_EIDC_2023_survival_height,real,teme_survival_v4_nerc,,Shorea parvifolia,shorea_parvifolia,East Kalimantan,East Kalimantan,37,31,6,0.8378378378378378,0.8378378378378378,1.0,0.405,,Tropical_Forest_Mineral_Soil,5.0,8.0,5.0,4.0,,,,,,,,,,,,,,,,0.0
NERC_EIDC_2023_survival_height,real,teme_survival_v4_nerc,,Shorea parvifolia,shorea_parvifolia,East Kalimantan,East Kalimantan,37,30,7,0.8108108108108109,0.8108108108108109,1.0,0.405,,Tropical_Forest_Mineral_Soil,5.0,8.0,5.0,5.0,,,,,,,,,,,,,,,,0.0
NERC_EIDC_2023_survival_height,real,teme_survival_v4_nerc,,Shorea parvistipulata,shorea_parvistipulata,East Kalimantan,East Kalimantan,37,25,12,0.6756756756756757,0.6756756756756757,1.0,0.4,,Tropical_Forest_Mineral_Soil,5.0,8.0,5.0,3.0,,,,,,,,,,,,,,,,0.0
NERC_EIDC_2023_survival_height,real,teme_survival_v4_nerc,,Shorea parvistipulata,shorea_parvistipulata,East Kalimantan,East Kalimantan,37,26,11,0.7027027027027027,0.7027027027027027,1.0,0.4,,Tropical_Forest_Mineral_Soil,5.0,8.0,5.0,4.0,,,,,,,,,,,,,,,,0.0
NERC_EIDC_2023_survival_height,real,teme_survival_v4_nerc,,Shorea pauciflora,shorea_pauciflora,East Kalimantan,East Kalimantan,37,30,7,0.8108108108108109,0.8108108108108109,1.0,0.5325,,Tropical_Forest_Mineral_Soil,5.0,8.0,5.0,3.0,,,,,,,,,,,,,,,,0.0
NERC_EIDC_2023_survival_height,real,teme_survival_v4_nerc,,Shorea pauciflora,shorea_pauciflora,East Kalimantan,East Kalimantan,37,32,5,0.8648648648648649,0.8648648648648649,1.0,0.5325,,Tropical_Forest_Mineral_Soil,5.0,8.0,5.0,4.0,,,,,,,,,,,,,,,,0.0
NERC_EIDC_2023_survival_height,real,teme_survival_v4_nerc,,Shorea pauciflora,shorea_pauciflora,East Kalimantan,East Kalimantan,37,29,8,0.7837837837837838,0.7837837837837838,1.0,0.5325,,Tropical_Forest_Mineral_Soil,5.0,8.0,5.0,4.0,,,,,,,,,,,,,,,,0.0
NERC_EIDC_2023_survival_height,real,teme_survival_v4_nerc,,Shorea seminis,shorea_seminis,East Kalimantan,East Kalimantan,37,33,4,0.8918918918918919,0.8918918918918919,1.0,0.72,,Tropical_Forest_Mineral_Soil,5.0,8.0,5.0,5.0,,,,,,,,,,,,,,,,0.0
NERC_EIDC_2023_survival_height,real,teme_survival_v4_nerc,,Shorea seminis,shorea_seminis,East Kalimantan,East Kalimantan,37,29,8,0.7837837837837838,0.7837837837837838,1.0,0.72,,Tropical_Forest_Mineral_Soil,5.0,8.0,5.0,3.0,,,,,,,,,,,,,,,,0.0
NERC_EIDC_2023_survival_height,real,teme_survival_v4_nerc,,Alstonia pneumatophora,alstonia_pneumatophora,Central Kalimantan,Central Kalimantan,135,130,5,0.9629629629629629,0.9629629629629629,1.0,0.295,,Tropical_Peat_Swamp_Forest,2.0,8.0,5.0,5.0,,,,,,,,,,,,,,,,0.0
NERC_EIDC_2023_survival_height,real,teme_survival_v4_nerc,,Alstonia pneumatophora,alstonia_pneumatophora,Central Kalimantan,Central Kalimantan,135,86,49,0.6370370370370371,0.6370370370370371,1.0,0.295,,Tropical_Peat_Swamp_Forest,2.0,8.0,5.0,5.0,,,,,,,,,,,,,,,,0.8333333333333333
NERC_EIDC_2023_survival_height,real,teme_survival_v4_nerc,,Alstonia pneumatophora,alstonia_pneumatophora,Central Kalimantan,Central Kalimantan,135,120,15,0.8888888888888888,0.8888888888888888,1.0,0.295,,Tropical_Peat_Swamp_Forest,2.0,8.0,5.0,5.0,,,,,,,,,,,,,,,,1.6666666666666665
NERC_EIDC_2023_survival_height,real,teme_survival_v4_nerc,,Tetramerista glabra,tetramerista_glabra,Central Kalimantan,Central Kalimantan,135,117,18,0.8666666666666667,0.8666666666666667,1.0,0.6,,Tropical_Peat_Swamp_Forest,2.0,8.0,5.0,5.0,,,,,,,,,,,,,,,,0.0
NERC_EIDC_2023_survival_height,real,teme_survival_v4_nerc,,Tetramerista glabra,tetramerista_glabra,Central Kalimantan,Central Kalimantan,135,130,5,0.9629629629629629,0.9629629629629629,1.0,0.6,,Tropical_Peat_Swamp_Forest,2.0,8.0,5.0,5.0,,,,,,,,,,,,,,,,0.8333333333333333
NERC_EIDC_2023_survival_height,real,teme_survival_v4_nerc,,Tetramerista glabra,tetramerista_glabra,Central Kalimantan,Central Kalimantan,135,59,76,0.43703703703703706,0.43703703703703706,1.0,0.6,,Tropical_Peat_Swamp_Forest,2.0,8.0,5.0,5.0,,,,,,,,,,,,,,,,1.6666666666666665
NERC_EIDC_2023_survival_height,real,teme_survival_v4_nerc,,Afzelia xylocarpa,afzelia_xylocarpa,Borikhamxay,Borikhamxay,175,59,116,0.33714285714285713,0.33714285714285713,6.0,0.669883983,6.0,Tropical_Forest_Mineral_Soil,5.0,3.0,5.0,3.0,,,,,,,,,,,,,,,,0.8333333333333333
NERC_EIDC_2023_survival_height,real,teme_survival_v4_nerc,,Afzelia xylocarpa,afzelia_xylocarpa,Borikhamxay,Borikhamxay,77,14,63,0.18181818181818182,0.18181818181818182,6.0,0.669883983,6.0,Tropical_Forest_Mineral_Soil,5.0,3.0,5.0,1.0,,,,,,,,,,,,,,,,0.8333333333333333
NERC_EIDC_2023_survival_height,real,teme_survival_v4_nerc,,Afzelia xylocarpa,afzelia_xylocarpa,Borikhamxay,Borikhamxay,77,23,54,0.2987012987012987,0.2987012987012987,6.0,0.669883983,6.0,Tropical_Forest_Mineral_Soil,5.0,3.0,5.0,2.0,,,,,,,,,,,,,,,,0.8333333333333333
NERC_EIDC_2023_survival_height,real,teme_survival_v4_nerc,,Anisoptera costata,anisoptera_costata,Borikhamxay,Borikhamxay,77,14,63,0.18181818181818182,0.18181818181818182,6.0,0.553333333,6.0,Tropical_Forest_Mineral_Soil,5.0,3.0,5.0,1.0,,,,,,,,,,,,,,,,0.8333333333333333
NERC_EIDC_2023_survival_height,real,teme_survival_v4_nerc,,Anisoptera costata,anisoptera_costata,Borikhamxay,Borikhamxay,175,49,126,0.28,0.28,6.0,0.553333333,6.0,Tropical_Forest_Mineral_Soil,5.0,3.0,5.0,3.0,,,,,,,,,,,,,,,,0.8333333333333333
NERC_EIDC_2023_survival_height,real,teme_survival_v4_nerc,,Anisoptera costata,anisoptera_costata,Borikhamxay,Borikhamxay,77,22,55,0.2857142857142857,0.2857142857142857,6.0,0.553333333,6.0,Tropical_Forest_Mineral_Soil,5.0,3.0,5.0,1.0,,,,,,,,,,,,,,,,0.8333333333333333
NERC_EIDC_2023_survival_height,real,teme_survival_v4_nerc,,Dalbergia cochinchinensis,dalbergia_cochinchinensis,Borikhamxay,Borikhamxay,175,107,68,0.6114285714285714,0.6114285714285714,6.0,0.88,6.0,Tropical_Forest_Mineral_Soil,5.0,3.0,5.0,3.0,,,,,,,,,,,,,,,,0.8333333333333333
NERC_EIDC_2023_survival_height,real,teme_survival_v4_nerc,,Dalbergia cochinchinensis,dalbergia_cochinchinensis,Borikhamxay,Borikhamxay,77,48,29,0.6233766233766234,0.6233766233766234,6.0,0.88,6.0,Tropical_Forest_Mineral_Soil,5.0,3.0,5.0,2.0,,,,,,,,,,,,,,,,0.8333333333333333
NERC_EIDC_2023_survival_height,real,teme_survival_v4_nerc,,Dalbergia cochinchinensis,dalbergia_cochinchinensis,Borikhamxay,Borikhamxay,77,47,30,0.6103896103896104,0.6103896103896104,6.0,0.88,6.0,Tropical_Forest_Mineral_Soil,5.0,3.0,5.0,2.0,,,,,,,,,,,,,,,,0.8333333333333333
NERC_EIDC_2023_survival_height,real,teme_survival_v4_nerc,,Dipterocarpus scaber,dipterocarpus_scaber,Borikhamxay,Borikhamxay,175,54,121,0.30857142857142855,0.30857142857142855,6.0,0.654277244,6.0,Tropical_Forest_Mineral_Soil,5.0,3.0,5.0,2.0,,,,,,,,,,,,,,,,0.8333333333333333
NERC_EIDC_2023_survival_height,real,teme_survival_v4_nerc,,Dipterocarpus scaber,dipterocarpus_scaber,Borikhamxay,Borikhamxay,77,19,58,0.24675324675324675,0.24675324675324675,6.0,0.654277244,6.0,Tropical_Forest_Mineral_Soil,5.0,3.0,5.0,1.0,,,,,,,,,,,,,,,,0.8333333333333333
NERC_EIDC_2023_survival_height,real,teme_survival_v4_nerc,,Dipterocarpus scaber,dipterocarpus_scaber,Borikhamxay,Borikhamxay,77,26,51,0.33766233766233766,0.33766233766233766,6.0,0.654277244,6.0,Tropical_Forest_Mineral_Soil,5.0,3.0,5.0,1.0,,,,,,,,,,,,,,,,0.8333333333333333
NERC_EIDC_2023_survival_height,real,teme_survival_v4_nerc,,Hopea odorata,hopea_odorata,Borikhamxay,Borikhamxay,77,45,32,0.5844155844155844,0.5844155844155844,6.0,0.635,6.0,Tropical_Forest_Mineral_Soil,5.0,3.0,5.0,3.0,,,,,,,,,,,,,,,,0.8333333333333333
NERC_EIDC_2023_survival_height,real,teme_survival_v4_nerc,,Hopea odorata,hopea_odorata,Borikhamxay,Borikhamxay,175,129,46,0.7371428571428571,0.7371428571428571,6.0,0.635,6.0,Tropical_Forest_Mineral_Soil,5.0,3.0,5.0,3.0,,,,,,,,,,,,,,,,0.8333333333333333
NERC_EIDC_2023_survival_height,real,teme_survival_v4_nerc,,Hopea odorata,hopea_odorata,Borikhamxay,Borikhamxay,77,63,14,0.8181818181818182,0.8181818181818182,6.0,0.635,6.0,Tropical_Forest_Mineral_Soil,5.0,3.0,5.0,2.0,,,,,,,,,,,,,,,,0.8333333333333333
NERC_EIDC_2023_survival_height,real,teme_survival_v4_nerc,,Choerospondias axillaris,choerospondias_axillaris,Chiang Mai,Chiang Mai,189,135,54,0.7142857142857143,0.7142857142857143,0.5,0.487,7.0,Tropical_Forest_Mineral_Soil,5.0,8.0,5.0,9.0,,,,,,,,,,,,,,,,1.6666666666666665
NERC_EIDC_2023_survival_height,real,teme_survival_v4_nerc,,Shorea parvifolia,shorea_parvifolia,Sabah,Sabah,35,32,3,0.9142857142857143,0.9142857142857143,0.5,0.405,,Tropical_Forest_Mineral_Soil,5.0,3.0,5.0,7.0,,,,,,,,,,,,,,,,0.8333333333333333
NERC_EIDC_2023_survival_height,real,teme_survival_v4_nerc,,Shorea parvifolia,shorea_parvifolia,Sabah,Sabah,43,40,3,0.9302325581395349,0.9302325581395349,0.5,0.405,,Tropical_Forest_Mineral_Soil,5.0,3.0,5.0,7.0,,,,,,,,,,,,,,,,0.8333333333333333
NERC_EIDC_2023_survival_height,real,teme_survival_v4_nerc,,Shorea parvifolia,shorea_parvifolia,Sabah,Sabah,40,38,2,0.95,0.95,0.5,0.405,,Tropical_Forest_Mineral_Soil,5.0,3.0,5.0,8.0,,,,,,,,,,,,,,,,0.8333333333333333
NERC_EIDC_2023_survival_height,real,teme_survival_v4_nerc,,Shorea parvifolia,shorea_parvifolia,Sabah,Sabah,48,46,2,0.9583333333333334,0.9583333333333334,0.5,0.405,,Tropical_Forest_Mineral_Soil,5.0,3.0,5.0,6.0,,,,,,,,,,,,,,,,0.8333333333333333
NERC_EIDC_2023_survival_height,real,teme_survival_v4_nerc,,Shorea macrophylla,shorea_macrophylla,Sarawak,Sarawak,150,126,24,0.84,0.84,20.0,0.32,12.0,Tropical_Forest_Mineral_Soil,5.0,8.0,5.0,10.0,,,,,,,,,,,,,,,,0.8333333333333333
NERC_EIDC_2023_survival_height,real,teme_survival_v4_nerc,,Shorea macrophylla,shorea_macrophylla,Sarawak,Sarawak,150,116,34,0.7733333333333333,0.7733333333333333,19.0,0.32,12.0,Tropical_Forest_Mineral_Soil,5.0,8.0,5.0,10.0,,,,,,,,,,,,,,,,0.8333333333333333
NERC_EIDC_2023_survival_height,real,teme_survival_v4_nerc,,Shorea macrophylla,shorea_macrophylla,Sarawak,Sarawak,150,105,45,0.7,0.7,18.0,0.32,12.0,Tropical_Forest_Mineral_Soil,5.0,8.0,5.0,10.0,,,,,,,,,,,,,,,,0.8333333333333333
NERC_EIDC_2023_survival_height,real,teme_survival_v4_nerc,,Shorea macrophylla,shorea_macrophylla,Sarawak,Sarawak,150,82,68,0.5466666666666666,0.5466666666666666,17.0,0.32,12.0,Tropical_Forest_Mineral_Soil,5.0,8.0,5.0,10.0,,,,,,,,,,,,,,,,0.8333333333333333
NERC_EIDC_2023_survival_height,real,teme_survival_v4_nerc,,Dialium platysepalum,dialium_platysepalum,Malaysia,Malaysia,208,131,77,0.6298076923076923,0.6298076923076923,5.5,0.7725,,Tropical_Forest_Mineral_Soil,5.0,3.0,5.0,5.0,,,,,,,,,,,,,,,,0.8333333333333333
NERC_EIDC_2023_survival_height,real,teme_survival_v4_nerc,,Dipterocarpus baudii,dipterocarpus_baudii,Malaysia,Malaysia,36,30,6,0.8333333333333334,0.8333333333333334,6.0,0.64,,Tropical_Forest_Mineral_Soil,5.0,3.0,5.0,5.0,,,,,,,,,,,,,,,,0.8333333333333333
NERC_EIDC_2023_survival_height,real,teme_survival_v4_nerc,,Dipterocarpus baudii,dipterocarpus_baudii,Malaysia,Malaysia,36,25,11,0.6944444444444444,0.6944444444444444,5.0,0.64,,Tropical_Forest_Mineral_Soil,5.0,3.0,5.0,5.0,,,,,,,,,,,,,,,,0.8333333333333333
NERC_EIDC_2023_survival_height,real,teme_survival_v4_nerc,,Dipterocarpus cornutus,dipterocarpus_cornutus,Malaysia,Malaysia,36,13,23,0.3611111111111111,0.3611111111111111,5.58,0.676666667,,Tropical_Forest_Mineral_Soil,5.0,3.0,5.0,5.0,,,,,,,,,,,,,,,,0.8333333333333333
NERC_EIDC_2023_survival_height,real,teme_survival_v4_nerc,,Dryobalanops sumatrensis,dryobalanops_sumatrensis,Malaysia,Malaysia,36,10,26,0.2777777777777778,0.2777777777777778,6.83,0.65,,Tropical_Forest_Mineral_Soil,5.0,3.0,5.0,5.0,,,,,,,,,,,,,,,,0.8333333333333333
NERC_EIDC_2023_survival_height,real,teme_survival_v4_nerc,,Gonystylus affinis,gonystylus_affinis,Malaysia,Malaysia,208,112,96,0.5384615384615384,0.5384615384615384,5.5,0.616666667,,Tropical_Forest_Mineral_Soil,5.0,3.0,5.0,5.0,,,,,,,,,,,,,,,,0.8333333333333333
NERC_EIDC_2023_survival_height,real,teme_survival_v4_nerc,,Hopea odorata,hopea_odorata,Malaysia,Malaysia,36,28,8,0.7777777777777778,0.7777777777777778,6.83,0.635,,Tropical_Forest_Mineral_Soil,5.0,3.0,5.0,5.0,,,,,,,,,,,,,,,,0.8333333333333333
NERC_EIDC_2023_survival_height,real,teme_survival_v4_nerc,,Hopea pubescens,hopea_pubescens,Malaysia,Malaysia,36,7,29,0.19444444444444445,0.19444444444444445,5.58,0.5,,Tropical_Forest_Mineral_Soil,5.0,3.0,5.0,5.0,,,,,,,,,,,,,,,,0.8333333333333333
NERC_EIDC_2023_survival_height,real,teme_survival_v4_nerc,,Intsia palembanica,intsia_palembanica,Malaysia,Malaysia,36,16,20,0.4444444444444444,0.4444444444444444,5.58,0.658666667,,Tropical_Forest_Mineral_Soil,5.0,3.0,5.0,5.0,,,,,,,,,,,,,,,,0.8333333333333333
NERC_EIDC_2023_survival_height,real,teme_survival_v4_nerc,,Neobalanocarpus heimii,neobalanocarpus_heimii,Malaysia,Malaysia,328,144,184,0.43902439024390244,0.43902439024390244,5.5,0.76,,Tropical_Forest_Mineral_Soil,5.0,3.0,5.0,5.0,,,,,,,,,,,,,,,,0.8333333333333333
NERC_EIDC_2023_survival_height,real,teme_survival_v4_nerc,,Neobalanocarpus heimii,neobalanocarpus_heimii,Malaysia,Malaysia,36,20,16,0.5555555555555556,0.5555555555555556,7.92,0.76,,Tropical_Forest_Mineral_Soil,5.0,3.0,5.0,5.0,,,,,,,,,,,,,,,,0.8333333333333333
NERC_EIDC_2023_survival_height,real,teme_survival_v4_nerc,,Palaquium gutta,palaquium_gutta,Malaysia,Malaysia,36,12,24,0.3333333333333333,0.3333333333333333,6.83,0.615,,Tropical_Forest_Mineral_Soil,5.0,3.0,5.0,5.0,,,,,,,,,,,,,,,,0.8333333333333333
NERC_EIDC_2023_survival_height,real,teme_survival_v4_nerc,,Parashorea densiflora,parashorea_densiflora,Malaysia,Malaysia,36,15,21,0.4166666666666667,0.4166666666666667,6.83,0.67,,Tropical_Forest_Mineral_Soil,5.0,3.0,5.0,5.0,,,,,,,,,,,,,,,,0.8333333333333333
NERC_EIDC_2023_survival_height,real,teme_survival_v4_nerc,,Pentaspadon motleyi,pentaspadon_motleyi,Malaysia,Malaysia,36,14,22,0.3888888888888889,0.3888888888888889,6.83,0.5,,Tropical_Forest_Mineral_Soil,5.0,3.0,5.0,5.0,,,,,,,,,,,,,,,,0.8333333333333333
NERC_EIDC_2023_survival_height,real,teme_survival_v4_nerc,,Shorea acuminata,shorea_acuminata,Malaysia,Malaysia,36,19,17,0.5277777777777778,0.5277777777777778,6.83,0.42,,Tropical_Forest_Mineral_Soil,5.0,3.0,5.0,5.0,,,,,,,,,,,,,,,,0.8333333333333333
NERC_EIDC_2023_survival_height,real,teme_survival_v4_nerc,,Shorea acuminata,shorea_acuminata,Malaysia,Malaysia,208,40,168,0.19230769230769232,0.19230769230769232,5.5,0.42,,Tropical_Forest_Mineral_Soil,5.0,3.0,5.0,5.0,,,,,,,,,,,,,,,,0.8333333333333333
NERC_EIDC_2023_survival_height,real,teme_survival_v4_nerc,,Shorea assamica,shorea_assamica,Malaysia,Malaysia,36,16,20,0.4444444444444444,0.4444444444444444,5.58,0.464333333,,Tropical_Forest_Mineral_Soil,5.0,3.0,5.0,5.0,,,,,,,,,,,,,,,,0.8333333333333333
NERC_EIDC_2023_survival_height,real,teme_survival_v4_nerc,,Shorea curtisii,shorea_curtisii,Malaysia,Malaysia,36,6,30,0.16666666666666666,0.16666666666666666,6.0,0.526666667,,Tropical_Forest_Mineral_Soil,5.0,3.0,5.0,5.0,,,,,,,,,,,,,,,,0.8333333333333333
NERC_EIDC_2023_survival_height,real,teme_survival_v4_nerc,,Shorea curtisii,shorea_curtisii,Malaysia,Malaysia,36,13,23,0.3611111111111111,0.3611111111111111,5.0,0.526666667,,Tropical_Forest_Mineral_Soil,5.0,3.0,5.0,5.0,,,,,,,,,,,,,,,,0.8333333333333333
NERC_EIDC_2023_survival_height,real,teme_survival_v4_nerc,,Shorea glauca,shorea_glauca,Malaysia,Malaysia,36,8,28,0.2222222222222222,0.2222222222222222,6.83,0.845,,Tropical_Forest_Mineral_Soil,5.0,3.0,5.0,5.0,,,,,,,,,,,,,,,,0.8333333333333333
NERC_EIDC_2023_survival_height,real,teme_survival_v4_nerc,,Shorea glauca,shorea_glauca,Malaysia,Malaysia,328,167,161,0.5091463414634146,0.5091463414634146,5.5,0.845,,Tropical_Forest_Mineral_Soil,5.0,3.0,5.0,5.0,,,,,,,,,,,,,,,,0.8333333333333333
NERC_EIDC_2023_survival_height,real,teme_survival_v4_nerc,,Shorea leprosula,shorea_leprosula,Malaysia,Malaysia,328,154,174,0.4695121951219512,0.4695121951219512,5.5,0.44,,Tropical_Forest_Mineral_Soil,5.0,3.0,5.0,5.0,,,,,,,,,,,,,,,,0.8333333333333333
NERC_EIDC_2023_survival_height,real,teme_survival_v4_nerc,,Shorea leprosula,shorea_leprosula,Malaysia,Malaysia,36,20,16,0.5555555555555556,0.5555555555555556,7.92,0.44,,Tropical_Forest_Mineral_Soil,5.0,3.0,5.0,5.0,,,,,,,,,,,,,,,,0.8333333333333333
NERC_EIDC_2023_survival_height,real,teme_survival_v4_nerc,,Shorea leprosula,shorea_leprosula,Malaysia,Malaysia,36,19,17,0.5277777777777778,0.5277777777777778,5.58,0.44,,Tropical_Forest_Mineral_Soil,5.0,3.0,5.0,5.0,,,,,,,,,,,,,,,,0.8333333333333333
NERC_EIDC_2023_survival_height,real,teme_survival_v4_nerc,,Shorea leprosula,shorea_leprosula,Malaysia,Malaysia,36,20,16,0.5555555555555556,0.5555555555555556,6.0,0.44,,Tropical_Forest_Mineral_Soil,5.0,3.0,5.0,5.0,,,,,,,,,,,,,,,,0.8333333333333333
NERC_EIDC_2023_survival_height,real,teme_survival_v4_nerc,,Shorea leprosula,shorea_leprosula,Malaysia,Malaysia,36,10,26,0.2777777777777778,0.2777777777777778,6.0,0.44,,Tropical_Forest_Mineral_Soil,5.0,3.0,5.0,5.0,,,,,,,,,,,,,,,,0.8333333333333333
NERC_EIDC_2023_survival_height,real,teme_survival_v4_nerc,,Shorea macroptera,shorea_macroptera,Malaysia,Malaysia,36,16,20,0.4444444444444444,0.4444444444444444,6.83,0.425,,Tropical_Forest_Mineral_Soil,5.0,3.0,5.0,5.0,,,,,,,,,,,,,,,,0.8333333333333333
NERC_EIDC_2023_survival_height,real,teme_survival_v4_nerc,,Shorea macroptera,shorea_macroptera,Malaysia,Malaysia,36,23,13,0.6388888888888888,0.6388888888888888,5.58,0.425,,Tropical_Forest_Mineral_Soil,5.0,3.0,5.0,5.0,,,,,,,,,,,,,,,,0.8333333333333333
NERC_EIDC_2023_survival_height,real,teme_survival_v4_nerc,,Shorea macroptera,shorea_macroptera,Malaysia,Malaysia,36,22,14,0.6111111111111112,0.6111111111111112,6.0,0.425,,Tropical_Forest_Mineral_Soil,5.0,3.0,5.0,5.0,,,,,,,,,,,,,,,,0.8333333333333333
NERC_EIDC_2023_survival_height,real,teme_survival_v4_nerc,,Shorea macroptera,shorea_macroptera,Malaysia,Malaysia,36,23,13,0.6388888888888888,0.6388888888888888,6.0,0.425,,Tropical_Forest_Mineral_Soil,5.0,3.0,5.0,5.0,,,,,,,,,,,,,,,,0.8333333333333333
NERC_EIDC_2023_survival_height,real,teme_survival_v4_nerc,,Shorea macroptera,shorea_macroptera,Malaysia,Malaysia,36,17,19,0.4722222222222222,0.4722222222222222,6.0,0.425,,Tropical_Forest_Mineral_Soil,5.0,3.0,5.0,5.0,,,,,,,,,,,,,,,,0.8333333333333333
NERC_EIDC_2023_survival_height,real,teme_survival_v4_nerc,,Shorea macroptera,shorea_macroptera,Malaysia,Malaysia,36,22,14,0.6111111111111112,0.6111111111111112,6.0,0.425,,Tropical_Forest_Mineral_Soil,5.0,3.0,5.0,5.0,,,,,,,,,,,,,,,,0.8333333333333333
NERC_EIDC_2023_survival_height,real,teme_survival_v4_nerc,,Shorea multiflora,shorea_multiflora,Malaysia,Malaysia,208,106,102,0.5096153846153846,0.5096153846153846,5.5,0.51,,Tropical_Forest_Mineral_Soil,5.0,3.0,5.0,5.0,,,,,,,,,,,,,,,,0.8333333333333333
NERC_EIDC_2023_survival_height,real,teme_survival_v4_nerc,,Shorea ovalis,shorea_ovalis,Malaysia,Malaysia,36,15,21,0.4166666666666667,0.4166666666666667,5.58,0.43,,Tropical_Forest_Mineral_Soil,5.0,3.0,5.0,5.0,,,,,,,,,,,,,,,,0.8333333333333333
NERC_EIDC_2023_survival_height,real,teme_survival_v4_nerc,,Shorea ovalis,shorea_ovalis,Malaysia,Malaysia,328,210,118,0.6402439024390244,0.6402439024390244,5.5,0.43,,Tropical_Forest_Mineral_Soil,5.0,3.0,5.0,5.0,,,,,,,,,,,,,,,,0.8333333333333333
NERC_EIDC_2023_survival_height,real,teme_survival_v4_nerc,,Shorea ovata,shorea_ovata,Malaysia,Malaysia,208,17,191,0.08173076923076923,0.08173076923076923,5.5,0.64,,Tropical_Forest_Mineral_Soil,5.0,3.0,5.0,5.0,,,,,,,,,,,,,,,,0.8333333333333333
NERC_EIDC_2023_survival_height,real,teme_survival_v4_nerc,,Shorea ovata,shorea_ovata,Malaysia,Malaysia,36,4,32,0.1111111111111111,0.1111111111111111,5.58,0.64,,Tropical_Forest_Mineral_Soil,5.0,3.0,5.0,5.0,,,,,,,,,,,,,,,,0.8333333333333333
NERC_EIDC_2023_survival_height,real,teme_survival_v4_nerc,,Shorea ovata,shorea_ovata,Malaysia,Malaysia,36,3,33,0.08333333333333333,0.08333333333333333,5.0,0.64,,Tropical_Forest_Mineral_Soil,5.0,3.0,5.0,5.0,,,,,,,,,,,,,,,,0.8333333333333333
NERC_EIDC_2023_survival_height,real,teme_survival_v4_nerc,,Shorea parvifolia,shorea_parvifolia,Malaysia,Malaysia,36,14,22,0.3888888888888889,0.3888888888888889,7.92,0.405,,Tropical_Forest_Mineral_Soil,5.0,3.0,5.0,5.0,,,,,,,,,,,,,,,,0.8333333333333333
NERC_EIDC_2023_survival_height,real,teme_survival_v4_nerc,,Shorea parvifolia,shorea_parvifolia,Malaysia,Malaysia,328,16,312,0.04878048780487805,0.04878048780487805,7.25,0.405,,Tropical_Forest_Mineral_Soil,5.0,3.0,5.0,5.0,,,,,,,,,,,,,,,,0.8333333333333333
NERC_EIDC_2023_survival_height,real,teme_survival_v4_nerc,,Shorea parvifolia,shorea_parvifolia,Malaysia,Malaysia,36,17,19,0.4722222222222222,0.4722222222222222,7.0,0.405,,Tropical_Forest_Mineral_Soil,5.0,3.0,5.0,5.0,,,,,,,,,,,,,,,,0.8333333333333333
NERC_EIDC_2023_survival_height,real,teme_survival_v4_nerc,,Shorea pauciflora,shorea_pauciflora,Malaysia,Malaysia,36,8,28,0.2222222222222222,0.2222222222222222,5.58,0.5325,,Tropical_Forest_Mineral_Soil,5.0,3.0,5.0,5.0,,,,,,,,,,,,,,,,0.8333333333333333
NERC_EIDC_2023_survival_height,real,teme_survival_v4_nerc,,Shorea pauciflora,shorea_pauciflora,Malaysia,Malaysia,36,13,23,0.3611111111111111,0.3611111111111111,6.0,0.5325,,Tropical_Forest_Mineral_Soil,5.0,3.0,5.0,5.0,,,,,,,,,,,,,,,,0.8333333333333333
NERC_EIDC_2023_survival_height,real,teme_survival_v4_nerc,,Shorea pauciflora,shorea_pauciflora,Malaysia,Malaysia,36,12,24,0.3333333333333333,0.3333333333333333,6.0,0.5325,,Tropical_Forest_Mineral_Soil,5.0,3.0,5.0,5.0,,,,,,,,,,,,,,,,0.8333333333333333
NERC_EIDC_2023_survival_height,real,teme_survival_v4_nerc,,Shorea pauciflora,shorea_pauciflora,Malaysia,Malaysia,36,6,30,0.16666666666666666,0.16666666666666666,6.0,0.5325,,Tropical_Forest_Mineral_Soil,5.0,3.0,5.0,5.0,,,,,,,,,,,,,,,,0.8333333333333333
NERC_EIDC_2023_survival_height,real,teme_survival_v4_nerc,,Shorea pauciflora,shorea_pauciflora,Malaysia,Malaysia,36,16,20,0.4444444444444444,0.4444444444444444,6.0,0.5325,,Tropical_Forest_Mineral_Soil,5.0,3.0,5.0,5.0,,,,,,,,,,,,,,,,0.8333333333333333
NERC_EIDC_2023_survival_height,real,teme_survival_v4_nerc,,Shorea pauciflora,shorea_pauciflora,Malaysia,Malaysia,328,115,213,0.35060975609756095,0.35060975609756095,5.5,0.5325,,Tropical_Forest_Mineral_Soil,5.0,3.0,5.0,5.0,,,,,,,,,,,,,,,,0.8333333333333333
NERC_EIDC_2023_survival_height,real,teme_survival_v4_nerc,,Shorea roxburghii,shorea_roxburghii,Malaysia,Malaysia,208,204,4,0.9807692307692307,0.9807692307692307,5.5,0.7,,Tropical_Forest_Mineral_Soil,5.0,3.0,5.0,5.0,,,,,,,,,,,,,,,,0.8333333333333333
NERC_EIDC_2023_survival_height,real,teme_survival_v4_nerc,,Sindora sp,sindora_sp,Malaysia,Malaysia,208,73,135,0.35096153846153844,0.35096153846153844,5.5,0.577888889,,Tropical_Forest_Mineral_Soil,5.0,3.0,5.0,5.0,,,,,,,,,,,,,,,,0.8333333333333333
NERC_EIDC_2023_survival_height,real,teme_survival_v4_nerc,,Acacia auriculiformis,acacia_auriculiformis,Central Kalimantan,Central Kalimantan,36,12,24,0.3333333333333333,0.3333333333333333,0.83,0.68,,Tropical_Peat_Swamp_Forest,2.0,8.0,5.0,5.0,,,,,,,,,,,,,,,,0.8333333333333333
NERC_EIDC_2023_survival_height,real,teme_survival_v4_nerc,,Alstonia pneumatophora,alstonia_pneumatophora,Central Kalimantan,Central Kalimantan,36,31,5,0.8611111111111112,0.8611111111111112,0.67,0.295,,Tropical_Peat_Swamp_Forest,2.0,8.0,5.0,5.0,,,,,,,,,,,,,,,,0.0
NERC_EIDC_2023_survival_height,real,teme_survival_v4_nerc,,Alstonia pneumatophora,alstonia_pneumatophora,Central Kalimantan,Central Kalimantan,36,20,16,0.5555555555555556,0.5555555555555556,0.67,0.295,,Tropical_Peat_Swamp_Forest,2.0,8.0,5.0,5.0,,,,,,,,,,,,,,,,0.8333333333333333
NERC_EIDC_2023_survival_height,real,teme_survival_v4_nerc,,Alstonia pneumatophora,alstonia_pneumatophora,Central Kalimantan,Central Kalimantan,36,32,4,0.8888888888888888,0.8888888888888888,0.67,0.295,,Tropical_Peat_Swamp_Forest,2.0,8.0,5.0,5.0,,,,,,,,,,,,,,,,1.6666666666666665
NERC_EIDC_2023_survival_height,real,teme_survival_v4_nerc,,Shorea balangeran,shorea_balangeran,Central Kalimantan,Central Kalimantan,36,18,18,0.5,0.5,2.83,0.69,,Tropical_Peat_Swamp_Forest,2.0,8.0,5.0,5.0,,,,,,,,,,,,,,,,1.6666666666666665
NERC_EIDC_2023_survival_height,real,teme_survival_v4_nerc,,Shorea balangeran,shorea_balangeran,Central Kalimantan,Central Kalimantan,36,22,14,0.6111111111111112,0.6111111111111112,0.83,0.69,,Tropical_Peat_Swamp_Forest,2.0,8.0,5.0,5.0,,,,,,,,,,,,,,,,0.8333333333333333
NERC_EIDC_2023_survival_height,real,teme_survival_v4_nerc,,Shorea balangeran,shorea_balangeran,Central Kalimantan,Central Kalimantan,36,20,16,0.5555555555555556,0.5555555555555556,2.83,0.69,,Tropical_Peat_Swamp_Forest,2.0,8.0,5.0,5.0,,,,,,,,,,,,,,,,0.8333333333333333
NERC_EIDC_2023_survival_height,real,teme_survival_v4_nerc,,Tetramerista glabra,tetramerista_glabra,Central Kalimantan,Central Kalimantan,36,17,19,0.4722222222222222,0.4722222222222222,0.67,0.6,,Tropical_Peat_Swamp_Forest,2.0,8.0,5.0,5.0,,,,,,,,,,,,,,,,0.0
NERC_EIDC_2023_survival_height,real,teme_survival_v4_nerc,,Tetramerista glabra,tetramerista_glabra,Central Kalimantan,Central Kalimantan,36,25,11,0.6944444444444444,0.6944444444444444,0.67,0.6,,Tropical_Peat_Swamp_Forest,2.0,8.0,5.0,5.0,,,,,,,,,,,,,,,,0.8333333333333333
NERC_EIDC_2023_survival_height,real,teme_survival_v4_nerc,,Tetramerista glabra,tetramerista_glabra,Central Kalimantan,Central Kalimantan,36,9,27,0.25,0.25,0.67,0.6,,Tropical_Peat_Swamp_Forest,2.0,8.0,5.0,5.0,,,,,,,,,,,,,,,,1.6666666666666665
NERC_EIDC_2023_survival_height,real,teme_survival_v4_nerc,,Dyera polyphylla,dyera_polyphylla,Central Kalimantan,Central Kalimantan,50,45,5,0.9,0.9,2.75,0.33,,Tropical_Peat_Swamp_Forest,2.0,8.0,5.0,5.0,,,,,,,,,,,,,,,,0.8333333333333333
NERC_EIDC_2023_survival_height,real,teme_survival_v4_nerc,,Shorea balangeran,shorea_balangeran,Central Kalimantan,Central Kalimantan,120,75,45,0.625,0.625,7.0,0.69,,Tropical_Peat_Swamp_Forest,2.0,8.0,5.0,5.0,,,,,,,,,,,,,,,,0.8333333333333333
NERC_EIDC_2023_survival_height,real,teme_survival_v4_nerc,,Coffea liberica,coffea_liberica,Jambi,Jambi,36,33,3,0.9166666666666666,0.9166666666666666,1.0,0.633,,Tropical_Peat_Swamp_Forest,2.0,8.0,5.0,5.0,,,,,,,,,,,,,,,,0.0
NERC_EIDC_2023_survival_height,real,teme_survival_v4_nerc,,Coffea liberica,coffea_liberica,Jambi,Jambi,36,26,10,0.7222222222222222,0.7222222222222222,1.0,0.633,,Tropical_Peat_Swamp_Forest,2.0,8.0,5.0,5.0,,,,,,,,,,,,,,,,0.0
NERC_EIDC_2023_survival_height,real,teme_survival_v4_nerc,,Gonystylus bancanus,gonystylus_bancanus,Jambi,Jambi,36,16,20,0.4444444444444444,0.4444444444444444,1.0,0.52,,Tropical_Peat_Swamp_Forest,2.0,8.0,5.0,5.0,,,,,,,,,,,,,,,,0.0
NERC_EIDC_2023_survival_height,real,teme_survival_v4_nerc,,Parkia speciosa,parkia_speciosa,Jambi,Jambi,36,23,13,0.6388888888888888,0.6388888888888888,1.0,0.395,,Tropical_Peat_Swamp_Forest,2.0,8.0,5.0,5.0,,,,,,,,,,,,,,,,0.0
NERC_EIDC_2023_survival_height,real,teme_survival_v4_nerc,,Cratoxylum glaucum,cratoxylum_glaucum,Central Kalimantan,Central Kalimantan,36,25,11,0.6944444444444444,0.6944444444444444,1.0,0.48,,Tropical_Peat_Swamp_Forest,2.0,3.0,5.0,5.0,,,,,,,,,,,,,,,,0.0
NERC_EIDC_2023_survival_height,real,teme_survival_v4_nerc,,Cratoxylum glaucum,cratoxylum_glaucum,Central Kalimantan,Central Kalimantan,36,36,0,1.0,1.0,1.0,0.48,,Tropical_Peat_Swamp_Forest,2.0,3.0,5.0,5.0,,,,,,,,,,,,,,,,0.0
NERC_EIDC_2023_survival_height,real,teme_survival_v4_nerc,,Cratoxylum glaucum,cratoxylum_glaucum,Central Kalimantan,Central Kalimantan,36,36,0,1.0,1.0,1.0,0.48,,Tropical_Peat_Swamp_Forest,2.0,3.0,5.0,5.0,,,,,,,,,,,,,,,,0.0
NERC_EIDC_2023_survival_height,real,teme_survival_v4_nerc,,Cratoxylum glaucum,cratoxylum_glaucum,Central Kalimantan,Central Kalimantan,36,25,11,0.6944444444444444,0.6944444444444444,1.0,0.48,,Tropical_Peat_Swamp_Forest,2.0,3.0,5.0,5.0,,,,,,,,,,,,,,,,0.0
NERC_EIDC_2023_survival_height,real,teme_survival_v4_nerc,,Shorea balangeran,shorea_balangeran,Central Kalimantan,Central Kalimantan,36,32,4,0.8888888888888888,0.8888888888888888,1.0,0.69,,Tropical_Peat_Swamp_Forest,2.0,3.0,5.0,5.0,,,,,,,,,,,,,,,,0.0
NERC_EIDC_2023_survival_height,real,teme_survival_v4_nerc,,Shorea balangeran,shorea_balangeran,Central Kalimantan,Central Kalimantan,36,36,0,1.0,1.0,1.0,0.69,,Tropical_Peat_Swamp_Forest,2.0,3.0,5.0,5.0,,,,,,,,,,,,,,,,0.0
NERC_EIDC_2023_survival_height,real,teme_survival_v4_nerc,,Shorea balangeran,shorea_balangeran,Central Kalimantan,Central Kalimantan,36,36,0,1.0,1.0,1.0,0.69,,Tropical_Peat_Swamp_Forest,2.0,3.0,5.0,5.0,,,,,,,,,,,,,,,,0.0
NERC_EIDC_2023_survival_height,real,teme_survival_v4_nerc,,Combretocarpus rotundatus,combretocarpus_rotundatus,Central Kalimantan,Central Kalimantan,36,21,15,0.5833333333333334,0.5833333333333334,1.0,0.61,,Unknown_TropicalAsia,5.0,8.0,5.0,5.0,,,,,,,,,,,,,,,,0.0
NERC_EIDC_2023_survival_height,real,teme_survival_v4_nerc,,Gonystylus bancanus,gonystylus_bancanus,Central Kalimantan,Central Kalimantan,36,11,25,0.3055555555555556,0.3055555555555556,1.0,0.52,,Unknown_TropicalAsia,5.0,8.0,5.0,5.0,,,,,,,,,,,,,,,,0.0
NERC_EIDC_2023_survival_height,real,teme_survival_v4_nerc,,Shorea balangeran,shorea_balangeran,Central Kalimantan,Central Kalimantan,36,23,13,0.6388888888888888,0.6388888888888888,1.0,0.69,,Unknown_TropicalAsia,5.0,8.0,5.0,5.0,,,,,,,,,,,,,,,,0.0
NERC_EIDC_2023_survival_height,real,teme_survival_v4_nerc,,Dipterocarpus applanatus,dipterocarpus_applanatus,Sabah,Sabah,168,121,47,0.7202380952380952,0.7202380952380952,2.5,0.64,6.0,Tropical_Forest_Mineral_Soil,5.0,6.0,5.0,3.0,,,,,,,,,,,,,,,,1.6666666666666665
NERC_EIDC_2023_survival_height,real,teme_survival_v4_nerc,,Dipterocarpus caudiferus,dipterocarpus_caudiferus,Sabah,Sabah,168,132,36,0.7857142857142857,0.7857142857142857,2.5,0.654277244,6.0,Tropical_Forest_Mineral_Soil,5.0,6.0,5.0,4.0,,,,,,,,,,,,,,,,1.6666666666666665
NERC_EIDC_2023_survival_height,real,teme_survival_v4_nerc,,Shorea argentifolia,shorea_argentifolia,Sabah,Sabah,168,130,38,0.7738095238095238,0.7738095238095238,2.5,0.52,6.0,Tropical_Forest_Mineral_Soil,5.0,6.0,5.0,7.0,,,,,,,,,,,,,,,,1.6666666666666665
NERC_EIDC_2023_survival_height,real,teme_survival_v4_nerc,,Shorea pauciflora,shorea_pauciflora,Sabah,Sabah,168,145,23,0.8630952380952381,0.8630952380952381,2.5,0.5325,6.0,Tropical_Forest_Mineral_Soil,5.0,6.0,5.0,5.0,,,,,,,,,,,,,,,,1.6666666666666665
NERC_EIDC_2023_survival_height,real,teme_survival_v4_nerc,,Manglietia longipedunculata,manglietia_longipedunculata,Guangdong,Guangdong,100,85,15,0.85,0.85,5.25,0.412375,12.0,Tropical_Forest_Mineral_Soil,5.0,3.0,5.0,6.0,,,,,,,,,,,,,,,,1.6666666666666665
NERC_EIDC_2023_survival_height,real,teme_survival_v4_nerc,,Manglietia longipedunculata,manglietia_longipedunculata,Guangdong,Guangdong,100,96,4,0.96,0.96,5.25,0.412375,12.0,Tropical_Forest_Mineral_Soil,5.0,3.0,5.0,6.0,,,,,,,,,,,,,,,,1.6666666666666665
NERC_EIDC_2023_survival_height,real,teme_survival_v4_nerc,,Calophyllum soulattri,calophyllum_soulattri,Riau,Riau,275,28,247,0.10181818181818182,0.10181818181818182,1.0,0.669211656,,Tropical_Peat_Swamp_Forest,2.0,3.0,5.0,5.0,,,,,,,,,,,,,,,,0.8333333333333333
NERC_EIDC_2023_survival_height,real,teme_survival_v4_nerc,,Shorea balangeran,shorea_balangeran,Riau,Riau,275,161,114,0.5854545454545454,0.5854545454545454,1.0,0.69,,Tropical_Peat_Swamp_Forest,2.0,3.0,5.0,10.0,,,,,,,,,,,,,,,,0.8333333333333333
NERC_EIDC_2023_survival_height,real,teme_survival_v4_nerc,,Alstonia pneumatophora,alstonia_pneumatophora,Central Kalimantan,Central Kalimantan,10,10,0,1.0,1.0,0.83,0.295,,Tropical_Peat_Swamp_Forest,2.0,8.0,5.0,5.0,,,,,,,,,,,,,,,,0.0
NERC_EIDC_2023_survival_height,real,teme_survival_v4_nerc,,Calophyllum sclerophyllum,calophyllum_sclerophyllum,Central Kalimantan,Central Kalimantan,20,11,9,0.55,0.55,0.83,0.669211656,,Tropical_Peat_Swamp_Forest,2.0,8.0,5.0,5.0,,,,,,,,,,,,,,,,0.0
NERC_EIDC_2023_survival_height,real,teme_survival_v4_nerc,,Cotylelobium lanceolatum,cotylelobium_lanceolatum,Central Kalimantan,Central Kalimantan,20,18,2,0.9,0.9,0.83,0.78,,Tropical_Peat_Swamp_Forest,2.0,8.0,5.0,5.0,,,,,,,,,,,,,,,,0.0
NERC_EIDC_2023_survival_height,real,teme_survival_v4_nerc,,Diospyros pseudomalabarica,diospyros_pseudomalabarica,Central Kalimantan,Central Kalimantan,20,17,3,0.85,0.85,0.83,0.683275126,,Tropical_Peat_Swamp_Forest,2.0,8.0,5.0,5.0,,,,,,,,,,,,,,,,0.0
NERC_EIDC_2023_survival_height,real,teme_survival_v4_nerc,,Dyera polyphylla,dyera_polyphylla,Central Kalimantan,Central Kalimantan,20,17,3,0.85,0.85,0.83,0.33,,Tropical_Peat_Swamp_Forest,2.0,8.0,5.0,5.0,,,,,,,,,,,,,,,,0.0
NERC_EIDC_2023_survival_height,real,teme_survival_v4_nerc,,Shorea balangeran,shorea_balangeran,Central Kalimantan,Central Kalimantan,20,19,1,0.95,0.95,0.83,0.69,,Tropical_Peat_Swamp_Forest,2.0,8.0,5.0,5.0,,,,,,,,,,,,,,,,0.0
NERC_EIDC_2023_survival_height,real,teme_survival_v4_nerc,,Shorea uliginosa,shorea_uliginosa,Central Kalimantan,Central Kalimantan,20,16,4,0.8,0.8,0.83,0.51,,Tropical_Peat_Swamp_Forest,2.0,8.0,5.0,5.0,,,,,,,,,,,,,,,,0.0
NERC_EIDC_2023_survival_height,real,teme_survival_v4_nerc,,Stemonurus secundiflorus,stemonurus_secundiflorus,Central Kalimantan,Central Kalimantan,20,18,2,0.9,0.9,0.83,0.51,,Tropical_Peat_Swamp_Forest,2.0,8.0,5.0,5.0,,,,,,,,,,,,,,,,0.0
NERC_EIDC_2023_survival_height,real,teme_survival_v4_nerc,,Actinodaphne sp,actinodaphne_sp,Western Ghats,Western Ghats,152,96,56,0.631578947368421,0.631578947368421,2.0,0.51,,Tropical_Forest_Mineral_Soil,5.0,1.0,5.0,5.0,,,,,,,,,,,,,,,,2.5
NERC_EIDC_2023_survival_height,real,teme_survival_v4_nerc,,Aglaia exstipulata,aglaia_exstipulata,Western Ghats,Western Ghats,26,14,12,0.5384615384615384,0.5384615384615384,2.0,0.8,,Tropical_Forest_Mineral_Soil,5.0,1.0,5.0,5.0,,,,,,,,,,,,,,,,2.5
NERC_EIDC_2023_survival_height,real,teme_survival_v4_nerc,,Antidesma montanum,antidesma_montanum,Western Ghats,Western Ghats,42,21,21,0.5,0.5,2.0,0.59,,Tropical_Forest_Mineral_Soil,5.0,1.0,5.0,5.0,,,,,,,,,,,,,,,,2.5
NERC_EIDC_2023_survival_height,real,teme_survival_v4_nerc,,Artocarpus heterophyllus,artocarpus_heterophyllus,Western Ghats,Western Ghats,200,62,138,0.31,0.31,2.0,0.491666667,,Tropical_Forest_Mineral_Soil,5.0,1.0,5.0,5.0,,,,,,,,,,,,,,,,2.5
NERC_EIDC_2023_survival_height,real,teme_survival_v4_nerc,,Artocarpus heterophyllus,artocarpus_heterophyllus,Western Ghats,Western Ghats,17,2,15,0.11764705882352941,0.11764705882352941,2.0,0.491666667,,Tropical_Forest_Mineral_Soil,5.0,1.0,5.0,5.0,,,,,,,,,,,,,,,,2.5
NERC_EIDC_2023_survival_height,real,teme_survival_v4_nerc,,Artocarpus heterophyllus,artocarpus_heterophyllus,Western Ghats,Western Ghats,28,4,24,0.14285714285714285,0.14285714285714285,2.0,0.491666667,,Tropical_Forest_Mineral_Soil,5.0,1.0,5.0,5.0,,,,,,,,,,,,,,,,2.5
NERC_EIDC_2023_survival_height,real,teme_survival_v4_nerc,,Artocarpus heterophyllus,artocarpus_heterophyllus,Western Ghats,Western Ghats,27,8,19,0.2962962962962963,0.2962962962962963,2.0,0.491666667,,Tropical_Forest_Mineral_Soil,5.0,1.0,5.0,5.0,,,,,,,,,,,,,,,,2.5
NERC_EIDC_2023_survival_height,real,teme_survival_v4_nerc,,Atalantia racemosa,atalantia_racemosa,Western Ghats,Western Ghats,60,47,13,0.7833333333333333,0.7833333333333333,2.0,0.710658457,,Tropical_Forest_Mineral_Soil,5.0,1.0,5.0,5.0,,,,,,,,,,,,,,,,2.5
NERC_EIDC_2023_survival_height,real,teme_survival_v4_nerc,,Bhesa indica,bhesa_indica,Western Ghats,Western Ghats,99,31,68,0.31313131313131315,0.31313131313131315,2.0,0.655,,Tropical_Forest_Mineral_Soil,5.0,1.0,5.0,5.0,,,,,,,,,,,,,,,,2.5
NERC_EIDC_2023_survival_height,real,teme_survival_v4_nerc,,Bischofia javanica,bischofia_javanica,Western Ghats,Western Ghats,110,70,40,0.6363636363636364,0.6363636363636364,2.0,0.6017,,Tropical_Forest_Mineral_Soil,5.0,1.0,5.0,5.0,,,,,,,,,,,,,,,,2.5
NERC_EIDC_2023_survival_height,real,teme_survival_v4_nerc,,Bischofia javanica,bischofia_javanica,Western Ghats,Western Ghats,25,16,9,0.64,0.64,2.0,0.6017,,Tropical_Forest_Mineral_Soil,5.0,1.0,5.0,5.0,,,,,,,,,,,,,,,,2.5
NERC_EIDC_2023_survival_height,real,teme_survival_v4_nerc,,Bischofia javanica,bischofia_javanica,Western Ghats,Western Ghats,24,20,4,0.8333333333333334,0.8333333333333334,2.0,0.6017,,Tropical_Forest_Mineral_Soil,5.0,1.0,5.0,5.0,,,,,,,,,,,,,,,,2.5
NERC_EIDC_2023_survival_height,real,teme_survival_v4_nerc,,Bischofia javanica,bischofia_javanica,Western Ghats,Western Ghats,21,14,7,0.6666666666666666,0.6666666666666666,2.0,0.6017,,Tropical_Forest_Mineral_Soil,5.0,1.0,5.0,5.0,,,,,,,,,,,,,,,,2.5
NERC_EIDC_2023_survival_height,real,teme_survival_v4_nerc,,Calophyllum austroindicum,calophyllum_austroindicum,Western Ghats,Western Ghats,36,22,14,0.6111111111111112,0.6111111111111112,2.0,0.669211656,,Tropical_Forest_Mineral_Soil,5.0,1.0,5.0,5.0,,,,,,,,,,,,,,,,2.5
NERC_EIDC_2023_survival_height,real,teme_survival_v4_nerc,,Clerodendrum viscosum,clerodendrum_viscosum,Western Ghats,Western Ghats,27,25,2,0.9259259259259259,0.9259259259259259,2.0,0.5735,,Tropical_Forest_Mineral_Soil,5.0,1.0,5.0,5.0,,,,,,,,,,,,,,,,2.5
NERC_EIDC_2023_survival_height,real,teme_survival_v4_nerc,,Cullenia exarillata,cullenia_exarillata,Western Ghats,Western Ghats,50,36,14,0.72,0.72,2.0,0.488731536,,Tropical_Forest_Mineral_Soil,5.0,1.0,5.0,5.0,,,,,,,,,,,,,,,,2.5
NERC_EIDC_2023_survival_height,real,teme_survival_v4_nerc,,Cullenia exarillata,cullenia_exarillata,Western Ghats,Western Ghats,293,163,130,0.5563139931740614,0.5563139931740614,2.0,0.488731536,,Tropical_Forest_Mineral_Soil,5.0,1.0,5.0,5.0,,,,,,,,,,,,,,,,2.5
NERC_EIDC_2023_survival_height,real,teme_survival_v4_nerc,,Cullenia exarillata,cullenia_exarillata,Western Ghats,Western Ghats,53,44,9,0.8301886792452831,0.8301886792452831,2.0,0.488731536,,Tropical_Forest_Mineral_Soil,5.0,1.0,5.0,5.0,,,,,,,,,,,,,,,,2.5
NERC_EIDC_2023_survival_height,real,teme_survival_v4_nerc,,Cullenia exarillata,cullenia_exarillata,Western Ghats,Western Ghats,61,43,18,0.7049180327868853,0.7049180327868853,2.0,0.488731536,,Tropical_Forest_Mineral_Soil,5.0,1.0,5.0,5.0,,,,,,,,,,,,,,,,2.5
NERC_EIDC_2023_survival_height,real,teme_survival_v4_nerc,,Dimocarpus longan,dimocarpus_longan,Western Ghats,Western Ghats,229,171,58,0.7467248908296943,0.7467248908296943,2.0,0.7,,Tropical_Forest_Mineral_Soil,5.0,1.0,5.0,5.0,,,,,,,,,,,,,,,,2.5
NERC_EIDC_2023_survival_height,real,teme_survival_v4_nerc,,Dimocarpus longan,dimocarpus_longan,Western Ghats,Western Ghats,33,21,12,0.6363636363636364,0.6363636363636364,2.0,0.7,,Tropical_Forest_Mineral_Soil,5.0,1.0,5.0,5.0,,,,,,,,,,,,,,,,2.5
NERC_EIDC_2023_survival_height,real,teme_survival_v4_nerc,,Dimocarpus longan,dimocarpus_longan,Western Ghats,Western Ghats,25,18,7,0.72,0.72,2.0,0.7,,Tropical_Forest_Mineral_Soil,5.0,1.0,5.0,5.0,,,,,,,,,,,,,,,,2.5
NERC_EIDC_2023_survival_height,real,teme_survival_v4_nerc,,Dimocarpus longan,dimocarpus_longan,Western Ghats,Western Ghats,14,11,3,0.7857142857142857,0.7857142857142857,2.0,0.7,,Tropical_Forest_Mineral_Soil,5.0,1.0,5.0,5.0,,,,,,,,,,,,,,,,2.5
NERC_EIDC_2023_survival_height,real,teme_survival_v4_nerc,,Elaeocarpus serratus,elaeocarpus_serratus,Western Ghats,Western Ghats,36,18,18,0.5,0.5,2.0,0.50323279,,Tropical_Forest_Mineral_Soil,5.0,1.0,5.0,5.0,,,,,,,,,,,,,,,,2.5
NERC_EIDC_2023_survival_height,real,teme_survival_v4_nerc,,Elaeocarpus serratus,elaeocarpus_serratus,Western Ghats,Western Ghats,10,3,7,0.3,0.3,2.0,0.50323279,,Tropical_Forest_Mineral_Soil,5.0,1.0,5.0,5.0,,,,,,,,,,,,,,,,2.5
NERC_EIDC_2023_survival_height,real,teme_survival_v4_nerc,,Elaeocarpus serratus,elaeocarpus_serratus,Western Ghats,Western Ghats,10,7,3,0.7,0.7,2.0,0.50323279,,Tropical_Forest_Mineral_Soil,5.0,1.0,5.0,5.0,,,,,,,,,,,,,,,,2.5
NERC_EIDC_2023_survival_height,real,teme_survival_v4_nerc,,Elaeocarpus serratus,elaeocarpus_serratus,Western Ghats,Western Ghats,9,5,4,0.5555555555555556,0.5555555555555556,2.0,0.50323279,,Tropical_Forest_Mineral_Soil,5.0,1.0,5.0,5.0,,,,,,,,,,,,,,,,2.5
NERC_EIDC_2023_survival_height,real,teme_survival_v4_nerc,,Elaeocarpus tuberculatus,elaeocarpus_tuberculatus,Western Ghats,Western Ghats,126,71,55,0.5634920634920635,0.5634920634920635,2.0,0.4,,Tropical_Forest_Mineral_Soil,5.0,1.0,5.0,5.0,,,,,,,,,,,,,,,,2.5
NERC_EIDC_2023_survival_height,real,teme_survival_v4_nerc,,Elaeocarpus tuberculatus,elaeocarpus_tuberculatus,Western Ghats,Western Ghats,25,18,7,0.72,0.72,2.0,0.4,,Tropical_Forest_Mineral_Soil,5.0,1.0,5.0,5.0,,,,,,,,,,,,,,,,2.5
NERC_EIDC_2023_survival_height,real,teme_survival_v4_nerc,,Elaeocarpus tuberculatus,elaeocarpus_tuberculatus,Western Ghats,Western Ghats,24,17,7,0.7083333333333334,0.7083333333333334,2.0,0.4,,Tropical_Forest_Mineral_Soil,5.0,1.0,5.0,5.0,,,,,,,,,,,,,,,,2.5
NERC_EIDC_2023_survival_height,real,teme_survival_v4_nerc,,Elaeocarpus tuberculatus,elaeocarpus_tuberculatus,Western Ghats,Western Ghats,28,19,9,0.6785714285714286,0.6785714285714286,2.0,0.4,,Tropical_Forest_Mineral_Soil,5.0,1.0,5.0,5.0,,,,,,,,,,,,,,,,2.5
NERC_EIDC_2023_survival_height,real,teme_survival_v4_nerc,,Euonymus angulatus,euonymus_angulatus,Western Ghats,Western Ghats,44,32,12,0.7272727272727273,0.7272727272727273,2.0,0.5665,,Tropical_Forest_Mineral_Soil,5.0,1.0,5.0,5.0,,,,,,,,,,,,,,,,2.5
NERC_EIDC_2023_survival_height,real,teme_survival_v4_nerc,,Ficus beddomei,ficus_beddomei,Western Ghats,Western Ghats,21,19,2,0.9047619047619048,0.9047619047619048,2.0,0.405534662,,Tropical_Forest_Mineral_Soil,5.0,1.0,5.0,5.0,,,,,,,,,,,,,,,,2.5
NERC_EIDC_2023_survival_height,real,teme_survival_v4_nerc,,Ficus nervosa,ficus_nervosa,Western Ghats,Western Ghats,24,13,11,0.5416666666666666,0.5416666666666666,2.0,0.28,,Tropical_Forest_Mineral_Soil,5.0,1.0,5.0,5.0,,,,,,,,,,,,,,,,2.5
NERC_EIDC_2023_survival_height,real,teme_survival_v4_nerc,,Filicium decipiens,filicium_decipiens,Western Ghats,Western Ghats,56,26,30,0.4642857142857143,0.4642857142857143,2.0,0.96,,Tropical_Forest_Mineral_Soil,5.0,1.0,5.0,5.0,,,,,,,,,,,,,,,,2.5
NERC_EIDC_2023_survival_height,real,teme_survival_v4_nerc,,Heynea trijuga,heynea_trijuga,Western Ghats,Western Ghats,173,137,36,0.791907514450867,0.791907514450867,2.0,0.594346098,,Tropical_Forest_Mineral_Soil,5.0,1.0,5.0,5.0,,,,,,,,,,,,,,,,2.5
NERC_EIDC_2023_survival_height,real,teme_survival_v4_nerc,,Heynea trijuga,heynea_trijuga,Western Ghats,Western Ghats,48,28,20,0.5833333333333334,0.5833333333333334,2.0,0.594346098,,Tropical_Forest_Mineral_Soil,5.0,1.0,5.0,5.0,,,,,,,,,,,,,,,,2.5
NERC_EIDC_2023_survival_height,real,teme_survival_v4_nerc,,Heynea trijuga,heynea_trijuga,Western Ghats,Western Ghats,35,29,6,0.8285714285714286,0.8285714285714286,2.0,0.594346098,,Tropical_Forest_Mineral_Soil,5.0,1.0,5.0,5.0,,,,,,,,,,,,,,,,2.5
NERC_EIDC_2023_survival_height,real,teme_survival_v4_nerc,,Heynea trijuga,heynea_trijuga,Western Ghats,Western Ghats,21,20,1,0.9523809523809523,0.9523809523809523,2.0,0.594346098,,Tropical_Forest_Mineral_Soil,5.0,1.0,5.0,5.0,,,,,,,,,,,,,,,,2.5
NERC_EIDC_2023_survival_height,real,teme_survival_v4_nerc,,Holigarna nigra,holigarna_nigra,Western Ghats,Western Ghats,26,17,9,0.6538461538461539,0.6538461538461539,2.0,0.327,,Tropical_Forest_Mineral_Soil,5.0,1.0,5.0,5.0,,,,,,,,,,,,,,,,2.5
NERC_EIDC_2023_survival_height,real,teme_survival_v4_nerc,,Lauraceae sp,lauraceae_sp,Western Ghats,Western Ghats,66,39,27,0.5909090909090909,0.5909090909090909,2.0,0.56441757,,Tropical_Forest_Mineral_Soil,5.0,1.0,5.0,5.0,,,,,,,,,,,,,,,,2.5
NERC_EIDC_2023_survival_height,real,teme_survival_v4_nerc,,Litsea insignis,litsea_insignis,Western Ghats,Western Ghats,46,9,37,0.1956521739130435,0.1956521739130435,2.0,0.425466667,,Tropical_Forest_Mineral_Soil,5.0,1.0,5.0,5.0,,,,,,,,,,,,,,,,2.5
NERC_EIDC_2023_survival_height,real,teme_survival_v4_nerc,,Litsea oleoides,litsea_oleoides,Western Ghats,Western Ghats,147,96,51,0.6530612244897959,0.6530612244897959,2.0,0.425466667,,Tropical_Forest_Mineral_Soil,5.0,1.0,5.0,5.0,,,,,,,,,,,,,,,,2.5
NERC_EIDC_2023_survival_height,real,teme_survival_v4_nerc,,Litsea sp,litsea_sp,Western Ghats,Western Ghats,36,20,16,0.5555555555555556,0.5555555555555556,2.0,0.478,,Tropical_Forest_Mineral_Soil,5.0,1.0,5.0,5.0,,,,,,,,,,,,,,,,2.5
NERC_EIDC_2023_survival_height,real,teme_survival_v4_nerc,,Litsea sp,litsea_sp,Western Ghats,Western Ghats,16,15,1,0.9375,0.9375,2.0,0.478,,Tropical_Forest_Mineral_Soil,5.0,1.0,5.0,5.0,,,,,,,,,,,,,,,,2.5
NERC_EIDC_2023_survival_height,real,teme_survival_v4_nerc,,Litsea sp,litsea_sp,Western Ghats,Western Ghats,25,22,3,0.88,0.88,2.0,0.478,,Tropical_Forest_Mineral_Soil,5.0,1.0,5.0,5.0,,,,,,,,,,,,,,,,2.5
NERC_EIDC_2023_survival_height,real,teme_survival_v4_nerc,,Litsea stocksii,litsea_stocksii,Western Ghats,Western Ghats,21,7,14,0.3333333333333333,0.3333333333333333,2.0,0.425466667,,Tropical_Forest_Mineral_Soil,5.0,1.0,5.0,5.0,,,,,,,,,,,,,,,,2.5
NERC_EIDC_2023_survival_height,real,teme_survival_v4_nerc,,Maesa indica,maesa_indica,Western Ghats,Western Ghats,30,26,4,0.8666666666666667,0.8666666666666667,2.0,0.676,,Tropical_Forest_Mineral_Soil,5.0,1.0,5.0,5.0,,,,,,,,,,,,,,,,2.5
NERC_EIDC_2023_survival_height,real,teme_survival_v4_nerc,,Mesua ferrea,mesua_ferrea,Western Ghats,Western Ghats,20,20,0,1.0,1.0,2.0,0.92,,Tropical_Forest_Mineral_Soil,5.0,1.0,5.0,5.0,,,,,,,,,,,,,,,,2.5
NERC_EIDC_2023_survival_height,real,teme_survival_v4_nerc,,Mesua ferrea,mesua_ferrea,Western Ghats,Western Ghats,30,24,6,0.8,0.8,2.0,0.92,,Tropical_Forest_Mineral_Soil,5.0,1.0,5.0,5.0,,,,,,,,,,,,,,,,2.5
NERC_EIDC_2023_survival_height,real,teme_survival_v4_nerc,,Mesua ferrea,mesua_ferrea,Western Ghats,Western Ghats,43,40,3,0.9302325581395349,0.9302325581395349,2.0,0.92,,Tropical_Forest_Mineral_Soil,5.0,1.0,5.0,5.0,,,,,,,,,,,,,,,,2.5
NERC_EIDC_2023_survival_height,real,teme_survival_v4_nerc,,Mesua ferrea,mesua_ferrea,Western Ghats,Western Ghats,120,97,23,0.8083333333333333,0.8083333333333333,2.0,0.92,,Tropical_Forest_Mineral_Soil,5.0,1.0,5.0,5.0,,,,,,,,,,,,,,,,2.5
NERC_EIDC_2023_survival_height,real,teme_survival_v4_nerc,,Michelia champaca,michelia_champaca,Western Ghats,Western Ghats,20,18,2,0.9,0.9,2.0,0.5275,,Tropical_Forest_Mineral_Soil,5.0,1.0,5.0,5.0,,,,,,,,,,,,,,,,2.5
NERC_EIDC_2023_survival_height,real,teme_survival_v4_nerc,,Myristica dactyloides,myristica_dactyloides,Western Ghats,Western Ghats,188,95,93,0.5053191489361702,0.5053191489361702,2.0,0.565580531,,Tropical_Forest_Mineral_Soil,5.0,1.0,5.0,5.0,,,,,,,,,,,,,,,,2.5
NERC_EIDC_2023_survival_height,real,teme_survival_v4_nerc,,Myristica dactyloides,myristica_dactyloides,Western Ghats,Western Ghats,41,27,14,0.6585365853658537,0.6585365853658537,2.0,0.565580531,,Tropical_Forest_Mineral_Soil,5.0,1.0,5.0,5.0,,,,,,,,,,,,,,,,2.5
NERC_EIDC_2023_survival_height,real,teme_survival_v4_nerc,,Myristica dactyloides,myristica_dactyloides,Western Ghats,Western Ghats,30,11,19,0.36666666666666664,0.36666666666666664,2.0,0.565580531,,Tropical_Forest_Mineral_Soil,5.0,1.0,5.0,5.0,,,,,,,,,,,,,,,,2.5
NERC_EIDC_2023_survival_height,real,teme_survival_v4_nerc,,Myristica dactyloides,myristica_dactyloides,Western Ghats,Western Ghats,45,31,14,0.6888888888888889,0.6888888888888889,2.0,0.565580531,,Tropical_Forest_Mineral_Soil,5.0,1.0,5.0,5.0,,,,,,,,,,,,,,,,2.5
NERC_EIDC_2023_survival_height,real,teme_survival_v4_nerc,,Nothopegia castaneifolia,nothopegia_castaneifolia,Western Ghats,Western Ghats,22,8,14,0.36363636363636365,0.36363636363636365,2.0,0.566013283,,Tropical_Forest_Mineral_Soil,5.0,1.0,5.0,5.0,,,,,,,,,,,,,,,,2.5
NERC_EIDC_2023_survival_height,real,teme_survival_v4_nerc,,Olea dioica,olea_dioica,Western Ghats,Western Ghats,32,14,18,0.4375,0.4375,2.0,0.743066138,,Tropical_Forest_Mineral_Soil,5.0,1.0,5.0,5.0,,,,,,,,,,,,,,,,2.5
NERC_EIDC_2023_survival_height,real,teme_survival_v4_nerc,,Ormosia travancorica,ormosia_travancorica,Western Ghats,Western Ghats,245,153,92,0.6244897959183674,0.6244897959183674,2.0,0.579127778,,Tropical_Forest_Mineral_Soil,5.0,1.0,5.0,5.0,,,,,,,,,,,,,,,,2.5
NERC_EIDC_2023_survival_height,real,teme_survival_v4_nerc,,Ormosia travancorica,ormosia_travancorica,Western Ghats,Western Ghats,45,20,25,0.4444444444444444,0.4444444444444444,2.0,0.579127778,,Tropical_Forest_Mineral_Soil,5.0,1.0,5.0,5.0,,,,,,,,,,,,,,,,2.5
NERC_EIDC_2023_survival_height,real,teme_survival_v4_nerc,,Ormosia travancorica,ormosia_travancorica,Western Ghats,Western Ghats,38,34,4,0.8947368421052632,0.8947368421052632,2.0,0.579127778,,Tropical_Forest_Mineral_Soil,5.0,1.0,5.0,5.0,,,,,,,,,,,,,,,,2.5
NERC_EIDC_2023_survival_height,real,teme_survival_v4_nerc,,Ormosia travancorica,ormosia_travancorica,Western Ghats,Western Ghats,48,41,7,0.8541666666666666,0.8541666666666666,2.0,0.579127778,,Tropical_Forest_Mineral_Soil,5.0,1.0,5.0,5.0,,,,,,,,,,,,,,,,2.5
NERC_EIDC_2023_survival_height,real,teme_survival_v4_nerc,,Palaquium ellipticum,palaquium_ellipticum,Western Ghats,Western Ghats,221,62,159,0.28054298642533937,0.28054298642533937,2.0,0.53,,Tropical_Forest_Mineral_Soil,5.0,1.0,5.0,5.0,,,,,,,,,,,,,,,,2.5
NERC_EIDC_2023_survival_height,real,teme_survival_v4_nerc,,Palaquium ellipticum,palaquium_ellipticum,Western Ghats,Western Ghats,50,7,43,0.14,0.14,2.0,0.53,,Tropical_Forest_Mineral_Soil,5.0,1.0,5.0,5.0,,,,,,,,,,,,,,,,2.5
NERC_EIDC_2023_survival_height,real,teme_survival_v4_nerc,,Palaquium ellipticum,palaquium_ellipticum,Western Ghats,Western Ghats,50,13,37,0.26,0.26,2.0,0.53,,Tropical_Forest_Mineral_Soil,5.0,1.0,5.0,5.0,,,,,,,,,,,,,,,,2.5
NERC_EIDC_2023_survival_height,real,teme_survival_v4_nerc,,Palaquium ellipticum,palaquium_ellipticum,Western Ghats,Western Ghats,59,25,34,0.423728813559322,0.423728813559322,2.0,0.53,,Tropical_Forest_Mineral_Soil,5.0,1.0,5.0,5.0,,,,,,,,,,,,,,,,2.5
NERC_EIDC_2023_survival_height,real,teme_survival_v4_nerc,,Persea macrantha,persea_macrantha,Western Ghats,Western Ghats,162,78,84,0.48148148148148145,0.48148148148148145,2.0,0.44,,Tropical_Forest_Mineral_Soil,5.0,1.0,5.0,5.0,,,,,,,,,,,,,,,,2.5
NERC_EIDC_2023_survival_height,real,teme_survival_v4_nerc,,Prunus ceylanica,prunus_ceylanica,Western Ghats,Western Ghats,126,61,65,0.48412698412698413,0.48412698412698413,2.0,0.585666667,,Tropical_Forest_Mineral_Soil,5.0,1.0,5.0,5.0,,,,,,,,,,,,,,,,2.5
NERC_EIDC_2023_survival_height,real,teme_survival_v4_nerc,,Prunus ceylanica,prunus_ceylanica,Western Ghats,Western Ghats,27,14,13,0.5185185185185185,0.5185185185185185,2.0,0.585666667,,Tropical_Forest_Mineral_Soil,5.0,1.0,5.0,5.0,,,,,,,,,,,,,,,,2.5
NERC_EIDC_2023_survival_height,real,teme_survival_v4_nerc,,Prunus ceylanica,prunus_ceylanica,Western Ghats,Western Ghats,24,17,7,0.7083333333333334,0.7083333333333334,2.0,0.585666667,,Tropical_Forest_Mineral_Soil,5.0,1.0,5.0,5.0,,,,,,,,,,,,,,,,2.5
NERC_EIDC_2023_survival_height,real,teme_survival_v4_nerc,,Prunus ceylanica,prunus_ceylanica,Western Ghats,Western Ghats,22,15,7,0.6818181818181818,0.6818181818181818,2.0,0.585666667,,Tropical_Forest_Mineral_Soil,5.0,1.0,5.0,5.0,,,,,,,,,,,,,,,,2.5
NERC_EIDC_2023_survival_height,real,teme_survival_v4_nerc,,Semecarpus travancorica,semecarpus_travancorica,Western Ghats,Western Ghats,132,60,72,0.45454545454545453,0.45454545454545453,2.0,0.345833333,,Tropical_Forest_Mineral_Soil,5.0,1.0,5.0,5.0,,,,,,,,,,,,,,,,2.5
NERC_EIDC_2023_survival_height,real,teme_survival_v4_nerc,,Semecarpus travancorica,semecarpus_travancorica,Western Ghats,Western Ghats,15,4,11,0.26666666666666666,0.26666666666666666,2.0,0.345833333,,Tropical_Forest_Mineral_Soil,5.0,1.0,5.0,5.0,,,,,,,,,,,,,,,,2.5
NERC_EIDC_2023_survival_height,real,teme_survival_v4_nerc,,Semecarpus travancorica,semecarpus_travancorica,Western Ghats,Western Ghats,10,7,3,0.7,0.7,2.0,0.345833333,,Tropical_Forest_Mineral_Soil,5.0,1.0,5.0,5.0,,,,,,,,,,,,,,,,2.5
NERC_EIDC_2023_survival_height,real,teme_survival_v4_nerc,,Semecarpus travancorica,semecarpus_travancorica,Western Ghats,Western Ghats,11,8,3,0.7272727272727273,0.7272727272727273,2.0,0.345833333,,Tropical_Forest_Mineral_Soil,5.0,1.0,5.0,5.0,,,,,,,,,,,,,,,,2.5
NERC_EIDC_2023_survival_height,real,teme_survival_v4_nerc,,Sterculia guttata,sterculia_guttata,Western Ghats,Western Ghats,31,11,20,0.3548387096774194,0.3548387096774194,2.0,0.404821667,,Tropical_Forest_Mineral_Soil,5.0,1.0,5.0,5.0,,,,,,,,,,,,,,,,2.5
NERC_EIDC_2023_survival_height,real,teme_survival_v4_nerc,,Syzgium munronii,syzgium_munronii,Western Ghats,Western Ghats,37,17,20,0.4594594594594595,0.4594594594594595,2.0,0.765578146,,Tropical_Forest_Mineral_Soil,5.0,1.0,5.0,5.0,,,,,,,,,,,,,,,,2.5
NERC_EIDC_2023_survival_height,real,teme_survival_v4_nerc,,Syzygium gardneri,syzygium_gardneri,Western Ghats,Western Ghats,73,62,11,0.8493150684931506,0.8493150684931506,2.0,0.76,,Tropical_Forest_Mineral_Soil,5.0,1.0,5.0,5.0,,,,,,,,,,,,,,,,2.5
NERC_EIDC_2023_survival_height,real,teme_survival_v4_nerc,,Syzygium gardneri,syzygium_gardneri,Western Ghats,Western Ghats,30,22,8,0.7333333333333333,0.7333333333333333,2.0,0.76,,Tropical_Forest_Mineral_Soil,5.0,1.0,5.0,5.0,,,,,,,,,,,,,,,,2.5
NERC_EIDC_2023_survival_height,real,teme_survival_v4_nerc,,Syzygium gardneri,syzygium_gardneri,Western Ghats,Western Ghats,19,18,1,0.9473684210526315,0.9473684210526315,2.0,0.76,,Tropical_Forest_Mineral_Soil,5.0,1.0,5.0,5.0,,,,,,,,,,,,,,,,2.5
NERC_EIDC_2023_survival_height,real,teme_survival_v4_nerc,,Syzygium gardneri,syzygium_gardneri,Western Ghats,Western Ghats,21,19,2,0.9047619047619048,0.9047619047619048,2.0,0.76,,Tropical_Forest_Mineral_Soil,5.0,1.0,5.0,5.0,,,,,,,,,,,,,,,,2.5
NERC_EIDC_2023_survival_height,real,teme_survival_v4_nerc,,Syzygium pycnanthum,syzygium_pycnanthum,Western Ghats,Western Ghats,62,25,37,0.4032258064516129,0.4032258064516129,2.0,0.664366667,,Tropical_Forest_Mineral_Soil,5.0,1.0,5.0,5.0,,,,,,,,,,,,,,,,2.5
NERC_EIDC_2023_survival_height,real,teme_survival_v4_nerc,,Syzygium racemosum,syzygium_racemosum,Western Ghats,Western Ghats,46,25,21,0.5434782608695652,0.5434782608695652,2.0,0.664366667,,Tropical_Forest_Mineral_Soil,5.0,1.0,5.0,5.0,,,,,,,,,,,,,,,,2.5
NERC_EIDC_2023_survival_height,real,teme_survival_v4_nerc,,Syzygium sp,syzygium_sp,Western Ghats,Western Ghats,20,14,6,0.7,0.7,2.0,0.679166667,,Tropical_Forest_Mineral_Soil,5.0,1.0,5.0,5.0,,,,,,,,,,,,,,,,2.5
NERC_EIDC_2023_survival_height,real,teme_survival_v4_nerc,,Vateria indica,vateria_indica,Western Ghats,Western Ghats,24,19,5,0.7916666666666666,0.7916666666666666,2.0,0.48,,Tropical_Forest_Mineral_Soil,5.0,1.0,5.0,5.0,,,,,,,,,,,,,,,,2.5
NERC_EIDC_2023_survival_height,real,teme_survival_v4_nerc,,Vepris bilocularis,vepris_bilocularis,Western Ghats,Western Ghats,34,9,25,0.2647058823529412,0.2647058823529412,2.0,0.659,,Tropical_Forest_Mineral_Soil,5.0,1.0,5.0,5.0,,,,,,,,,,,,,,,,2.5
NERC_EIDC_2023_survival_height,real,teme_survival_v4_nerc,,Alstonia scholaris,alstonia_scholaris,West Java,West Java,30,28,2,0.9333333333333333,0.9333333333333333,1.0,0.382,,Tropical_Forest_Mineral_Soil,5.0,3.0,5.0,5.0,,,,,,,,,,,,,,,,0.0
NERC_EIDC_2023_survival_height,real,teme_survival_v4_nerc,,Altingia excelsa,altingia_excelsa,West Java,West Java,30,27,3,0.9,0.9,1.0,0.6525,,Tropical_Forest_Mineral_Soil,5.0,3.0,5.0,5.0,,,,,,,,,,,,,,,,0.0
NERC_EIDC_2023_survival_height,real,teme_survival_v4_nerc,,Castanopsis argentea,castanopsis_argentea,West Java,West Java,30,23,7,0.7666666666666667,0.7666666666666667,1.0,0.59,,Tropical_Forest_Mineral_Soil,5.0,3.0,5.0,5.0,,,,,,,,,,,,,,,,0.0
NERC_EIDC_2023_survival_height,real,teme_survival_v4_nerc,,Dacrycarpus imbricatus,dacrycarpus_imbricatus,West Java,West Java,30,20,10,0.6666666666666666,0.6666666666666666,1.0,0.413333333,,Tropical_Forest_Mineral_Soil,5.0,3.0,5.0,5.0,,,,,,,,,,,,,,,,0.0
NERC_EIDC_2023_survival_height,real,teme_survival_v4_nerc,,Magnolia sumatrana,magnolia_sumatrana,West Java,West Java,30,27,3,0.9,0.9,1.0,0.504583333,,Tropical_Forest_Mineral_Soil,5.0,3.0,5.0,5.0,,,,,,,,,,,,,,,,0.0
NERC_EIDC_2023_survival_height,real,teme_survival_v4_nerc,,Schima wallichii,schima_wallichii,West Java,West Java,30,27,3,0.9,0.9,1.0,0.55775,,Tropical_Forest_Mineral_Soil,5.0,3.0,5.0,5.0,,,,,,,,,,,,,,,,0.0
NERC_EIDC_2023_survival_height,real,teme_survival_v4_nerc,,Sloanea sigun,sloanea_sigun,West Java,West Java,30,26,4,0.8666666666666667,0.8666666666666667,1.0,0.49,,Tropical_Forest_Mineral_Soil,5.0,3.0,5.0,5.0,,,,,,,,,,,,,,,,0.0
NERC_EIDC_2023_survival_height,real,teme_survival_v4_nerc,,Syzygium lineatum,syzygium_lineatum,West Java,West Java,30,29,1,0.9666666666666667,0.9666666666666667,1.0,0.664366667,,Tropical_Forest_Mineral_Soil,5.0,3.0,5.0,5.0,,,,,,,,,,,,,,,,0.0
NERC_EIDC_2023_survival_height,real,teme_survival_v4_nerc,,Hopea odorata,hopea_odorata,Nakhon Ratchasima,Nakhon Ratchasima,36,22,14,0.6111111111111112,0.6111111111111112,17.0,0.635,36.0,Tropical_Forest_Mineral_Soil,5.0,3.0,5.0,5.0,,,,,,,,,,,,,,,,1.6666666666666665
NERC_EIDC_2023_survival_height,real,teme_survival_v4_nerc,,Hopea odorata,hopea_odorata,Nakhon Ratchasima,Nakhon Ratchasima,36,29,7,0.8055555555555556,0.8055555555555556,17.0,0.635,36.0,Tropical_Forest_Mineral_Soil,5.0,3.0,5.0,9.0,,,,,,,,,,,,,,,,1.6666666666666665
NERC_EIDC_2023_survival_height,real,teme_survival_v4_nerc,,Hopea odorata,hopea_odorata,Nakhon Ratchasima,Nakhon Ratchasima,36,25,11,0.6944444444444444,0.6944444444444444,17.0,0.635,36.0,Tropical_Forest_Mineral_Soil,5.0,3.0,5.0,8.0,,,,,,,,,,,,,,,,1.6666666666666665
NERC_EIDC_2023_survival_height,real,teme_survival_v4_nerc,,Hopea odorata,hopea_odorata,Nakhon Ratchasima,Nakhon Ratchasima,36,20,16,0.5555555555555556,0.5555555555555556,17.0,0.635,36.0,Tropical_Forest_Mineral_Soil,5.0,3.0,5.0,6.0,,,,,,,,,,,,,,,,1.6666666666666665
NERC_EIDC_2023_survival_height,real,teme_survival_v4_nerc,,Hopea odorata,hopea_odorata,Nakhon Ratchasima,Nakhon Ratchasima,36,24,12,0.6666666666666666,0.6666666666666666,17.0,0.635,36.0,Tropical_Forest_Mineral_Soil,5.0,3.0,5.0,8.0,,,,,,,,,,,,,,,,1.6666666666666665
NERC_EIDC_2023_survival_height,real,teme_survival_v4_nerc,,Hopea odorata,hopea_odorata,Nakhon Ratchasima,Nakhon Ratchasima,36,25,11,0.6944444444444444,0.6944444444444444,17.0,0.635,36.0,Tropical_Forest_Mineral_Soil,5.0,3.0,5.0,8.0,,,,,,,,,,,,,,,,1.6666666666666665
NERC_EIDC_2023_survival_height,real,teme_survival_v4_nerc,,Hopea odorata,hopea_odorata,Nakhon Ratchasima,Nakhon Ratchasima,36,22,14,0.6111111111111112,0.6111111111111112,17.0,0.635,36.0,Tropical_Forest_Mineral_Soil,5.0,3.0,5.0,8.0,,,,,,,,,,,,,,,,1.6666666666666665
NERC_EIDC_2023_survival_height,real,teme_survival_v4_nerc,,Hopea odorata,hopea_odorata,Nakhon Ratchasima,Nakhon Ratchasima,36,18,18,0.5,0.5,17.0,0.635,36.0,Tropical_Forest_Mineral_Soil,5.0,3.0,5.0,7.0,,,,,,,,,,,,,,,,1.6666666666666665
NERC_EIDC_2023_survival_height,real,teme_survival_v4_nerc,,Hopea odorata,hopea_odorata,Nakhon Ratchasima,Nakhon Ratchasima,36,27,9,0.75,0.75,17.0,0.635,36.0,Tropical_Forest_Mineral_Soil,5.0,3.0,5.0,5.0,,,,,,,,,,,,,,,,1.6666666666666665
NERC_EIDC_2023_survival_height,real,teme_survival_v4_nerc,,Hopea odorata,hopea_odorata,Nakhon Ratchasima,Nakhon Ratchasima,36,18,18,0.5,0.5,17.0,0.635,36.0,Tropical_Forest_Mineral_Soil,5.0,3.0,5.0,4.0,,,,,,,,,,,,,,,,1.6666666666666665
NERC_EIDC_2023_survival_height,real,teme_survival_v4_nerc,,Hopea odorata,hopea_odorata,Nakhon Ratchasima,Nakhon Ratchasima,36,18,18,0.5,0.5,17.0,0.635,36.0,Tropical_Forest_Mineral_Soil,5.0,3.0,5.0,4.0,,,,,,,,,,,,,,,,1.6666666666666665
NERC_EIDC_2023_survival_height,real,teme_survival_v4_nerc,,Hopea odorata,hopea_odorata,Nakhon Ratchasima,Nakhon Ratchasima,36,21,15,0.5833333333333334,0.5833333333333334,17.0,0.635,36.0,Tropical_Forest_Mineral_Soil,5.0,3.0,5.0,4.0,,,,,,,,,,,,,,,,1.6666666666666665
NERC_EIDC_2023_survival_height,real,teme_survival_v4_nerc,,Hopea odorata,hopea_odorata,Nakhon Ratchasima,Nakhon Ratchasima,36,25,11,0.6944444444444444,0.6944444444444444,17.0,0.635,36.0,Tropical_Forest_Mineral_Soil,5.0,3.0,5.0,5.0,,,,,,,,,,,,,,,,1.6666666666666665
NERC_EIDC_2023_survival_height,real,teme_survival_v4_nerc,,Hopea odorata,hopea_odorata,Nakhon Ratchasima,Nakhon Ratchasima,36,18,18,0.5,0.5,17.0,0.635,36.0,Tropical_Forest_Mineral_Soil,5.0,3.0,5.0,3.0,,,,,,,,,,,,,,,,1.6666666666666665
NERC_EIDC_2023_survival_height,real,teme_survival_v4_nerc,,Hopea odorata,hopea_odorata,Nakhon Ratchasima,Nakhon Ratchasima,36,13,23,0.3611111111111111,0.3611111111111111,17.0,0.635,36.0,Tropical_Forest_Mineral_Soil,5.0,3.0,5.0,3.0,,,,,,,,,,,,,,,,1.6666666666666665
NERC_EIDC_2023_survival_height,real,teme_survival_v4_nerc,,Hopea odorata,hopea_odorata,Nakhon Ratchasima,Nakhon Ratchasima,36,26,10,0.7222222222222222,0.7222222222222222,17.0,0.635,36.0,Tropical_Forest_Mineral_Soil,5.0,3.0,5.0,7.0,,,,,,,,,,,,,,,,1.6666666666666665
NERC_EIDC_2023_survival_height,real,teme_survival_v4_nerc,,Hopea ferrea,hopea_ferrea,Nakhon Ratchasima,Nakhon Ratchasima,72,72,0,1.0,1.0,2.5,0.89,24.0,Tropical_Forest_Mineral_Soil,5.0,3.0,5.0,5.0,,,,,,,,,,,,,,,,0.8333333333333333
NERC_EIDC_2023_survival_height,real,teme_survival_v4_nerc,,Hopea ferrea,hopea_ferrea,Nakhon Ratchasima,Nakhon Ratchasima,72,70,2,0.9722222222222222,0.9722222222222222,2.5,0.89,24.0,Tropical_Forest_Mineral_Soil,5.0,3.0,5.0,6.0,,,,,,,,,,,,,,,,1.6666666666666665
NERC_EIDC_2023_survival_height,real,teme_survival_v4_nerc,,Hopea ferrea,hopea_ferrea,Nakhon Ratchasima,Nakhon Ratchasima,72,72,0,1.0,1.0,2.5,0.89,24.0,Tropical_Forest_Mineral_Soil,5.0,3.0,5.0,7.0,,,,,,,,,,,,,,,,1.6666666666666665
NERC_EIDC_2023_survival_height,real,teme_survival_v4_nerc,,Hopea ferrea,hopea_ferrea,Nakhon Ratchasima,Nakhon Ratchasima,72,71,1,0.9861111111111112,0.9861111111111112,2.5,0.89,24.0,Tropical_Forest_Mineral_Soil,5.0,3.0,5.0,8.0,,,,,,,,,,,,,,,,0.8333333333333333
NERC_EIDC_2023_survival_height,real,teme_survival_v4_nerc,,Hopea odorata,hopea_odorata,Nakhon Ratchasima,Nakhon Ratchasima,72,72,0,1.0,1.0,2.5,0.635,24.0,Tropical_Forest_Mineral_Soil,5.0,3.0,5.0,3.0,,,,,,,,,,,,,,,,0.8333333333333333
NERC_EIDC_2023_survival_height,real,teme_survival_v4_nerc,,Hopea odorata,hopea_odorata,Nakhon Ratchasima,Nakhon Ratchasima,72,71,1,0.9861111111111112,0.9861111111111112,2.5,0.635,24.0,Tropical_Forest_Mineral_Soil,5.0,3.0,5.0,4.0,,,,,,,,,,,,,,,,1.6666666666666665
NERC_EIDC_2023_survival_height,real,teme_survival_v4_nerc,,Hopea odorata,hopea_odorata,Nakhon Ratchasima,Nakhon Ratchasima,72,69,3,0.9583333333333334,0.9583333333333334,2.5,0.635,24.0,Tropical_Forest_Mineral_Soil,5.0,3.0,5.0,6.0,,,,,,,,,,,,,,,,1.6666666666666665
NERC_EIDC_2023_survival_height,real,teme_survival_v4_nerc,,Hopea odorata,hopea_odorata,Nakhon Ratchasima,Nakhon Ratchasima,72,72,0,1.0,1.0,2.5,0.635,24.0,Tropical_Forest_Mineral_Soil,5.0,3.0,5.0,9.0,,,,,,,,,,,,,,,,0.8333333333333333
NERC_EIDC_2023_survival_height,real,teme_survival_v4_nerc,,Xylia xylocarpa,xylia_xylocarpa,Nakhon Ratchasima,Nakhon Ratchasima,72,69,3,0.9583333333333334,0.9583333333333334,2.5,0.68,6.0,Tropical_Forest_Mineral_Soil,5.0,3.0,5.0,4.0,,,,,,,,,,,,,,,,1.6666666666666665
NERC_EIDC_2023_survival_height,real,teme_survival_v4_nerc,,Xylia xylocarpa,xylia_xylocarpa,Nakhon Ratchasima,Nakhon Ratchasima,72,69,3,0.9583333333333334,0.9583333333333334,2.5,0.68,6.0,Tropical_Forest_Mineral_Soil,5.0,3.0,5.0,7.0,,,,,,,,,,,,,,,,1.6666666666666665
NERC_EIDC_2023_survival_height,real,teme_survival_v4_nerc,,Xylia xylocarpa,xylia_xylocarpa,Nakhon Ratchasima,Nakhon Ratchasima,72,66,6,0.9166666666666666,0.9166666666666666,2.5,0.68,6.0,Tropical_Forest_Mineral_Soil,5.0,3.0,5.0,10.0,,,,,,,,,,,,,,,,0.8333333333333333
NERC_EIDC_2023_survival_height,real,teme_survival_v4_nerc,,Xylia xylocarpa,xylia_xylocarpa,Nakhon Ratchasima,Nakhon Ratchasima,72,67,5,0.9305555555555556,0.9305555555555556,2.5,0.68,6.0,Tropical_Forest_Mineral_Soil,5.0,3.0,5.0,2.0,,,,,,,,,,,,,,,,0.8333333333333333
NERC_EIDC_2023_survival_height,real,teme_survival_v4_nerc,,Dipterocarpus scaber,dipterocarpus_scaber,Nakhon Ratchasima,Nakhon Ratchasima,36,27,9,0.75,0.75,6.0,0.654277244,12.0,Tropical_Forest_Mineral_Soil,5.0,3.0,5.0,8.0,,,,,,,,,,,,,,,,0.8333333333333333
NERC_EIDC_2023_survival_height,real,teme_survival_v4_nerc,,Dipterocarpus scaber,dipterocarpus_scaber,Nakhon Ratchasima,Nakhon Ratchasima,36,29,7,0.8055555555555556,0.8055555555555556,6.0,0.654277244,12.0,Tropical_Forest_Mineral_Soil,5.0,3.0,5.0,6.0,,,,,,,,,,,,,,,,0.8333333333333333
NERC_EIDC_2023_survival_height,real,teme_survival_v4_nerc,,Dipterocarpus turbinatus,dipterocarpus_turbinatus,Nakhon Ratchasima,Nakhon Ratchasima,36,2,34,0.05555555555555555,0.05555555555555555,6.0,0.619,12.0,Tropical_Forest_Mineral_Soil,5.0,3.0,5.0,6.0,,,,,,,,,,,,,,,,0.8333333333333333
NERC_EIDC_2023_survival_height,real,teme_survival_v4_nerc,,Dipterocarpus turbinatus,dipterocarpus_turbinatus,Nakhon Ratchasima,Nakhon Ratchasima,36,15,21,0.4166666666666667,0.4166666666666667,6.0,0.619,12.0,Tropical_Forest_Mineral_Soil,5.0,3.0,5.0,5.0,,,,,,,,,,,,,,,,0.8333333333333333
NERC_EIDC_2023_survival_height,real,teme_survival_v4_nerc,,Hopea odorata,hopea_odorata,Nakhon Ratchasima,Nakhon Ratchasima,36,21,15,0.5833333333333334,0.5833333333333334,6.0,0.635,12.0,Tropical_Forest_Mineral_Soil,5.0,3.0,5.0,8.0,,,,,,,,,,,,,,,,0.8333333333333333
NERC_EIDC_2023_survival_height,real,teme_survival_v4_nerc,,Hopea odorata,hopea_odorata,Nakhon Ratchasima,Nakhon Ratchasima,36,25,11,0.6944444444444444,0.6944444444444444,6.0,0.635,12.0,Tropical_Forest_Mineral_Soil,5.0,3.0,5.0,7.0,,,,,,,,,,,,,,,,0.8333333333333333
NERC_EIDC_2023_survival_height,real,teme_survival_v4_nerc,,Shorea henryana,shorea_henryana,Nakhon Ratchasima,Nakhon Ratchasima,36,19,17,0.5277777777777778,0.5277777777777778,6.0,0.66,12.0,Tropical_Forest_Mineral_Soil,5.0,3.0,5.0,5.0,,,,,,,,,,,,,,,,0.8333333333333333
NERC_EIDC_2023_survival_height,real,teme_survival_v4_nerc,,Shorea henryana,shorea_henryana,Nakhon Ratchasima,Nakhon Ratchasima,36,28,8,0.7777777777777778,0.7777777777777778,6.0,0.66,12.0,Tropical_Forest_Mineral_Soil,5.0,3.0,5.0,6.0,,,,,,,,,,,,,,,,0.8333333333333333
NERC_EIDC_2023_survival_height,real,teme_survival_v4_nerc,,Shorea leprosula,shorea_leprosula,Riau,Riau,500,348,152,0.696,0.696,15.0,0.44,8.0,Tropical_Peat_Swamp_Forest,2.0,3.0,5.0,5.0,,,,,,,,,,,,,,,,0.0
NERC_EIDC_2023_survival_height,real,teme_survival_v4_nerc,,Shorea leprosula,shorea_leprosula,Riau,Riau,500,298,202,0.596,0.596,15.0,0.44,8.0,Tropical_Peat_Swamp_Forest,2.0,3.0,5.0,5.0,,,,,,,,,,,,,,,,0.0
NERC_EIDC_2023_survival_height,real,teme_survival_v4_nerc,,Shorea selanica,shorea_selanica,Riau,Riau,500,260,240,0.52,0.52,15.0,0.37,8.0,Tropical_Peat_Swamp_Forest,2.0,3.0,5.0,9.0,,,,,,,,,,,,,,,,0.0
NERC_EIDC_2023_survival_height,real,teme_survival_v4_nerc,,Shorea selanica,shorea_selanica,Riau,Riau,500,202,298,0.404,0.404,15.0,0.37,8.0,Tropical_Peat_Swamp_Forest,2.0,3.0,5.0,8.0,,,,,,,,,,,,,,,,0.0
NERC_EIDC_2023_survival_height,real,teme_survival_v4_nerc,,Shorea balangeran,shorea_balangeran,Central Kalimantan,Central Kalimantan,120,79,41,0.6583333333333333,0.6583333333333333,2.0,0.69,,Tropical_Peat_Swamp_Forest,2.0,8.0,5.0,7.0,,,,,,,,,,,,,,,,0.8333333333333333
NERC_EIDC_2023_survival_height,real,teme_survival_v4_nerc,,Shorea balangeran,shorea_balangeran,Central Kalimantan,Central Kalimantan,120,79,41,0.6583333333333333,0.6583333333333333,2.0,0.69,,Tropical_Peat_Swamp_Forest,2.0,8.0,5.0,7.0,,,,,,,,,,,,,,,,0.8333333333333333
NERC_EIDC_2023_survival_height,real,teme_survival_v4_nerc,,Shorea balangeran,shorea_balangeran,Central Kalimantan,Central Kalimantan,120,64,56,0.5333333333333333,0.5333333333333333,2.0,0.69,,Tropical_Peat_Swamp_Forest,2.0,8.0,5.0,7.0,,,,,,,,,,,,,,,,0.8333333333333333
NERC_EIDC_2023_survival_height,real,teme_survival_v4_nerc,,Shorea balangeran,shorea_balangeran,Central Kalimantan,Central Kalimantan,120,81,39,0.675,0.675,2.0,0.69,,Tropical_Peat_Swamp_Forest,2.0,8.0,5.0,6.0,,,,,,,,,,,,,,,,0.8333333333333333
NERC_EIDC_2023_survival_height,real,teme_survival_v4_nerc,,Shorea balangeran,shorea_balangeran,Central Kalimantan,Central Kalimantan,588,406,182,0.6904761904761905,0.6904761904761905,2.42,0.69,,Tropical_Peat_Swamp_Forest,2.0,8.0,5.0,9.0,,,,,,,,,,,,,,,,0.0
NERC_EIDC_2023_survival_height,real,teme_survival_v4_nerc,,Archidendron jiringa,archidendron_jiringa,Jambi,Jambi,212,15,197,0.07075471698113207,0.07075471698113207,1.75,0.317,,Tropical_Peat_Swamp_Forest,2.0,3.0,5.0,4.0,,,,,,,,,,,,,,,,0.8333333333333333
NERC_EIDC_2023_survival_height,real,teme_survival_v4_nerc,,Areca catechu,areca_catechu,Jambi,Jambi,135,90,45,0.6666666666666666,0.6666666666666666,1.75,0.551760417,,Tropical_Peat_Swamp_Forest,2.0,3.0,5.0,9.0,,,,,,,,,,,,,,,,0.8333333333333333
NERC_EIDC_2023_survival_height,real,teme_survival_v4_nerc,,Coffea liberica,coffea_liberica,Jambi,Jambi,185,87,98,0.4702702702702703,0.4702702702702703,1.75,0.633,,Tropical_Peat_Swamp_Forest,2.0,3.0,5.0,5.0,,,,,,,,,,,,,,,,0.8333333333333333
NERC_EIDC_2023_survival_height,real,teme_survival_v4_nerc,,Durio zibethinus,durio_zibethinus,Jambi,Jambi,179,73,106,0.40782122905027934,0.40782122905027934,1.75,0.516,,Tropical_Peat_Swamp_Forest,2.0,3.0,5.0,7.0,,,,,,,,,,,,,,,,0.8333333333333333
NERC_EIDC_2023_survival_height,real,teme_survival_v4_nerc,,Parkia speciosa,parkia_speciosa,Jambi,Jambi,273,99,174,0.3626373626373626,0.3626373626373626,1.75,0.395,,Tropical_Peat_Swamp_Forest,2.0,3.0,5.0,7.0,,,,,,,,,,,,,,,,0.8333333333333333
NERC_EIDC_2023_survival_height,real,teme_survival_v4_nerc,,Shorea balangeran,shorea_balangeran,Jambi,Jambi,196,149,47,0.7602040816326531,0.7602040816326531,1.75,0.69,,Tropical_Peat_Swamp_Forest,2.0,3.0,5.0,9.0,,,,,,,,,,,,,,,,0.8333333333333333
NERC_EIDC_2023_survival_height,real,teme_survival_v4_nerc,,Shorea balangeran,shorea_balangeran,Central Kalimantan,Central Kalimantan,80,74,6,0.925,0.925,4.08,0.69,,Tropical_Peat_Swamp_Forest,2.0,8.0,5.0,7.0,,,,,,,,,,,,,,,,0.8333333333333333
NERC_EIDC_2023_survival_height,real,teme_survival_v4_nerc,,Shorea balangeran,shorea_balangeran,Central Kalimantan,Central Kalimantan,80,69,11,0.8625,0.8625,4.08,0.69,,Tropical_Peat_Swamp_Forest,2.0,8.0,5.0,7.0,,,,,,,,,,,,,,,,0.8333333333333333
NERC_EIDC_2023_survival_height,real,teme_survival_v4_nerc,,Shorea balangeran,shorea_balangeran,Central Kalimantan,Central Kalimantan,80,67,13,0.8375,0.8375,4.08,0.69,,Tropical_Peat_Swamp_Forest,2.0,8.0,5.0,7.0,,,,,,,,,,,,,,,,0.8333333333333333
NERC_EIDC_2023_survival_height,real,teme_survival_v4_nerc,,Shorea balangeran,shorea_balangeran,Central Kalimantan,Central Kalimantan,80,71,9,0.8875,0.8875,4.08,0.69,,Tropical_Peat_Swamp_Forest,2.0,8.0,5.0,7.0,,,,,,,,,,,,,,,,0.8333333333333333
NERC_EIDC_2023_survival_height,real,teme_survival_v4_nerc,,Acacia mangium,acacia_mangium,Sakaew,Sakaew,60,60,0,1.0,1.0,1.67,0.507,,Tropical_Forest_Mineral_Soil,5.0,1.0,5.0,5.0,,,,,,,,,,,,,,,,2.5
NERC_EIDC_2023_survival_height,real,teme_survival_v4_nerc,,Acacia mangium,acacia_mangium,Sakaew,Sakaew,60,59,1,0.9833333333333333,0.9833333333333333,1.67,0.507,,Tropical_Forest_Mineral_Soil,5.0,1.0,5.0,5.0,,,,,,,,,,,,,,,,2.5
NERC_EIDC_2023_survival_height,real,teme_survival_v4_nerc,,Acacia mangium,acacia_mangium,Sakaew,Sakaew,60,57,3,0.95,0.95,1.67,0.507,,Tropical_Forest_Mineral_Soil,5.0,1.0,5.0,5.0,,,,,,,,,,,,,,,,2.5
NERC_EIDC_2023_survival_height,real,teme_survival_v4_nerc,,Acacia mangium,acacia_mangium,Sakaew,Sakaew,60,60,0,1.0,1.0,1.67,0.507,,Tropical_Forest_Mineral_Soil,5.0,1.0,5.0,5.0,,,,,,,,,,,,,,,,2.5
NERC_EIDC_2023_survival_height,real,teme_survival_v4_nerc,,Acacia mangium,acacia_mangium,Sakaew,Sakaew,60,59,1,0.9833333333333333,0.9833333333333333,1.67,0.507,,Tropical_Forest_Mineral_Soil,5.0,1.0,5.0,5.0,,,,,,,,,,,,,,,,2.5
NERC_EIDC_2023_survival_height,real,teme_survival_v4_nerc,,Acacia mangium,acacia_mangium,Sakaew,Sakaew,60,58,2,0.9666666666666667,0.9666666666666667,1.67,0.507,,Tropical_Forest_Mineral_Soil,5.0,1.0,5.0,5.0,,,,,,,,,,,,,,,,2.5
NERC_EIDC_2023_survival_height,real,teme_survival_v4_nerc,,Dalbergia cochinchinensis,dalbergia_cochinchinensis,Sakaew,Sakaew,60,59,1,0.9833333333333333,0.9833333333333333,1.67,0.88,,Tropical_Forest_Mineral_Soil,5.0,1.0,5.0,5.0,,,,,,,,,,,,,,,,2.5
NERC_EIDC_2023_survival_height,real,teme_survival_v4_nerc,,Dalbergia cochinchinensis,dalbergia_cochinchinensis,Sakaew,Sakaew,60,54,6,0.9,0.9,1.67,0.88,,Tropical_Forest_Mineral_Soil,5.0,1.0,5.0,5.0,,,,,,,,,,,,,,,,2.5
NERC_EIDC_2023_survival_height,real,teme_survival_v4_nerc,,Dalbergia cochinchinensis,dalbergia_cochinchinensis,Sakaew,Sakaew,60,50,10,0.8333333333333334,0.8333333333333334,1.67,0.88,,Tropical_Forest_Mineral_Soil,5.0,1.0,5.0,5.0,,,,,,,,,,,,,,,,2.5
NERC_EIDC_2023_survival_height,real,teme_survival_v4_nerc,,Dalbergia cochinchinensis,dalbergia_cochinchinensis,Sakaew,Sakaew,60,54,6,0.9,0.9,1.67,0.88,,Tropical_Forest_Mineral_Soil,5.0,1.0,5.0,5.0,,,,,,,,,,,,,,,,2.5
NERC_EIDC_2023_survival_height,real,teme_survival_v4_nerc,,Dalbergia cochinchinensis,dalbergia_cochinchinensis,Sakaew,Sakaew,60,57,3,0.95,0.95,1.67,0.88,,Tropical_Forest_Mineral_Soil,5.0,1.0,5.0,5.0,,,,,,,,,,,,,,,,2.5
NERC_EIDC_2023_survival_height,real,teme_survival_v4_nerc,,Dalbergia cochinchinensis,dalbergia_cochinchinensis,Sakaew,Sakaew,60,58,2,0.9666666666666667,0.9666666666666667,1.67,0.88,,Tropical_Forest_Mineral_Soil,5.0,1.0,5.0,5.0,,,,,,,,,,,,,,,,2.5
NERC_EIDC_2023_survival_height,real,teme_survival_v4_nerc,,Xylia xylocarpa,xylia_xylocarpa,Sakaew,Sakaew,60,60,0,1.0,1.0,1.67,0.68,,Tropical_Forest_Mineral_Soil,5.0,1.0,5.0,5.0,,,,,,,,,,,,,,,,2.5
NERC_EIDC_2023_survival_height,real,teme_survival_v4_nerc,,Xylia xylocarpa,xylia_xylocarpa,Sakaew,Sakaew,60,59,1,0.9833333333333333,0.9833333333333333,1.67,0.68,,Tropical_Forest_Mineral_Soil,5.0,1.0,5.0,5.0,,,,,,,,,,,,,,,,2.5
NERC_EIDC_2023_survival_height,real,teme_survival_v4_nerc,,Xylia xylocarpa,xylia_xylocarpa,Sakaew,Sakaew,60,60,0,1.0,1.0,1.67,0.68,,Tropical_Forest_Mineral_Soil,5.0,1.0,5.0,5.0,,,,,,,,,,,,,,,,2.5
NERC_EIDC_2023_survival_height,real,teme_survival_v4_nerc,,Xylia xylocarpa,xylia_xylocarpa,Sakaew,Sakaew,60,60,0,1.0,1.0,1.67,0.68,,Tropical_Forest_Mineral_Soil,5.0,1.0,5.0,5.0,,,,,,,,,,,,,,,,2.5
NERC_EIDC_2023_survival_height,real,teme_survival_v4_nerc,,Xylia xylocarpa,xylia_xylocarpa,Sakaew,Sakaew,60,59,1,0.9833333333333333,0.9833333333333333,1.67,0.68,,Tropical_Forest_Mineral_Soil,5.0,1.0,5.0,5.0,,,,,,,,,,,,,,,,2.5
NERC_EIDC_2023_survival_height,real,teme_survival_v4_nerc,,Xylia xylocarpa,xylia_xylocarpa,Sakaew,Sakaew,60,59,1,0.9833333333333333,0.9833333333333333,1.67,0.68,,Tropical_Forest_Mineral_Soil,5.0,1.0,5.0,5.0,,,,,,,,,,,,,,,,2.5
NERC_EIDC_2023_survival_height,real,teme_survival_v4_nerc,,Afzelia xylocarpa,afzelia_xylocarpa,Sang Thong,Sang Thong,112,40,72,0.35714285714285715,0.35714285714285715,7.0,0.669883983,,Tropical_Forest_Mineral_Soil,5.0,3.0,5.0,5.0,,,,,,,,,,,,,,,,0.8333333333333333
NERC_EIDC_2023_survival_height,real,teme_survival_v4_nerc,,Afzelia xylocarpa,afzelia_xylocarpa,Sang Thong,Sang Thong,350,113,237,0.32285714285714284,0.32285714285714284,7.0,0.669883983,,Tropical_Forest_Mineral_Soil,5.0,3.0,5.0,5.0,,,,,,,,,,,,,,,,0.8333333333333333
NERC_EIDC_2023_survival_height,real,teme_survival_v4_nerc,,Dalbergia cochinchinensis,dalbergia_cochinchinensis,Sang Thong,Sang Thong,112,50,62,0.44642857142857145,0.44642857142857145,7.0,0.88,,Tropical_Forest_Mineral_Soil,5.0,3.0,5.0,5.0,,,,,,,,,,,,,,,,0.8333333333333333
NERC_EIDC_2023_survival_height,real,teme_survival_v4_nerc,,Dalbergia cochinchinensis,dalbergia_cochinchinensis,Sang Thong,Sang Thong,350,144,206,0.4114285714285714,0.4114285714285714,7.0,0.88,,Tropical_Forest_Mineral_Soil,5.0,3.0,5.0,5.0,,,,,,,,,,,,,,,,0.8333333333333333
NERC_EIDC_2023_survival_height,real,teme_survival_v4_nerc,,Dipterocarpus scaber,dipterocarpus_scaber,Sang Thong,Sang Thong,112,56,56,0.5,0.5,7.0,0.654277244,,Tropical_Forest_Mineral_Soil,5.0,3.0,5.0,5.0,,,,,,,,,,,,,,,,0.8333333333333333
NERC_EIDC_2023_survival_height,real,teme_survival_v4_nerc,,Dipterocarpus scaber,dipterocarpus_scaber,Sang Thong,Sang Thong,350,175,175,0.5,0.5,7.0,0.654277244,,Tropical_Forest_Mineral_Soil,5.0,3.0,5.0,5.0,,,,,,,,,,,,,,,,0.8333333333333333
NERC_EIDC_2023_survival_height,real,teme_survival_v4_nerc,,Pterocarpus macrocarpus,pterocarpus_macrocarpus,Sang Thong,Sang Thong,112,38,74,0.3392857142857143,0.3392857142857143,7.0,0.7,,Tropical_Forest_Mineral_Soil,5.0,3.0,5.0,5.0,,,,,,,,,,,,,,,,0.8333333333333333
NERC_EIDC_2023_survival_height,real,teme_survival_v4_nerc,,Pterocarpus macrocarpus,pterocarpus_macrocarpus,Sang Thong,Sang Thong,350,101,249,0.2885714285714286,0.2885714285714286,7.0,0.7,,Tropical_Forest_Mineral_Soil,5.0,3.0,5.0,5.0,,,,,,,,,,,,,,,,0.8333333333333333
NERC_EIDC_2023_survival_height,real,teme_survival_v4_nerc,,Vatica cinerea,vatica_cinerea,Sang Thong,Sang Thong,350,178,172,0.5085714285714286,0.5085714285714286,7.0,0.706897436,,Tropical_Forest_Mineral_Soil,5.0,3.0,5.0,5.0,,,,,,,,,,,,,,,,0.8333333333333333
NERC_EIDC_2023_survival_height,real,teme_survival_v4_nerc,,Vatica cinerea,vatica_cinerea,Sang Thong,Sang Thong,112,59,53,0.5267857142857143,0.5267857142857143,7.0,0.706897436,,Tropical_Forest_Mineral_Soil,5.0,3.0,5.0,5.0,,,,,,,,,,,,,,,,0.8333333333333333
NERC_EIDC_2023_survival_height,real,teme_survival_v4_nerc,,Castanopsis fissa,castanopsis_fissa,Guangdong,Guangdong,90,72,18,0.8,0.8,2.0,0.4446,12.0,Tropical_Forest_Mineral_Soil,5.0,3.0,5.0,5.0,,,,,,,,,,,,,,,,1.6666666666666665
NERC_EIDC_2023_survival_height,real,teme_survival_v4_nerc,,Castanopsis fissa,castanopsis_fissa,Guangdong,Guangdong,90,33,57,0.36666666666666664,0.36666666666666664,2.0,0.4446,12.0,Tropical_Forest_Mineral_Soil,5.0,3.0,5.0,5.0,,,,,,,,,,,,,,,,1.6666666666666665
NERC_EIDC_2023_survival_height,real,teme_survival_v4_nerc,,Castanopsis fissa,castanopsis_fissa,Guangdong,Guangdong,90,57,33,0.6333333333333333,0.6333333333333333,2.0,0.4446,12.0,Tropical_Forest_Mineral_Soil,5.0,3.0,5.0,5.0,,,,,,,,,,,,,,,,1.6666666666666665
NERC_EIDC_2023_survival_height,real,teme_survival_v4_nerc,,Castanopsis fissa,castanopsis_fissa,Guangdong,Guangdong,90,86,4,0.9555555555555556,0.9555555555555556,2.0,0.4446,12.0,Tropical_Forest_Mineral_Soil,5.0,3.0,5.0,5.0,,,,,,,,,,,,,,,,1.6666666666666665
NERC_EIDC_2023_survival_height,real,teme_survival_v4_nerc,,Castanopsis fissa,castanopsis_fissa,Guangdong,Guangdong,90,76,14,0.8444444444444444,0.8444444444444444,2.0,0.4446,12.0,Tropical_Forest_Mineral_Soil,5.0,3.0,5.0,5.0,,,,,,,,,,,,,,,,1.6666666666666665
NERC_EIDC_2023_survival_height,real,teme_survival_v4_nerc,,Castanopsis fissa,castanopsis_fissa,Guangdong,Guangdong,90,78,12,0.8666666666666667,0.8666666666666667,2.0,0.4446,12.0,Tropical_Forest_Mineral_Soil,5.0,3.0,5.0,5.0,,,,,,,,,,,,,,,,1.6666666666666665
NERC_EIDC_2023_survival_height,real,teme_survival_v4_nerc,,Castanopsis fissa,castanopsis_fissa,Guangdong,Guangdong,90,41,49,0.45555555555555555,0.45555555555555555,2.0,0.4446,12.0,Tropical_Forest_Mineral_Soil,5.0,3.0,5.0,5.0,,,,,,,,,,,,,,,,1.6666666666666665
NERC_EIDC_2023_survival_height,real,teme_survival_v4_nerc,,Michelia macclurei,michelia_macclurei,Guangdong,Guangdong,90,83,7,0.9222222222222223,0.9222222222222223,2.0,0.5435,12.0,Tropical_Forest_Mineral_Soil,5.0,3.0,5.0,5.0,,,,,,,,,,,,,,,,1.6666666666666665
NERC_EIDC_2023_survival_height,real,teme_survival_v4_nerc,,Michelia macclurei,michelia_macclurei,Guangdong,Guangdong,90,88,2,0.9777777777777777,0.9777777777777777,2.0,0.5435,12.0,Tropical_Forest_Mineral_Soil,5.0,3.0,5.0,5.0,,,,,,,,,,,,,,,,1.6666666666666665
NERC_EIDC_2023_survival_height,real,teme_survival_v4_nerc,,Michelia macclurei,michelia_macclurei,Guangdong,Guangdong,90,84,6,0.9333333333333333,0.9333333333333333,2.0,0.5435,12.0,Tropical_Forest_Mineral_Soil,5.0,3.0,5.0,5.0,,,,,,,,,,,,,,,,1.6666666666666665
NERC_EIDC_2023_survival_height,real,teme_survival_v4_nerc,,Michelia macclurei,michelia_macclurei,Guangdong,Guangdong,90,85,5,0.9444444444444444,0.9444444444444444,2.0,0.5435,12.0,Tropical_Forest_Mineral_Soil,5.0,3.0,5.0,5.0,,,,,,,,,,,,,,,,1.6666666666666665
NERC_EIDC_2023_survival_height,real,teme_survival_v4_nerc,,Michelia macclurei,michelia_macclurei,Guangdong,Guangdong,90,84,6,0.9333333333333333,0.9333333333333333,2.0,0.5435,12.0,Tropical_Forest_Mineral_Soil,5.0,3.0,5.0,5.0,,,,,,,,,,,,,,,,1.6666666666666665
NERC_EIDC_2023_survival_height,real,teme_survival_v4_nerc,,Michelia macclurei,michelia_macclurei,Guangdong,Guangdong,90,80,10,0.8888888888888888,0.8888888888888888,2.0,0.5435,12.0,Tropical_Forest_Mineral_Soil,5.0,3.0,5.0,5.0,,,,,,,,,,,,,,,,1.6666666666666665
NERC_EIDC_2023_survival_height,real,teme_survival_v4_nerc,,Michelia macclurei,michelia_macclurei,Guangdong,Guangdong,90,75,15,0.8333333333333334,0.8333333333333334,2.0,0.5435,12.0,Tropical_Forest_Mineral_Soil,5.0,3.0,5.0,5.0,,,,,,,,,,,,,,,,1.6666666666666665
NERC_EIDC_2023_survival_height,real,teme_survival_v4_nerc,,Schima superba,schima_superba,Guangdong,Guangdong,90,84,6,0.9333333333333333,0.9333333333333333,2.0,0.5375,12.0,Tropical_Forest_Mineral_Soil,5.0,3.0,5.0,5.0,,,,,,,,,,,,,,,,1.6666666666666665
NERC_EIDC_2023_survival_height,real,teme_survival_v4_nerc,,Schima superba,schima_superba,Guangdong,Guangdong,90,76,14,0.8444444444444444,0.8444444444444444,2.0,0.5375,12.0,Tropical_Forest_Mineral_Soil,5.0,3.0,5.0,5.0,,,,,,,,,,,,,,,,1.6666666666666665
NERC_EIDC_2023_survival_height,real,teme_survival_v4_nerc,,Schima superba,schima_superba,Guangdong,Guangdong,90,87,3,0.9666666666666667,0.9666666666666667,2.0,0.5375,12.0,Tropical_Forest_Mineral_Soil,5.0,3.0,5.0,5.0,,,,,,,,,,,,,,,,1.6666666666666665
NERC_EIDC_2023_survival_height,real,teme_survival_v4_nerc,,Schima superba,schima_superba,Guangdong,Guangdong,90,89,1,0.9888888888888889,0.9888888888888889,2.0,0.5375,12.0,Tropical_Forest_Mineral_Soil,5.0,3.0,5.0,5.0,,,,,,,,,,,,,,,,1.6666666666666665
NERC_EIDC_2023_survival_height,real,teme_survival_v4_nerc,,Schima superba,schima_superba,Guangdong,Guangdong,90,88,2,0.9777777777777777,0.9777777777777777,2.0,0.5375,12.0,Tropical_Forest_Mineral_Soil,5.0,3.0,5.0,5.0,,,,,,,,,,,,,,,,1.6666666666666665
NERC_EIDC_2023_survival_height,real,teme_survival_v4_nerc,,Schima superba,schima_superba,Guangdong,Guangdong,90,90,0,1.0,1.0,2.0,0.5375,12.0,Tropical_Forest_Mineral_Soil,5.0,3.0,5.0,5.0,,,,,,,,,,,,,,,,1.6666666666666665
NERC_EIDC_2023_survival_height,real,teme_survival_v4_nerc,,Schima superba,schima_superba,Guangdong,Guangdong,90,87,3,0.9666666666666667,0.9666666666666667,2.0,0.5375,12.0,Tropical_Forest_Mineral_Soil,5.0,3.0,5.0,5.0,,,,,,,,,,,,,,,,1.6666666666666665
NERC_EIDC_2023_survival_height,real,teme_survival_v4_nerc,,Castanopsis carlesii,castanopsis_carlesii,Guangdong,Guangdong,628,615,13,0.9792993630573248,0.9792993630573248,1.58,0.44075,18.0,Tropical_Forest_Mineral_Soil,5.0,1.0,5.0,4.0,,,,,,,,,,,,,,,,2.5
NERC_EIDC_2023_survival_height,real,teme_survival_v4_nerc,,Castanopsis fissa,castanopsis_fissa,Guangdong,Guangdong,352,350,2,0.9943181818181818,0.9943181818181818,1.58,0.4446,18.0,Tropical_Forest_Mineral_Soil,5.0,1.0,5.0,3.0,,,,,,,,,,,,,,,,2.5
NERC_EIDC_2023_survival_height,real,teme_survival_v4_nerc,,Cinnamomum camphora,cinnamomum_camphora,Guangdong,Guangdong,363,129,234,0.35537190082644626,0.35537190082644626,1.58,0.4874,18.0,Tropical_Forest_Mineral_Soil,5.0,1.0,5.0,5.0,,,,,,,,,,,,,,,,2.5
NERC_EIDC_2023_survival_height,real,teme_survival_v4_nerc,,Elaeocarpus sylvestris,elaeocarpus_sylvestris,Guangdong,Guangdong,662,566,96,0.8549848942598187,0.8549848942598187,1.58,0.475,18.0,Tropical_Forest_Mineral_Soil,5.0,1.0,5.0,6.0,,,,,,,,,,,,,,,,2.5
NERC_EIDC_2023_survival_height,real,teme_survival_v4_nerc,,Erythrophleum fordii,erythrophleum_fordii,Guangdong,Guangdong,788,786,2,0.9974619289340102,0.9974619289340102,1.58,0.76,18.0,Tropical_Forest_Mineral_Soil,5.0,1.0,5.0,2.0,,,,,,,,,,,,,,,,2.5
NERC_EIDC_2023_survival_height,real,teme_survival_v4_nerc,,Ilex rotunda,ilex_rotunda,Guangdong,Guangdong,646,547,99,0.846749226006192,0.846749226006192,1.58,0.5627,18.0,Tropical_Forest_Mineral_Soil,5.0,1.0,5.0,7.0,,,,,,,,,,,,,,,,2.5
NERC_EIDC_2023_survival_height,real,teme_survival_v4_nerc,,Pinus thunbergii,pinus_thunbergii,Guangdong,Guangdong,634,630,4,0.9936908517350158,0.9936908517350158,1.58,0.45,18.0,Tropical_Forest_Mineral_Soil,5.0,1.0,5.0,4.0,,,,,,,,,,,,,,,,2.5
NERC_EIDC_2023_survival_height,real,teme_survival_v4_nerc,,Schima superba,schima_superba,Guangdong,Guangdong,756,724,32,0.9576719576719577,0.9576719576719577,1.58,0.5375,18.0,Tropical_Forest_Mineral_Soil,5.0,1.0,5.0,4.0,,,,,,,,,,,,,,,,2.5
NERC_EIDC_2023_survival_height,real,teme_survival_v4_nerc,,Dyera polyphylla,dyera_polyphylla,Jambi,Jambi,36,32,4,0.8888888888888888,0.8888888888888888,1.5,0.33,12.0,Tropical_Peat_Swamp_Forest,2.0,3.0,5.0,9.0,,,,,,,,,,,,,,,,1.6666666666666665
NERC_EIDC_2023_survival_height,real,teme_survival_v4_nerc,,Dyera polyphylla,dyera_polyphylla,Jambi,Jambi,36,31,5,0.8611111111111112,0.8611111111111112,1.5,0.33,12.0,Tropical_Peat_Swamp_Forest,2.0,3.0,5.0,5.0,,,,,,,,,,,,,,,,1.6666666666666665
NERC_EIDC_2023_survival_height,real,teme_survival_v4_nerc,,Dyera polyphylla,dyera_polyphylla,Jambi,Jambi,36,8,28,0.2222222222222222,0.2222222222222222,1.5,0.33,6.5,Tropical_Peat_Swamp_Forest,2.0,3.0,5.0,8.0,,,,,,,,,,,,,,,,0.8333333333333333
NERC_EIDC_2023_survival_height,real,teme_survival_v4_nerc,,Dyera polyphylla,dyera_polyphylla,Jambi,Jambi,36,27,9,0.75,0.75,1.5,0.33,12.0,Unknown_TropicalAsia,5.0,3.0,5.0,7.0,,,,,,,,,,,,,,,,1.6666666666666665
NERC_EIDC_2023_survival_height,real,teme_survival_v4_nerc,,Dyera polyphylla,dyera_polyphylla,Jambi,Jambi,36,32,4,0.8888888888888888,0.8888888888888888,1.5,0.33,6.5,Unknown_TropicalAsia,5.0,3.0,5.0,7.0,,,,,,,,,,,,,,,,1.6666666666666665
NERC_EIDC_2023_survival_height,real,teme_survival_v4_nerc,,Calophyllum biflorum,calophyllum_biflorum,Central Kalimantan,Central Kalimantan,385,99,286,0.2571428571428571,0.2571428571428571,0.67,0.669211656,12.0,Tropical_Peat_Swamp_Forest,2.0,8.0,5.0,5.0,,,,,,,,,,,,,,,,0.0
NERC_EIDC_2023_survival_height,real,teme_survival_v4_nerc,,Calophyllum inophyllum,calophyllum_inophyllum,Central Kalimantan,Central Kalimantan,385,153,232,0.3974025974025974,0.3974025974025974,0.67,0.5846,12.0,Tropical_Peat_Swamp_Forest,2.0,8.0,5.0,5.0,,,,,,,,,,,,,,,,0.0
NERC_EIDC_2023_survival_height,real,teme_survival_v4_nerc,,Dyera polyphylla,dyera_polyphylla,Central Kalimantan,Central Kalimantan,385,164,221,0.42597402597402595,0.42597402597402595,0.67,0.33,12.0,Tropical_Peat_Swamp_Forest,2.0,8.0,5.0,5.0,,,,,,,,,,,,,,,,0.0
NERC_EIDC_2023_survival_height,real,teme_survival_v4_nerc,,Shorea balangeran,shorea_balangeran,Central Kalimantan,Central Kalimantan,385,140,245,0.36363636363636365,0.36363636363636365,0.67,0.69,12.0,Tropical_Peat_Swamp_Forest,2.0,8.0,5.0,5.0,,,,,,,,,,,,,,,,0.0
NERC_EIDC_2023_survival_height,real,teme_survival_v4_nerc,,Palaquium leiocarpum,palaquium_leiocarpum,Central Kalimantan,Central Kalimantan,20,10,10,0.5,0.5,0.67,0.71,,Tropical_Peat_Swamp_Forest,2.0,8.0,5.0,5.0,,,,,,,,,,,,,,,,0.8333333333333333
NERC_EIDC_2023_survival_height,real,teme_survival_v4_nerc,,Palaquium leiocarpum,palaquium_leiocarpum,Central Kalimantan,Central Kalimantan,20,12,8,0.6,0.6,0.67,0.71,,Tropical_Peat_Swamp_Forest,2.0,8.0,5.0,5.0,,,,,,,,,,,,,,,,1.6666666666666665
NERC_EIDC_2023_survival_height,real,teme_survival_v4_nerc,,Palaquium leiocarpum,palaquium_leiocarpum,Central Kalimantan,Central Kalimantan,20,18,2,0.9,0.9,0.67,0.71,,Tropical_Peat_Swamp_Forest,2.0,8.0,5.0,5.0,,,,,,,,,,,,,,,,0.8333333333333333
NERC_EIDC_2023_survival_height,real,teme_survival_v4_nerc,,Palaquium leiocarpum,palaquium_leiocarpum,Central Kalimantan,Central Kalimantan,20,16,4,0.8,0.8,0.67,0.71,,Tropical_Peat_Swamp_Forest,2.0,8.0,5.0,5.0,,,,,,,,,,,,,,,,0.0
NERC_EIDC_2023_survival_height,real,teme_survival_v4_nerc,,Peronema canescens,peronema_canescens,Central Kalimantan,Central Kalimantan,50,7,43,0.14,0.14,0.67,0.57,,Tropical_Peat_Swamp_Forest,2.0,8.0,5.0,5.0,,,,,,,,,,,,,,,,0.8333333333333333
NERC_EIDC_2023_survival_height,real,teme_survival_v4_nerc,,Peronema canescens,peronema_canescens,Central Kalimantan,Central Kalimantan,50,19,31,0.38,0.38,0.67,0.57,,Tropical_Peat_Swamp_Forest,2.0,8.0,5.0,5.0,,,,,,,,,,,,,,,,1.6666666666666665
NERC_EIDC_2023_survival_height,real,teme_survival_v4_nerc,,Peronema canescens,peronema_canescens,Central Kalimantan,Central Kalimantan,10,2,8,0.2,0.2,0.67,0.57,,Tropical_Peat_Swamp_Forest,2.0,8.0,5.0,5.0,,,,,,,,,,,,,,,,0.8333333333333333
NERC_EIDC_2023_survival_height,real,teme_survival_v4_nerc,,Peronema canescens,peronema_canescens,Central Kalimantan,Central Kalimantan,50,11,39,0.22,0.22,0.67,0.57,,Tropical_Peat_Swamp_Forest,2.0,8.0,5.0,5.0,,,,,,,,,,,,,,,,0.0
NERC_EIDC_2023_survival_height,real,teme_survival_v4_nerc,,Peronema canescens,peronema_canescens,Central Kalimantan,Central Kalimantan,40,10,30,0.25,0.25,0.67,0.57,,Tropical_Peat_Swamp_Forest,2.0,8.0,5.0,5.0,,,,,,,,,,,,,,,,0.8333333333333333
NERC_EIDC_2023_survival_height,real,teme_survival_v4_nerc,,Peronema canescens,peronema_canescens,Central Kalimantan,Central Kalimantan,40,3,37,0.075,0.075,0.67,0.57,,Tropical_Peat_Swamp_Forest,2.0,8.0,5.0,5.0,,,,,,,,,,,,,,,,1.6666666666666665
NERC_EIDC_2023_survival_height,real,teme_survival_v4_nerc,,Peronema canescens,peronema_canescens,Central Kalimantan,Central Kalimantan,20,4,16,0.2,0.2,0.67,0.57,,Tropical_Peat_Swamp_Forest,2.0,8.0,5.0,5.0,,,,,,,,,,,,,,,,0.8333333333333333
NERC_EIDC_2023_survival_height,real,teme_survival_v4_nerc,,Peronema canescens,peronema_canescens,Central Kalimantan,Central Kalimantan,50,2,48,0.04,0.04,0.67,0.57,,Tropical_Peat_Swamp_Forest,2.0,8.0,5.0,5.0,,,,,,,,,,,,,,,,0.0
NERC_EIDC_2023_survival_height,real,teme_survival_v4_nerc,,Shorea balangeran,shorea_balangeran,Central Kalimantan,Central Kalimantan,20,20,0,1.0,1.0,0.67,0.69,,Tropical_Peat_Swamp_Forest,2.0,8.0,5.0,5.0,,,,,,,,,,,,,,,,0.8333333333333333
NERC_EIDC_2023_survival_height,real,teme_survival_v4_nerc,,Shorea balangeran,shorea_balangeran,Central Kalimantan,Central Kalimantan,20,18,2,0.9,0.9,0.67,0.69,,Tropical_Peat_Swamp_Forest,2.0,8.0,5.0,5.0,,,,,,,,,,,,,,,,1.6666666666666665
NERC_EIDC_2023_survival_height,real,teme_survival_v4_nerc,,Shorea balangeran,shorea_balangeran,Central Kalimantan,Central Kalimantan,20,20,0,1.0,1.0,0.67,0.69,,Tropical_Peat_Swamp_Forest,2.0,8.0,5.0,5.0,,,,,,,,,,,,,,,,0.8333333333333333
NERC_EIDC_2023_survival_height,real,teme_survival_v4_nerc,,Shorea balangeran,shorea_balangeran,Central Kalimantan,Central Kalimantan,10,8,2,0.8,0.8,0.67,0.69,,Tropical_Peat_Swamp_Forest,2.0,8.0,5.0,5.0,,,,,,,,,,,,,,,,0.0
NERC_EIDC_2023_survival_height,real,teme_survival_v4_nerc,,Shorea pinanga,shorea_pinanga,Central Kalimantan,Central Kalimantan,50,8,42,0.16,0.16,0.67,0.363333333,,Tropical_Peat_Swamp_Forest,2.0,8.0,5.0,5.0,,,,,,,,,,,,,,,,0.8333333333333333
NERC_EIDC_2023_survival_height,real,teme_survival_v4_nerc,,Shorea pinanga,shorea_pinanga,Central Kalimantan,Central Kalimantan,50,1,49,0.02,0.02,0.67,0.363333333,,Tropical_Peat_Swamp_Forest,2.0,8.0,5.0,5.0,,,,,,,,,,,,,,,,1.6666666666666665
NERC_EIDC_2023_survival_height,real,teme_survival_v4_nerc,,Shorea pinanga,shorea_pinanga,Central Kalimantan,Central Kalimantan,20,8,12,0.4,0.4,0.67,0.363333333,,Tropical_Peat_Swamp_Forest,2.0,8.0,5.0,5.0,,,,,,,,,,,,,,,,0.8333333333333333
NERC_EIDC_2023_survival_height,real,teme_survival_v4_nerc,,Shorea pinanga,shorea_pinanga,Central Kalimantan,Central Kalimantan,50,6,44,0.12,0.12,0.67,0.363333333,,Tropical_Peat_Swamp_Forest,2.0,8.0,5.0,5.0,,,,,,,,,,,,,,,,0.0
NERC_EIDC_2023_survival_height,real,teme_survival_v4_nerc,,Shorea pinanga,shorea_pinanga,Central Kalimantan,Central Kalimantan,50,7,43,0.14,0.14,0.67,0.363333333,,Tropical_Peat_Swamp_Forest,2.0,8.0,5.0,5.0,,,,,,,,,,,,,,,,0.8333333333333333
NERC_EIDC_2023_survival_height,real,teme_survival_v4_nerc,,Shorea pinanga,shorea_pinanga,Central Kalimantan,Central Kalimantan,50,3,47,0.06,0.06,0.67,0.363333333,,Tropical_Peat_Swamp_Forest,2.0,8.0,5.0,5.0,,,,,,,,,,,,,,,,1.6666666666666665
NERC_EIDC_2023_survival_height,real,teme_survival_v4_nerc,,Shorea pinanga,shorea_pinanga,Central Kalimantan,Central Kalimantan,20,7,13,0.35,0.35,0.67,0.363333333,,Tropical_Peat_Swamp_Forest,2.0,8.0,5.0,5.0,,,,,,,,,,,,,,,,0.8333333333333333
NERC_EIDC_2023_survival_height,real,teme_survival_v4_nerc,,Shorea pinanga,shorea_pinanga,Central Kalimantan,Central Kalimantan,50,12,38,0.24,0.24,0.67,0.363333333,,Tropical_Peat_Swamp_Forest,2.0,8.0,5.0,5.0,,,,,,,,,,,,,,,,0.0
NERC_EIDC_2023_survival_height,real,teme_survival_v4_nerc,,Shorea seminis,shorea_seminis,Central Kalimantan,Central Kalimantan,50,11,39,0.22,0.22,0.67,0.72,,Tropical_Peat_Swamp_Forest,2.0,8.0,5.0,5.0,,,,,,,,,,,,,,,,1.6666666666666665
NERC_EIDC_2023_survival_height,real,teme_survival_v4_nerc,,Shorea seminis,shorea_seminis,Central Kalimantan,Central Kalimantan,20,5,15,0.25,0.25,0.67,0.72,,Tropical_Peat_Swamp_Forest,2.0,8.0,5.0,5.0,,,,,,,,,,,,,,,,0.8333333333333333
NERC_EIDC_2023_survival_height,real,teme_survival_v4_nerc,,Shorea seminis,shorea_seminis,Central Kalimantan,Central Kalimantan,50,13,37,0.26,0.26,0.67,0.72,,Tropical_Peat_Swamp_Forest,2.0,8.0,5.0,5.0,,,,,,,,,,,,,,,,0.0
NERC_EIDC_2023_survival_height,real,teme_survival_v4_nerc,,Shorea seminis,shorea_seminis,Central Kalimantan,Central Kalimantan,50,8,42,0.16,0.16,0.67,0.72,,Tropical_Peat_Swamp_Forest,2.0,8.0,5.0,5.0,,,,,,,,,,,,,,,,0.8333333333333333
NERC_EIDC_2023_survival_height,real,teme_survival_v4_nerc,,Shorea seminis,shorea_seminis,Central Kalimantan,Central Kalimantan,50,13,37,0.26,0.26,0.67,0.72,,Tropical_Peat_Swamp_Forest,2.0,8.0,5.0,5.0,,,,,,,,,,,,,,,,1.6666666666666665
NERC_EIDC_2023_survival_height,real,teme_survival_v4_nerc,,Shorea seminis,shorea_seminis,Central Kalimantan,Central Kalimantan,20,5,15,0.25,0.25,0.67,0.72,,Tropical_Peat_Swamp_Forest,2.0,8.0,5.0,5.0,,,,,,,,,,,,,,,,0.8333333333333333
NERC_EIDC_2023_survival_height,real,teme_survival_v4_nerc,,Shorea seminis,shorea_seminis,Central Kalimantan,Central Kalimantan,50,19,31,0.38,0.38,0.67,0.72,,Tropical_Peat_Swamp_Forest,2.0,8.0,5.0,5.0,,,,,,,,,,,,,,,,0.0
NERC_EIDC_2023_survival_height,real,teme_survival_v4_nerc,,Shorea seminis,shorea_seminis,Central Kalimantan,Central Kalimantan,50,12,38,0.24,0.24,0.67,0.72,,Tropical_Peat_Swamp_Forest,2.0,8.0,5.0,5.0,,,,,,,,,,,,,,,,0.8333333333333333
NERC_EIDC_2023_survival_height,real,teme_survival_v4_nerc,,Agathis borneensis,agathis_borneensis,Perak,Perak,36,20,16,0.5555555555555556,0.5555555555555556,3.58,0.383333333,,Tropical_Forest_Mineral_Soil,5.0,3.0,5.0,5.0,,,,,,,,,,,,,,,,1.6666666666666665
NERC_EIDC_2023_survival_height,real,teme_survival_v4_nerc,,Agathis borneensis,agathis_borneensis,Perak,Perak,36,16,20,0.4444444444444444,0.4444444444444444,3.58,0.383333333,,Tropical_Forest_Mineral_Soil,5.0,3.0,5.0,5.0,,,,,,,,,,,,,,,,1.6666666666666665
NERC_EIDC_2023_survival_height,real,teme_survival_v4_nerc,,Agathis borneensis,agathis_borneensis,Perak,Perak,36,16,20,0.4444444444444444,0.4444444444444444,3.58,0.383333333,,Tropical_Forest_Mineral_Soil,5.0,3.0,5.0,5.0,,,,,,,,,,,,,,,,2.5
NERC_EIDC_2023_survival_height,real,teme_survival_v4_nerc,,Agathis borneensis,agathis_borneensis,Perak,Perak,36,20,16,0.5555555555555556,0.5555555555555556,3.58,0.383333333,,Tropical_Forest_Mineral_Soil,5.0,3.0,5.0,5.0,,,,,,,,,,,,,,,,2.5
NERC_EIDC_2023_survival_height,real,teme_survival_v4_nerc,,Aqularia sinensis,aqularia_sinensis,Perak,Perak,36,30,6,0.8333333333333334,0.8333333333333334,3.58,0.529428571,,Tropical_Forest_Mineral_Soil,5.0,3.0,5.0,5.0,,,,,,,,,,,,,,,,1.6666666666666665
NERC_EIDC_2023_survival_height,real,teme_survival_v4_nerc,,Aqularia sinensis,aqularia_sinensis,Perak,Perak,36,22,14,0.6111111111111112,0.6111111111111112,3.58,0.529428571,,Tropical_Forest_Mineral_Soil,5.0,3.0,5.0,5.0,,,,,,,,,,,,,,,,1.6666666666666665
NERC_EIDC_2023_survival_height,real,teme_survival_v4_nerc,,Aqularia sinensis,aqularia_sinensis,Perak,Perak,36,12,24,0.3333333333333333,0.3333333333333333,3.58,0.529428571,,Tropical_Forest_Mineral_Soil,5.0,3.0,5.0,5.0,,,,,,,,,,,,,,,,2.5
NERC_EIDC_2023_survival_height,real,teme_survival_v4_nerc,,Aqularia sinensis,aqularia_sinensis,Perak,Perak,36,18,18,0.5,0.5,3.58,0.529428571,,Tropical_Forest_Mineral_Soil,5.0,3.0,5.0,5.0,,,,,,,,,,,,,,,,2.5
NERC_EIDC_2023_survival_height,real,teme_survival_v4_nerc,,Cananga odorata,cananga_odorata,Perak,Perak,36,2,34,0.05555555555555555,0.05555555555555555,3.58,0.3272,,Tropical_Forest_Mineral_Soil,5.0,3.0,5.0,5.0,,,,,,,,,,,,,,,,1.6666666666666665
NERC_EIDC_2023_survival_height,real,teme_survival_v4_nerc,,Cananga odorata,cananga_odorata,Perak,Perak,36,14,22,0.3888888888888889,0.3888888888888889,3.58,0.3272,,Tropical_Forest_Mineral_Soil,5.0,3.0,5.0,5.0,,,,,,,,,,,,,,,,1.6666666666666665
NERC_EIDC_2023_survival_height,real,teme_survival_v4_nerc,,Cananga odorata,cananga_odorata,Perak,Perak,36,10,26,0.2777777777777778,0.2777777777777778,3.58,0.3272,,Tropical_Forest_Mineral_Soil,5.0,3.0,5.0,5.0,,,,,,,,,,,,,,,,2.5
NERC_EIDC_2023_survival_height,real,teme_survival_v4_nerc,,Cananga odorata,cananga_odorata,Perak,Perak,36,16,20,0.4444444444444444,0.4444444444444444,3.58,0.3272,,Tropical_Forest_Mineral_Soil,5.0,3.0,5.0,5.0,,,,,,,,,,,,,,,,2.5
NERC_EIDC_2023_survival_height,real,teme_survival_v4_nerc,,Careya arborea,careya_arborea,Perak,Perak,36,20,16,0.5555555555555556,0.5555555555555556,3.58,0.731333333,,Tropical_Forest_Mineral_Soil,5.0,3.0,5.0,5.0,,,,,,,,,,,,,,,,1.6666666666666665
NERC_EIDC_2023_survival_height,real,teme_survival_v4_nerc,,Careya arborea,careya_arborea,Perak,Perak,36,12,24,0.3333333333333333,0.3333333333333333,3.58,0.731333333,,Tropical_Forest_Mineral_Soil,5.0,3.0,5.0,5.0,,,,,,,,,,,,,,,,1.6666666666666665
NERC_EIDC_2023_survival_height,real,teme_survival_v4_nerc,,Careya arborea,careya_arborea,Perak,Perak,36,16,20,0.4444444444444444,0.4444444444444444,3.58,0.731333333,,Tropical_Forest_Mineral_Soil,5.0,3.0,5.0,5.0,,,,,,,,,,,,,,,,2.5
NERC_EIDC_2023_survival_height,real,teme_survival_v4_nerc,,Careya arborea,careya_arborea,Perak,Perak,36,16,20,0.4444444444444444,0.4444444444444444,3.58,0.731333333,,Tropical_Forest_Mineral_Soil,5.0,3.0,5.0,5.0,,,,,,,,,,,,,,,,2.5
NERC_EIDC_2023_survival_height,real,teme_survival_v4_nerc,,Dryobalanops beccarii,dryobalanops_beccarii,Perak,Perak,36,22,14,0.6111111111111112,0.6111111111111112,3.58,0.503333333,,Tropical_Forest_Mineral_Soil,5.0,3.0,5.0,5.0,,,,,,,,,,,,,,,,1.6666666666666665
NERC_EIDC_2023_survival_height,real,teme_survival_v4_nerc,,Dryobalanops beccarii,dryobalanops_beccarii,Perak,Perak,36,28,8,0.7777777777777778,0.7777777777777778,3.58,0.503333333,,Tropical_Forest_Mineral_Soil,5.0,3.0,5.0,5.0,,,,,,,,,,,,,,,,1.6666666666666665
NERC_EIDC_2023_survival_height,real,teme_survival_v4_nerc,,Dryobalanops beccarii,dryobalanops_beccarii,Perak,Perak,36,28,8,0.7777777777777778,0.7777777777777778,3.58,0.503333333,,Tropical_Forest_Mineral_Soil,5.0,3.0,5.0,5.0,,,,,,,,,,,,,,,,2.5
NERC_EIDC_2023_survival_height,real,teme_survival_v4_nerc,,Dryobalanops beccarii,dryobalanops_beccarii,Perak,Perak,36,26,10,0.7222222222222222,0.7222222222222222,3.58,0.503333333,,Tropical_Forest_Mineral_Soil,5.0,3.0,5.0,5.0,,,,,,,,,,,,,,,,2.5
NERC_EIDC_2023_survival_height,real,teme_survival_v4_nerc,,Garcinia hombroniana,garcinia_hombroniana,Perak,Perak,36,16,20,0.4444444444444444,0.4444444444444444,3.58,0.68,,Tropical_Forest_Mineral_Soil,5.0,3.0,5.0,5.0,,,,,,,,,,,,,,,,1.6666666666666665
NERC_EIDC_2023_survival_height,real,teme_survival_v4_nerc,,Garcinia hombroniana,garcinia_hombroniana,Perak,Perak,36,22,14,0.6111111111111112,0.6111111111111112,3.58,0.68,,Tropical_Forest_Mineral_Soil,5.0,3.0,5.0,5.0,,,,,,,,,,,,,,,,1.6666666666666665
NERC_EIDC_2023_survival_height,real,teme_survival_v4_nerc,,Garcinia hombroniana,garcinia_hombroniana,Perak,Perak,36,36,0,1.0,1.0,3.58,0.68,,Tropical_Forest_Mineral_Soil,5.0,3.0,5.0,5.0,,,,,,,,,,,,,,,,2.5
NERC_EIDC_2023_survival_height,real,teme_survival_v4_nerc,,Garcinia hombroniana,garcinia_hombroniana,Perak,Perak,36,18,18,0.5,0.5,3.58,0.68,,Tropical_Forest_Mineral_Soil,5.0,3.0,5.0,5.0,,,,,,,,,,,,,,,,2.5
NERC_EIDC_2023_survival_height,real,teme_survival_v4_nerc,,Hopea pubescens,hopea_pubescens,Perak,Perak,36,18,18,0.5,0.5,3.58,0.5,,Tropical_Forest_Mineral_Soil,5.0,3.0,5.0,5.0,,,,,,,,,,,,,,,,1.6666666666666665
NERC_EIDC_2023_survival_height,real,teme_survival_v4_nerc,,Hopea pubescens,hopea_pubescens,Perak,Perak,36,26,10,0.7222222222222222,0.7222222222222222,3.58,0.5,,Tropical_Forest_Mineral_Soil,5.0,3.0,5.0,5.0,,,,,,,,,,,,,,,,1.6666666666666665
NERC_EIDC_2023_survival_height,real,teme_survival_v4_nerc,,Hopea pubescens,hopea_pubescens,Perak,Perak,36,18,18,0.5,0.5,3.58,0.5,,Tropical_Forest_Mineral_Soil,5.0,3.0,5.0,5.0,,,,,,,,,,,,,,,,2.5
NERC_EIDC_2023_survival_height,real,teme_survival_v4_nerc,,Hopea pubescens,hopea_pubescens,Perak,Perak,36,20,16,0.5555555555555556,0.5555555555555556,3.58,0.5,,Tropical_Forest_Mineral_Soil,5.0,3.0,5.0,5.0,,,,,,,,,,,,,,,,2.5
NERC_EIDC_2023_survival_height,real,teme_survival_v4_nerc,,Melaleuca cajuputi,melaleuca_cajuputi,Perak,Perak,36,2,34,0.05555555555555555,0.05555555555555555,3.58,0.756647186,,Tropical_Forest_Mineral_Soil,5.0,3.0,5.0,5.0,,,,,,,,,,,,,,,,1.6666666666666665
NERC_EIDC_2023_survival_height,real,teme_survival_v4_nerc,,Melaleuca cajuputi,melaleuca_cajuputi,Perak,Perak,36,0,36,0.0,0.0,3.58,0.756647186,,Tropical_Forest_Mineral_Soil,5.0,3.0,5.0,5.0,,,,,,,,,,,,,,,,1.6666666666666665
NERC_EIDC_2023_survival_height,real,teme_survival_v4_nerc,,Melaleuca cajuputi,melaleuca_cajuputi,Perak,Perak,36,0,36,0.0,0.0,3.58,0.756647186,,Tropical_Forest_Mineral_Soil,5.0,3.0,5.0,5.0,,,,,,,,,,,,,,,,2.5
NERC_EIDC_2023_survival_height,real,teme_survival_v4_nerc,,Melaleuca cajuputi,melaleuca_cajuputi,Perak,Perak,36,6,30,0.16666666666666666,0.16666666666666666,3.58,0.756647186,,Tropical_Forest_Mineral_Soil,5.0,3.0,5.0,5.0,,,,,,,,,,,,,,,,2.5
NERC_EIDC_2023_survival_height,real,teme_survival_v4_nerc,,Neobalanocarpus heimii,neobalanocarpus_heimii,Perak,Perak,36,26,10,0.7222222222222222,0.7222222222222222,3.58,0.76,,Tropical_Forest_Mineral_Soil,5.0,3.0,5.0,5.0,,,,,,,,,,,,,,,,1.6666666666666665
NERC_EIDC_2023_survival_height,real,teme_survival_v4_nerc,,Neobalanocarpus heimii,neobalanocarpus_heimii,Perak,Perak,36,26,10,0.7222222222222222,0.7222222222222222,3.58,0.76,,Tropical_Forest_Mineral_Soil,5.0,3.0,5.0,5.0,,,,,,,,,,,,,,,,1.6666666666666665
NERC_EIDC_2023_survival_height,real,teme_survival_v4_nerc,,Neobalanocarpus heimii,neobalanocarpus_heimii,Perak,Perak,36,24,12,0.6666666666666666,0.6666666666666666,3.58,0.76,,Tropical_Forest_Mineral_Soil,5.0,3.0,5.0,5.0,,,,,,,,,,,,,,,,2.5
NERC_EIDC_2023_survival_height,real,teme_survival_v4_nerc,,Neobalanocarpus heimii,neobalanocarpus_heimii,Perak,Perak,36,30,6,0.8333333333333334,0.8333333333333334,3.58,0.76,,Tropical_Forest_Mineral_Soil,5.0,3.0,5.0,5.0,,,,,,,,,,,,,,,,2.5
NERC_EIDC_2023_survival_height,real,teme_survival_v4_nerc,,Palaquium gutta,palaquium_gutta,Perak,Perak,36,18,18,0.5,0.5,3.58,0.615,,Tropical_Forest_Mineral_Soil,5.0,3.0,5.0,5.0,,,,,,,,,,,,,,,,1.6666666666666665
NERC_EIDC_2023_survival_height,real,teme_survival_v4_nerc,,Palaquium gutta,palaquium_gutta,Perak,Perak,36,16,20,0.4444444444444444,0.4444444444444444,3.58,0.615,,Tropical_Forest_Mineral_Soil,5.0,3.0,5.0,5.0,,,,,,,,,,,,,,,,1.6666666666666665
NERC_EIDC_2023_survival_height,real,teme_survival_v4_nerc,,Palaquium gutta,palaquium_gutta,Perak,Perak,36,8,28,0.2222222222222222,0.2222222222222222,3.58,0.615,,Tropical_Forest_Mineral_Soil,5.0,3.0,5.0,5.0,,,,,,,,,,,,,,,,2.5
NERC_EIDC_2023_survival_height,real,teme_survival_v4_nerc,,Palaquium gutta,palaquium_gutta,Perak,Perak,36,22,14,0.6111111111111112,0.6111111111111112,3.58,0.615,,Tropical_Forest_Mineral_Soil,5.0,3.0,5.0,5.0,,,,,,,,,,,,,,,,2.5
NERC_EIDC_2023_survival_height,real,teme_survival_v4_nerc,,Pentaspadon motleyi,pentaspadon_motleyi,Perak,Perak,36,30,6,0.8333333333333334,0.8333333333333334,3.58,0.5,,Tropical_Forest_Mineral_Soil,5.0,3.0,5.0,5.0,,,,,,,,,,,,,,,,1.6666666666666665
NERC_EIDC_2023_survival_height,real,teme_survival_v4_nerc,,Pentaspadon motleyi,pentaspadon_motleyi,Perak,Perak,36,30,6,0.8333333333333334,0.8333333333333334,3.58,0.5,,Tropical_Forest_Mineral_Soil,5.0,3.0,5.0,5.0,,,,,,,,,,,,,,,,1.6666666666666665
NERC_EIDC_2023_survival_height,real,teme_survival_v4_nerc,,Pentaspadon motleyi,pentaspadon_motleyi,Perak,Perak,36,36,0,1.0,1.0,3.58,0.5,,Tropical_Forest_Mineral_Soil,5.0,3.0,5.0,5.0,,,,,,,,,,,,,,,,2.5
NERC_EIDC_2023_survival_height,real,teme_survival_v4_nerc,,Pentaspadon motleyi,pentaspadon_motleyi,Perak,Perak,36,32,4,0.8888888888888888,0.8888888888888888,3.58,0.5,,Tropical_Forest_Mineral_Soil,5.0,3.0,5.0,5.0,,,,,,,,,,,,,,,,2.5
NERC_EIDC_2023_survival_height,real,teme_survival_v4_nerc,,Shorea curtisii,shorea_curtisii,Perak,Perak,36,14,22,0.3888888888888889,0.3888888888888889,3.58,0.526666667,,Tropical_Forest_Mineral_Soil,5.0,3.0,5.0,5.0,,,,,,,,,,,,,,,,1.6666666666666665
NERC_EIDC_2023_survival_height,real,teme_survival_v4_nerc,,Shorea curtisii,shorea_curtisii,Perak,Perak,36,12,24,0.3333333333333333,0.3333333333333333,3.58,0.526666667,,Tropical_Forest_Mineral_Soil,5.0,3.0,5.0,5.0,,,,,,,,,,,,,,,,1.6666666666666665
NERC_EIDC_2023_survival_height,real,teme_survival_v4_nerc,,Shorea curtisii,shorea_curtisii,Perak,Perak,36,28,8,0.7777777777777778,0.7777777777777778,3.58,0.526666667,,Tropical_Forest_Mineral_Soil,5.0,3.0,5.0,5.0,,,,,,,,,,,,,,,,2.5
NERC_EIDC_2023_survival_height,real,teme_survival_v4_nerc,,Shorea curtisii,shorea_curtisii,Perak,Perak,36,22,14,0.6111111111111112,0.6111111111111112,3.58,0.526666667,,Tropical_Forest_Mineral_Soil,5.0,3.0,5.0,5.0,,,,,,,,,,,,,,,,2.5
NERC_EIDC_2023_survival_height,real,teme_survival_v4_nerc,,Shorea leprosula,shorea_leprosula,Perak,Perak,36,28,8,0.7777777777777778,0.7777777777777778,3.58,0.44,,Tropical_Forest_Mineral_Soil,5.0,3.0,5.0,5.0,,,,,,,,,,,,,,,,1.6666666666666665
NERC_EIDC_2023_survival_height,real,teme_survival_v4_nerc,,Shorea leprosula,shorea_leprosula,Perak,Perak,36,22,14,0.6111111111111112,0.6111111111111112,3.58,0.44,,Tropical_Forest_Mineral_Soil,5.0,3.0,5.0,5.0,,,,,,,,,,,,,,,,2.5
NERC_EIDC_2023_survival_height,real,teme_survival_v4_nerc,,Shorea leprosula,shorea_leprosula,Perak,Perak,36,20,16,0.5555555555555556,0.5555555555555556,3.58,0.44,,Tropical_Forest_Mineral_Soil,5.0,3.0,5.0,5.0,,,,,,,,,,,,,,,,1.6666666666666665
NERC_EIDC_2023_survival_height,real,teme_survival_v4_nerc,,Shorea leprosula,shorea_leprosula,Perak,Perak,36,24,12,0.6666666666666666,0.6666666666666666,3.58,0.44,,Tropical_Forest_Mineral_Soil,5.0,3.0,5.0,5.0,,,,,,,,,,,,,,,,2.5
NERC_EIDC_2023_survival_height,real,teme_survival_v4_nerc,,Shorea macroptera,shorea_macroptera,Perak,Perak,36,22,14,0.6111111111111112,0.6111111111111112,3.58,0.425,,Tropical_Forest_Mineral_Soil,5.0,3.0,5.0,5.0,,,,,,,,,,,,,,,,1.6666666666666665
NERC_EIDC_2023_survival_height,real,teme_survival_v4_nerc,,Shorea macroptera,shorea_macroptera,Perak,Perak,36,20,16,0.5555555555555556,0.5555555555555556,3.58,0.425,,Tropical_Forest_Mineral_Soil,5.0,3.0,5.0,5.0,,,,,,,,,,,,,,,,2.5
NERC_EIDC_2023_survival_height,real,teme_survival_v4_nerc,,Shorea macroptera,shorea_macroptera,Perak,Perak,36,20,16,0.5555555555555556,0.5555555555555556,3.58,0.425,,Tropical_Forest_Mineral_Soil,5.0,3.0,5.0,5.0,,,,,,,,,,,,,,,,1.6666666666666665
NERC_EIDC_2023_survival_height,real,teme_survival_v4_nerc,,Shorea macroptera,shorea_macroptera,Perak,Perak,36,18,18,0.5,0.5,3.58,0.425,,Tropical_Forest_Mineral_Soil,5.0,3.0,5.0,5.0,,,,,,,,,,,,,,,,2.5
NERC_EIDC_2023_survival_height,real,teme_survival_v4_nerc,,Shorea ovalis,shorea_ovalis,Perak,Perak,36,18,18,0.5,0.5,3.58,0.43,,Tropical_Forest_Mineral_Soil,5.0,3.0,5.0,5.0,,,,,,,,,,,,,,,,1.6666666666666665
NERC_EIDC_2023_survival_height,real,teme_survival_v4_nerc,,Shorea ovalis,shorea_ovalis,Perak,Perak,36,28,8,0.7777777777777778,0.7777777777777778,3.58,0.43,,Tropical_Forest_Mineral_Soil,5.0,3.0,5.0,5.0,,,,,,,,,,,,,,,,2.5
NERC_EIDC_2023_survival_height,real,teme_survival_v4_nerc,,Shorea ovalis,shorea_ovalis,Perak,Perak,36,26,10,0.7222222222222222,0.7222222222222222,3.58,0.43,,Tropical_Forest_Mineral_Soil,5.0,3.0,5.0,5.0,,,,,,,,,,,,,,,,2.5
NERC_EIDC_2023_survival_height,real,teme_survival_v4_nerc,,Shorea ovalis,shorea_ovalis,Perak,Perak,36,20,16,0.5555555555555556,0.5555555555555556,3.58,0.43,,Tropical_Forest_Mineral_Soil,5.0,3.0,5.0,5.0,,,,,,,,,,,,,,,,1.6666666666666665
NERC_EIDC_2023_survival_height,real,teme_survival_v4_nerc,,Shorea parvifolia,shorea_parvifolia,Perak,Perak,36,28,8,0.7777777777777778,0.7777777777777778,3.58,0.405,,Tropical_Forest_Mineral_Soil,5.0,3.0,5.0,5.0,,,,,,,,,,,,,,,,1.6666666666666665
NERC_EIDC_2023_survival_height,real,teme_survival_v4_nerc,,Shorea parvifolia,shorea_parvifolia,Perak,Perak,36,20,16,0.5555555555555556,0.5555555555555556,3.58,0.405,,Tropical_Forest_Mineral_Soil,5.0,3.0,5.0,5.0,,,,,,,,,,,,,,,,2.5
NERC_EIDC_2023_survival_height,real,teme_survival_v4_nerc,,Shorea parvifolia,shorea_parvifolia,Perak,Perak,36,26,10,0.7222222222222222,0.7222222222222222,3.58,0.405,,Tropical_Forest_Mineral_Soil,5.0,3.0,5.0,5.0,,,,,,,,,,,,,,,,2.5
NERC_EIDC_2023_survival_height,real,teme_survival_v4_nerc,,Shorea parvifolia,shorea_parvifolia,Perak,Perak,36,24,12,0.6666666666666666,0.6666666666666666,3.58,0.405,,Tropical_Forest_Mineral_Soil,5.0,3.0,5.0,5.0,,,,,,,,,,,,,,,,1.6666666666666665
NERC_EIDC_2023_survival_height,real,teme_survival_v4_nerc,,Shorea platyclados,shorea_platyclados,Perak,Perak,36,20,16,0.5555555555555556,0.5555555555555556,3.58,0.556666667,,Tropical_Forest_Mineral_Soil,5.0,3.0,5.0,5.0,,,,,,,,,,,,,,,,1.6666666666666665
NERC_EIDC_2023_survival_height,real,teme_survival_v4_nerc,,Shorea platyclados,shorea_platyclados,Perak,Perak,36,28,8,0.7777777777777778,0.7777777777777778,3.58,0.556666667,,Tropical_Forest_Mineral_Soil,5.0,3.0,5.0,5.0,,,,,,,,,,,,,,,,2.5
NERC_EIDC_2023_survival_height,real,teme_survival_v4_nerc,,Shorea platyclados,shorea_platyclados,Perak,Perak,36,24,12,0.6666666666666666,0.6666666666666666,3.58,0.556666667,,Tropical_Forest_Mineral_Soil,5.0,3.0,5.0,5.0,,,,,,,,,,,,,,,,2.5
NERC_EIDC_2023_survival_height,real,teme_survival_v4_nerc,,Shorea platyclados,shorea_platyclados,Perak,Perak,36,14,22,0.3888888888888889,0.3888888888888889,3.58,0.556666667,,Tropical_Forest_Mineral_Soil,5.0,3.0,5.0,5.0,,,,,,,,,,,,,,,,1.6666666666666665
NERC_EIDC_2023_survival_height,real,teme_survival_v4_nerc,,Shorea roxburghii,shorea_roxburghii,Perak,Perak,36,26,10,0.7222222222222222,0.7222222222222222,3.58,0.7,,Tropical_Forest_Mineral_Soil,5.0,3.0,5.0,5.0,,,,,,,,,,,,,,,,1.6666666666666665
NERC_EIDC_2023_survival_height,real,teme_survival_v4_nerc,,Shorea roxburghii,shorea_roxburghii,Perak,Perak,36,32,4,0.8888888888888888,0.8888888888888888,3.58,0.7,,Tropical_Forest_Mineral_Soil,5.0,3.0,5.0,5.0,,,,,,,,,,,,,,,,1.6666666666666665
NERC_EIDC_2023_survival_height,real,teme_survival_v4_nerc,,Shorea roxburghii,shorea_roxburghii,Perak,Perak,36,34,2,0.9444444444444444,0.9444444444444444,3.58,0.7,,Tropical_Forest_Mineral_Soil,5.0,3.0,5.0,5.0,,,,,,,,,,,,,,,,2.5
NERC_EIDC_2023_survival_height,real,teme_survival_v4_nerc,,Shorea roxburghii,shorea_roxburghii,Perak,Perak,36,36,0,1.0,1.0,3.58,0.7,,Tropical_Forest_Mineral_Soil,5.0,3.0,5.0,5.0,,,,,,,,,,,,,,,,2.5
NERC_EIDC_2023_survival_height,real,teme_survival_v4_nerc,,Sindora coriacea,sindora_coriacea,Perak,Perak,36,16,20,0.4444444444444444,0.4444444444444444,3.58,0.55,,Tropical_Forest_Mineral_Soil,5.0,3.0,5.0,5.0,,,,,,,,,,,,,,,,1.6666666666666665
NERC_EIDC_2023_survival_height,real,teme_survival_v4_nerc,,Sindora coriacea,sindora_coriacea,Perak,Perak,36,28,8,0.7777777777777778,0.7777777777777778,3.58,0.55,,Tropical_Forest_Mineral_Soil,5.0,3.0,5.0,5.0,,,,,,,,,,,,,,,,1.6666666666666665
NERC_EIDC_2023_survival_height,real,teme_survival_v4_nerc,,Sindora coriacea,sindora_coriacea,Perak,Perak,36,24,12,0.6666666666666666,0.6666666666666666,3.58,0.55,,Tropical_Forest_Mineral_Soil,5.0,3.0,5.0,5.0,,,,,,,,,,,,,,,,2.5
NERC_EIDC_2023_survival_height,real,teme_survival_v4_nerc,,Sindora coriacea,sindora_coriacea,Perak,Perak,36,20,16,0.5555555555555556,0.5555555555555556,3.58,0.55,,Tropical_Forest_Mineral_Soil,5.0,3.0,5.0,5.0,,,,,,,,,,,,,,,,2.5
NERC_EIDC_2023_survival_height,real,teme_survival_v4_nerc,,Streblus elongatus,streblus_elongatus,Perak,Perak,36,4,32,0.1111111111111111,0.1111111111111111,3.58,0.825,,Tropical_Forest_Mineral_Soil,5.0,3.0,5.0,5.0,,,,,,,,,,,,,,,,1.6666666666666665
NERC_EIDC_2023_survival_height,real,teme_survival_v4_nerc,,Streblus elongatus,streblus_elongatus,Perak,Perak,36,14,22,0.3888888888888889,0.3888888888888889,3.58,0.825,,Tropical_Forest_Mineral_Soil,5.0,3.0,5.0,5.0,,,,,,,,,,,,,,,,1.6666666666666665
NERC_EIDC_2023_survival_height,real,teme_survival_v4_nerc,,Streblus elongatus,streblus_elongatus,Perak,Perak,36,14,22,0.3888888888888889,0.3888888888888889,3.58,0.825,,Tropical_Forest_Mineral_Soil,5.0,3.0,5.0,5.0,,,,,,,,,,,,,,,,2.5
NERC_EIDC_2023_survival_height,real,teme_survival_v4_nerc,,Streblus elongatus,streblus_elongatus,Perak,Perak,36,12,24,0.3333333333333333,0.3333333333333333,3.58,0.825,,Tropical_Forest_Mineral_Soil,5.0,3.0,5.0,5.0,,,,,,,,,,,,,,,,2.5
NERC_EIDC_2023_survival_height,real,teme_survival_v4_nerc,,Shorea balangeran,shorea_balangeran,Central Kalimantan,Central Kalimantan,5,4,1,0.8,0.8,3.33,0.69,6.0,Tropical_Peat_Swamp_Forest,2.0,3.0,5.0,5.0,,,,,,,,,,,,,,,,0.8333333333333333
NERC_EIDC_2023_survival_height,real,teme_survival_v4_nerc,,Shorea balangeran,shorea_balangeran,Central Kalimantan,Central Kalimantan,5,4,1,0.8,0.8,3.33,0.69,6.0,Tropical_Peat_Swamp_Forest,2.0,3.0,5.0,5.0,,,,,,,,,,,,,,,,1.6666666666666665
NERC_EIDC_2023_survival_height,real,teme_survival_v4_nerc,,Shorea balangeran,shorea_balangeran,Central Kalimantan,Central Kalimantan,5,4,1,0.8,0.8,3.33,0.69,6.0,Tropical_Peat_Swamp_Forest,2.0,3.0,5.0,5.0,,,,,,,,,,,,,,,,1.6666666666666665
NERC_EIDC_2023_survival_height,real,teme_survival_v4_nerc,,Shorea balangeran,shorea_balangeran,Central Kalimantan,Central Kalimantan,5,4,1,0.8,0.8,3.33,0.69,6.0,Tropical_Peat_Swamp_Forest,2.0,3.0,5.0,4.0,,,,,,,,,,,,,,,,1.6666666666666665
NERC_EIDC_2023_survival_height,real,teme_survival_v4_nerc,,Dipterocarpus conformis,dipterocarpus_conformis,Sabah,Sabah,74,15,59,0.20270270270270271,0.20270270270270271,10.25,0.765,,Tropical_Forest_Mineral_Soil,5.0,3.0,5.0,5.0,,,,,,,,,,,,,,,,0.8333333333333333
NERC_EIDC_2023_survival_height,real,teme_survival_v4_nerc,,Dipterocarpus conformis,dipterocarpus_conformis,Sabah,Sabah,555,83,472,0.14954954954954955,0.14954954954954955,10.25,0.765,,Tropical_Forest_Mineral_Soil,5.0,3.0,5.0,5.0,,,,,,,,,,,,,,,,0.8333333333333333
NERC_EIDC_2023_survival_height,real,teme_survival_v4_nerc,,Dipterocarpus conformis,dipterocarpus_conformis,Sabah,Sabah,1184,203,981,0.17145270270270271,0.17145270270270271,10.25,0.765,,Tropical_Forest_Mineral_Soil,5.0,3.0,5.0,5.0,,,,,,,,,,,,,,,,0.8333333333333333
NERC_EIDC_2023_survival_height,real,teme_survival_v4_nerc,,Dryobalanops lanceolata,dryobalanops_lanceolata,Sabah,Sabah,74,6,68,0.08108108108108109,0.08108108108108109,10.25,0.62,,Tropical_Forest_Mineral_Soil,5.0,3.0,5.0,5.0,,,,,,,,,,,,,,,,0.8333333333333333
NERC_EIDC_2023_survival_height,real,teme_survival_v4_nerc,,Dryobalanops lanceolata,dryobalanops_lanceolata,Sabah,Sabah,555,67,488,0.12072072072072072,0.12072072072072072,10.25,0.62,,Tropical_Forest_Mineral_Soil,5.0,3.0,5.0,5.0,,,,,,,,,,,,,,,,0.8333333333333333
NERC_EIDC_2023_survival_height,real,teme_survival_v4_nerc,,Dryobalanops lanceolata,dryobalanops_lanceolata,Sabah,Sabah,1184,184,1000,0.1554054054054054,0.1554054054054054,10.25,0.62,,Tropical_Forest_Mineral_Soil,5.0,3.0,5.0,5.0,,,,,,,,,,,,,,,,0.8333333333333333
NERC_EIDC_2023_survival_height,real,teme_survival_v4_nerc,,Hopea ferruginea,hopea_ferruginea,Sabah,Sabah,74,11,63,0.14864864864864866,0.14864864864864866,10.25,0.58,,Tropical_Forest_Mineral_Soil,5.0,3.0,5.0,5.0,,,,,,,,,,,,,,,,0.8333333333333333
NERC_EIDC_2023_survival_height,real,teme_survival_v4_nerc,,Hopea ferruginea,hopea_ferruginea,Sabah,Sabah,555,26,529,0.04684684684684685,0.04684684684684685,10.25,0.58,,Tropical_Forest_Mineral_Soil,5.0,3.0,5.0,5.0,,,,,,,,,,,,,,,,0.8333333333333333
NERC_EIDC_2023_survival_height,real,teme_survival_v4_nerc,,Hopea ferruginea,hopea_ferruginea,Sabah,Sabah,1184,85,1099,0.07179054054054054,0.07179054054054054,10.25,0.58,,Tropical_Forest_Mineral_Soil,5.0,3.0,5.0,5.0,,,,,,,,,,,,,,,,0.8333333333333333
NERC_EIDC_2023_survival_height,real,teme_survival_v4_nerc,,Hopea sangal,hopea_sangal,Sabah,Sabah,74,14,60,0.1891891891891892,0.1891891891891892,10.25,0.714693989,,Tropical_Forest_Mineral_Soil,5.0,3.0,5.0,5.0,,,,,,,,,,,,,,,,0.8333333333333333
NERC_EIDC_2023_survival_height,real,teme_survival_v4_nerc,,Hopea sangal,hopea_sangal,Sabah,Sabah,555,173,382,0.3117117117117117,0.3117117117117117,10.25,0.714693989,,Tropical_Forest_Mineral_Soil,5.0,3.0,5.0,5.0,,,,,,,,,,,,,,,,0.8333333333333333
NERC_EIDC_2023_survival_height,real,teme_survival_v4_nerc,,Hopea sangal,hopea_sangal,Sabah,Sabah,1184,303,881,0.25591216216216217,0.25591216216216217,10.25,0.714693989,,Tropical_Forest_Mineral_Soil,5.0,3.0,5.0,5.0,,,,,,,,,,,,,,,,0.8333333333333333
NERC_EIDC_2023_survival_height,real,teme_survival_v4_nerc,,Parashorea malaanonan,parashorea_malaanonan,Sabah,Sabah,74,11,63,0.14864864864864866,0.14864864864864866,10.25,0.415,,Tropical_Forest_Mineral_Soil,5.0,3.0,5.0,5.0,,,,,,,,,,,,,,,,0.8333333333333333
NERC_EIDC_2023_survival_height,real,teme_survival_v4_nerc,,Parashorea malaanonan,parashorea_malaanonan,Sabah,Sabah,259,42,217,0.16216216216216217,0.16216216216216217,10.25,0.415,,Tropical_Forest_Mineral_Soil,5.0,3.0,5.0,5.0,,,,,,,,,,,,,,,,0.8333333333333333
NERC_EIDC_2023_survival_height,real,teme_survival_v4_nerc,,Parashorea malaanonan,parashorea_malaanonan,Sabah,Sabah,1184,185,999,0.15625,0.15625,10.25,0.415,,Tropical_Forest_Mineral_Soil,5.0,3.0,5.0,5.0,,,,,,,,,,,,,,,,0.8333333333333333
NERC_EIDC_2023_survival_height,real,teme_survival_v4_nerc,,Parashorea tomentella,parashorea_tomentella,Sabah,Sabah,74,11,63,0.14864864864864866,0.14864864864864866,10.25,0.5535,,Tropical_Forest_Mineral_Soil,5.0,3.0,5.0,5.0,,,,,,,,,,,,,,,,0.8333333333333333
NERC_EIDC_2023_survival_height,real,teme_survival_v4_nerc,,Parashorea tomentella,parashorea_tomentella,Sabah,Sabah,296,50,246,0.16891891891891891,0.16891891891891891,10.25,0.5535,,Tropical_Forest_Mineral_Soil,5.0,3.0,5.0,5.0,,,,,,,,,,,,,,,,0.8333333333333333
NERC_EIDC_2023_survival_height,real,teme_survival_v4_nerc,,Parashorea tomentella,parashorea_tomentella,Sabah,Sabah,1184,224,960,0.1891891891891892,0.1891891891891892,10.25,0.5535,,Tropical_Forest_Mineral_Soil,5.0,3.0,5.0,5.0,,,,,,,,,,,,,,,,0.8333333333333333
NERC_EIDC_2023_survival_height,real,teme_survival_v4_nerc,,Shorea argentifolia,shorea_argentifolia,Sabah,Sabah,74,1,73,0.013513513513513514,0.013513513513513514,10.25,0.52,,Tropical_Forest_Mineral_Soil,5.0,3.0,5.0,5.0,,,,,,,,,,,,,,,,0.8333333333333333
NERC_EIDC_2023_survival_height,real,teme_survival_v4_nerc,,Shorea argentifolia,shorea_argentifolia,Sabah,Sabah,148,2,146,0.013513513513513514,0.013513513513513514,10.25,0.52,,Tropical_Forest_Mineral_Soil,5.0,3.0,5.0,5.0,,,,,,,,,,,,,,,,0.8333333333333333
NERC_EIDC_2023_survival_height,real,teme_survival_v4_nerc,,Shorea argentifolia,shorea_argentifolia,Sabah,Sabah,1184,26,1158,0.02195945945945946,0.02195945945945946,10.25,0.52,,Tropical_Forest_Mineral_Soil,5.0,3.0,5.0,5.0,,,,,,,,,,,,,,,,0.8333333333333333
NERC_EIDC_2023_survival_height,real,teme_survival_v4_nerc,,Shorea beccariana,shorea_beccariana,Sabah,Sabah,74,19,55,0.25675675675675674,0.25675675675675674,10.25,0.47,,Tropical_Forest_Mineral_Soil,5.0,3.0,5.0,5.0,,,,,,,,,,,,,,,,0.8333333333333333
NERC_EIDC_2023_survival_height,real,teme_survival_v4_nerc,,Shorea beccariana,shorea_beccariana,Sabah,Sabah,148,18,130,0.12162162162162163,0.12162162162162163,10.25,0.47,,Tropical_Forest_Mineral_Soil,5.0,3.0,5.0,5.0,,,,,,,,,,,,,,,,0.8333333333333333
NERC_EIDC_2023_survival_height,real,teme_survival_v4_nerc,,Shorea beccariana,shorea_beccariana,Sabah,Sabah,1184,159,1025,0.13429054054054054,0.13429054054054054,10.25,0.47,,Tropical_Forest_Mineral_Soil,5.0,3.0,5.0,5.0,,,,,,,,,,,,,,,,0.8333333333333333
NERC_EIDC_2023_survival_height,real,teme_survival_v4_nerc,,Shorea faguetiana,shorea_faguetiana,Sabah,Sabah,74,5,69,0.06756756756756757,0.06756756756756757,10.25,0.48,,Tropical_Forest_Mineral_Soil,5.0,3.0,5.0,5.0,,,,,,,,,,,,,,,,0.8333333333333333
NERC_EIDC_2023_survival_height,real,teme_survival_v4_nerc,,Shorea faguetiana,shorea_faguetiana,Sabah,Sabah,148,5,143,0.033783783783783786,0.033783783783783786,10.25,0.48,,Tropical_Forest_Mineral_Soil,5.0,3.0,5.0,5.0,,,,,,,,,,,,,,,,0.8333333333333333
NERC_EIDC_2023_survival_height,real,teme_survival_v4_nerc,,Shorea faguetiana,shorea_faguetiana,Sabah,Sabah,1184,45,1139,0.03800675675675676,0.03800675675675676,10.25,0.48,,Tropical_Forest_Mineral_Soil,5.0,3.0,5.0,5.0,,,,,,,,,,,,,,,,0.8333333333333333
NERC_EIDC_2023_survival_height,real,teme_survival_v4_nerc,,Shorea gibbosa,shorea_gibbosa,Sabah,Sabah,74,4,70,0.05405405405405406,0.05405405405405406,10.25,0.455,,Tropical_Forest_Mineral_Soil,5.0,3.0,5.0,5.0,,,,,,,,,,,,,,,,0.8333333333333333
NERC_EIDC_2023_survival_height,real,teme_survival_v4_nerc,,Shorea gibbosa,shorea_gibbosa,Sabah,Sabah,148,6,142,0.04054054054054054,0.04054054054054054,10.25,0.455,,Tropical_Forest_Mineral_Soil,5.0,3.0,5.0,5.0,,,,,,,,,,,,,,,,0.8333333333333333
NERC_EIDC_2023_survival_height,real,teme_survival_v4_nerc,,Shorea gibbosa,shorea_gibbosa,Sabah,Sabah,1184,76,1108,0.06418918918918919,0.06418918918918919,10.25,0.455,,Tropical_Forest_Mineral_Soil,5.0,3.0,5.0,5.0,,,,,,,,,,,,,,,,0.8333333333333333
NERC_EIDC_2023_survival_height,real,teme_survival_v4_nerc,,Shorea johorensis,shorea_johorensis,Sabah,Sabah,74,10,64,0.13513513513513514,0.13513513513513514,10.25,0.393333333,,Tropical_Forest_Mineral_Soil,5.0,3.0,5.0,5.0,,,,,,,,,,,,,,,,0.8333333333333333
NERC_EIDC_2023_survival_height,real,teme_survival_v4_nerc,,Shorea johorensis,shorea_johorensis,Sabah,Sabah,259,34,225,0.13127413127413126,0.13127413127413126,10.25,0.393333333,,Tropical_Forest_Mineral_Soil,5.0,3.0,5.0,5.0,,,,,,,,,,,,,,,,0.8333333333333333
NERC_EIDC_2023_survival_height,real,teme_survival_v4_nerc,,Shorea johorensis,shorea_johorensis,Sabah,Sabah,1184,182,1002,0.15371621621621623,0.15371621621621623,10.25,0.393333333,,Tropical_Forest_Mineral_Soil,5.0,3.0,5.0,5.0,,,,,,,,,,,,,,,,0.8333333333333333
NERC_EIDC_2023_survival_height,real,teme_survival_v4_nerc,,Shorea leprosula,shorea_leprosula,Sabah,Sabah,74,5,69,0.06756756756756757,0.06756756756756757,10.25,0.44,,Tropical_Forest_Mineral_Soil,5.0,3.0,5.0,5.0,,,,,,,,,,,,,,,,0.8333333333333333
NERC_EIDC_2023_survival_height,real,teme_survival_v4_nerc,,Shorea leprosula,shorea_leprosula,Sabah,Sabah,74,4,70,0.05405405405405406,0.05405405405405406,10.25,0.44,,Tropical_Forest_Mineral_Soil,5.0,3.0,5.0,5.0,,,,,,,,,,,,,,,,0.8333333333333333
NERC_EIDC_2023_survival_height,real,teme_survival_v4_nerc,,Shorea leprosula,shorea_leprosula,Sabah,Sabah,1184,69,1115,0.05827702702702703,0.05827702702702703,10.25,0.44,,Tropical_Forest_Mineral_Soil,5.0,3.0,5.0,5.0,,,,,,,,,,,,,,,,0.8333333333333333
NERC_EIDC_2023_survival_height,real,teme_survival_v4_nerc,,Shorea macrophylla,shorea_macrophylla,Sabah,Sabah,74,6,68,0.08108108108108109,0.08108108108108109,10.25,0.32,,Tropical_Forest_Mineral_Soil,5.0,3.0,5.0,5.0,,,,,,,,,,,,,,,,0.8333333333333333
NERC_EIDC_2023_survival_height,real,teme_survival_v4_nerc,,Shorea macrophylla,shorea_macrophylla,Sabah,Sabah,259,29,230,0.11196911196911197,0.11196911196911197,10.25,0.32,,Tropical_Forest_Mineral_Soil,5.0,3.0,5.0,5.0,,,,,,,,,,,,,,,,0.8333333333333333
NERC_EIDC_2023_survival_height,real,teme_survival_v4_nerc,,Shorea macrophylla,shorea_macrophylla,Sabah,Sabah,1184,70,1114,0.05912162162162162,0.05912162162162162,10.25,0.32,,Tropical_Forest_Mineral_Soil,5.0,3.0,5.0,5.0,,,,,,,,,,,,,,,,0.8333333333333333
NERC_EIDC_2023_survival_height,real,teme_survival_v4_nerc,,Shorea macroptera,shorea_macroptera,Sabah,Sabah,74,7,67,0.0945945945945946,0.0945945945945946,10.25,0.425,,Tropical_Forest_Mineral_Soil,5.0,3.0,5.0,5.0,,,,,,,,,,,,,,,,0.8333333333333333
NERC_EIDC_2023_survival_height,real,teme_survival_v4_nerc,,Shorea macroptera,shorea_macroptera,Sabah,Sabah,148,18,130,0.12162162162162163,0.12162162162162163,10.25,0.425,,Tropical_Forest_Mineral_Soil,5.0,3.0,5.0,5.0,,,,,,,,,,,,,,,,0.8333333333333333
NERC_EIDC_2023_survival_height,real,teme_survival_v4_nerc,,Shorea macroptera,shorea_macroptera,Sabah,Sabah,1184,114,1070,0.09628378378378379,0.09628378378378379,10.25,0.425,,Tropical_Forest_Mineral_Soil,5.0,3.0,5.0,5.0,,,,,,,,,,,,,,,,0.8333333333333333
NERC_EIDC_2023_survival_height,real,teme_survival_v4_nerc,,Shorea ovalis,shorea_ovalis,Sabah,Sabah,74,15,59,0.20270270270270271,0.20270270270270271,10.25,0.43,,Tropical_Forest_Mineral_Soil,5.0,3.0,5.0,5.0,,,,,,,,,,,,,,,,0.8333333333333333
NERC_EIDC_2023_survival_height,real,teme_survival_v4_nerc,,Shorea ovalis,shorea_ovalis,Sabah,Sabah,222,42,180,0.1891891891891892,0.1891891891891892,10.25,0.43,,Tropical_Forest_Mineral_Soil,5.0,3.0,5.0,5.0,,,,,,,,,,,,,,,,0.8333333333333333
NERC_EIDC_2023_survival_height,real,teme_survival_v4_nerc,,Shorea ovalis,shorea_ovalis,Sabah,Sabah,1184,214,970,0.18074324324324326,0.18074324324324326,10.25,0.43,,Tropical_Forest_Mineral_Soil,5.0,3.0,5.0,5.0,,,,,,,,,,,,,,,,0.8333333333333333
NERC_EIDC_2023_survival_height,real,teme_survival_v4_nerc,,Shorea parvifolia,shorea_parvifolia,Sabah,Sabah,74,3,71,0.04054054054054054,0.04054054054054054,10.25,0.405,,Tropical_Forest_Mineral_Soil,5.0,3.0,5.0,5.0,,,,,,,,,,,,,,,,0.8333333333333333
NERC_EIDC_2023_survival_height,real,teme_survival_v4_nerc,,Shorea parvifolia,shorea_parvifolia,Sabah,Sabah,111,5,106,0.04504504504504504,0.04504504504504504,10.25,0.405,,Tropical_Forest_Mineral_Soil,5.0,3.0,5.0,5.0,,,,,,,,,,,,,,,,0.8333333333333333
NERC_EIDC_2023_survival_height,real,teme_survival_v4_nerc,,Shorea parvifolia,shorea_parvifolia,Sabah,Sabah,1184,57,1127,0.04814189189189189,0.04814189189189189,10.25,0.405,,Tropical_Forest_Mineral_Soil,5.0,3.0,5.0,5.0,,,,,,,,,,,,,,,,0.8333333333333333
NERC_EIDC_2023_survival_height,real,teme_survival_v4_nerc,,Dipterocarpus caudiferus,dipterocarpus_caudiferus,Central Kalimantan,Central Kalimantan,120,45,75,0.375,0.375,12.5,0.654277244,12.0,Tropical_Forest_Mineral_Soil,5.0,3.0,5.0,5.0,,,,,,,,,,,,,,,,0.8333333333333333
NERC_EIDC_2023_survival_height,real,teme_survival_v4_nerc,,Dipterocarpus sp,dipterocarpus_sp,Central Kalimantan,Central Kalimantan,120,54,66,0.45,0.45,12.5,0.654277244,12.0,Tropical_Forest_Mineral_Soil,5.0,3.0,5.0,5.0,,,,,,,,,,,,,,,,0.8333333333333333
NERC_EIDC_2023_survival_height,real,teme_survival_v4_nerc,,Hopea mengarawan,hopea_mengarawan,Central Kalimantan,Central Kalimantan,120,39,81,0.325,0.325,12.5,0.56,12.0,Tropical_Forest_Mineral_Soil,5.0,3.0,5.0,5.0,,,,,,,,,,,,,,,,0.8333333333333333
NERC_EIDC_2023_survival_height,real,teme_survival_v4_nerc,,Shorea blumutensis,shorea_blumutensis,Central Kalimantan,Central Kalimantan,120,33,87,0.275,0.275,12.5,0.72,12.0,Tropical_Forest_Mineral_Soil,5.0,3.0,5.0,5.0,,,,,,,,,,,,,,,,0.8333333333333333
NERC_EIDC_2023_survival_height,real,teme_survival_v4_nerc,,Shorea dasyphylla,shorea_dasyphylla,Central Kalimantan,Central Kalimantan,120,66,54,0.55,0.55,12.5,0.435,12.0,Tropical_Forest_Mineral_Soil,5.0,3.0,5.0,5.0,,,,,,,,,,,,,,,,0.8333333333333333
NERC_EIDC_2023_survival_height,real,teme_survival_v4_nerc,,Shorea fallax,shorea_fallax,Central Kalimantan,Central Kalimantan,120,78,42,0.65,0.65,12.5,0.5,12.0,Tropical_Forest_Mineral_Soil,5.0,3.0,5.0,5.0,,,,,,,,,,,,,,,,0.8333333333333333
NERC_EIDC_2023_survival_height,real,teme_survival_v4_nerc,,Shorea guiso,shorea_guiso,Central Kalimantan,Central Kalimantan,120,63,57,0.525,0.525,12.5,0.705,12.0,Tropical_Forest_Mineral_Soil,5.0,3.0,5.0,5.0,,,,,,,,,,,,,,,,0.8333333333333333
NERC_EIDC_2023_survival_height,real,teme_survival_v4_nerc,,Shorea johorensis,shorea_johorensis,Central Kalimantan,Central Kalimantan,120,84,36,0.7,0.7,12.5,0.393333333,12.0,Tropical_Forest_Mineral_Soil,5.0,3.0,5.0,5.0,,,,,,,,,,,,,,,,0.8333333333333333
NERC_EIDC_2023_survival_height,real,teme_survival_v4_nerc,,Shorea laevis,shorea_laevis,Central Kalimantan,Central Kalimantan,120,69,51,0.575,0.575,12.5,0.686666667,12.0,Tropical_Forest_Mineral_Soil,5.0,3.0,5.0,5.0,,,,,,,,,,,,,,,,0.8333333333333333
NERC_EIDC_2023_survival_height,real,teme_survival_v4_nerc,,Shorea lamellata,shorea_lamellata,Central Kalimantan,Central Kalimantan,120,54,66,0.45,0.45,12.5,0.583333333,12.0,Tropical_Forest_Mineral_Soil,5.0,3.0,5.0,5.0,,,,,,,,,,,,,,,,0.8333333333333333
NERC_EIDC_2023_survival_height,real,teme_survival_v4_nerc,,Shorea leprosula,shorea_leprosula,Central Kalimantan,Central Kalimantan,120,102,18,0.85,0.85,12.5,0.44,12.0,Tropical_Forest_Mineral_Soil,5.0,3.0,5.0,5.0,,,,,,,,,,,,,,,,0.8333333333333333
NERC_EIDC_2023_survival_height,real,teme_survival_v4_nerc,,Shorea macrophylla,shorea_macrophylla,Central Kalimantan,Central Kalimantan,120,99,21,0.825,0.825,12.5,0.32,12.0,Tropical_Forest_Mineral_Soil,5.0,3.0,5.0,5.0,,,,,,,,,,,,,,,,0.8333333333333333
NERC_EIDC_2023_survival_height,real,teme_survival_v4_nerc,,Shorea macroptera,shorea_macroptera,Central Kalimantan,Central Kalimantan,120,42,78,0.35,0.35,12.5,0.425,12.0,Tropical_Forest_Mineral_Soil,5.0,3.0,5.0,5.0,,,,,,,,,,,,,,,,0.8333333333333333
NERC_EIDC_2023_survival_height,real,teme_survival_v4_nerc,,Shorea ovalis,shorea_ovalis,Central Kalimantan,Central Kalimantan,120,81,39,0.675,0.675,12.5,0.43,12.0,Tropical_Forest_Mineral_Soil,5.0,3.0,5.0,5.0,,,,,,,,,,,,,,,,0.8333333333333333
NERC_EIDC_2023_survival_height,real,teme_survival_v4_nerc,,Shorea parvifolia,shorea_parvifolia,Central Kalimantan,Central Kalimantan,120,78,42,0.65,0.65,12.5,0.405,12.0,Tropical_Forest_Mineral_Soil,5.0,3.0,5.0,5.0,,,,,,,,,,,,,,,,0.8333333333333333
NERC_EIDC_2023_survival_height,real,teme_survival_v4_nerc,,Shorea pinanga,shorea_pinanga,Central Kalimantan,Central Kalimantan,120,75,45,0.625,0.625,12.5,0.363333333,12.0,Tropical_Forest_Mineral_Soil,5.0,3.0,5.0,5.0,,,,,,,,,,,,,,,,0.8333333333333333
NERC_EIDC_2023_survival_height,real,teme_survival_v4_nerc,,Shorea platyclados,shorea_platyclados,Central Kalimantan,Central Kalimantan,120,45,75,0.375,0.375,12.5,0.556666667,12.0,Tropical_Forest_Mineral_Soil,5.0,3.0,5.0,5.0,,,,,,,,,,,,,,,,0.8333333333333333
NERC_EIDC_2023_survival_height,real,teme_survival_v4_nerc,,Shorea scaberrima,shorea_scaberrima,Central Kalimantan,Central Kalimantan,120,84,36,0.7,0.7,12.5,0.47,12.0,Tropical_Forest_Mineral_Soil,5.0,3.0,5.0,5.0,,,,,,,,,,,,,,,,0.8333333333333333
NERC_EIDC_2023_survival_height,real,teme_survival_v4_nerc,,Shorea seminis,shorea_seminis,Central Kalimantan,Central Kalimantan,120,69,51,0.575,0.575,12.5,0.72,12.0,Tropical_Forest_Mineral_Soil,5.0,3.0,5.0,5.0,,,,,,,,,,,,,,,,0.8333333333333333
NERC_EIDC_2023_survival_height,real,teme_survival_v4_nerc,,Shorea singkawang,shorea_singkawang,Central Kalimantan,Central Kalimantan,120,63,57,0.525,0.525,12.5,0.53,12.0,Tropical_Forest_Mineral_Soil,5.0,3.0,5.0,5.0,,,,,,,,,,,,,,,,0.8333333333333333
NERC_EIDC_2023_survival_height,real,teme_survival_v4_nerc,,Shorea smithiana,shorea_smithiana,Central Kalimantan,Central Kalimantan,120,45,75,0.375,0.375,12.5,0.355,12.0,Tropical_Forest_Mineral_Soil,5.0,3.0,5.0,5.0,,,,,,,,,,,,,,,,0.8333333333333333
NERC_EIDC_2023_survival_height,real,teme_survival_v4_nerc,,Shorea virescens,shorea_virescens,Central Kalimantan,Central Kalimantan,120,66,54,0.55,0.55,12.5,0.435,12.0,Tropical_Forest_Mineral_Soil,5.0,3.0,5.0,5.0,,,,,,,,,,,,,,,,0.8333333333333333
NERC_EIDC_2023_survival_height,real,teme_survival_v4_nerc,,Castanopsis sclerophylla,castanopsis_sclerophylla,Guangdong,Guangdong,90,73,17,0.8111111111111111,0.8111111111111111,1.67,0.459,6.0,Tropical_Forest_Mineral_Soil,5.0,1.0,5.0,5.0,,,,,,,,,,,,,,,,1.6666666666666665
NERC_EIDC_2023_survival_height,real,teme_survival_v4_nerc,,Castanopsis sclerophylla,castanopsis_sclerophylla,Guangdong,Guangdong,90,66,24,0.7333333333333333,0.7333333333333333,1.67,0.459,6.0,Tropical_Forest_Mineral_Soil,5.0,1.0,5.0,5.0,,,,,,,,,,,,,,,,1.6666666666666665
NERC_EIDC_2023_survival_height,real,teme_survival_v4_nerc,,Castanopsis sclerophylla,castanopsis_sclerophylla,Guangdong,Guangdong,90,53,37,0.5888888888888889,0.5888888888888889,1.67,0.459,6.0,Tropical_Forest_Mineral_Soil,5.0,1.0,5.0,5.0,,,,,,,,,,,,,,,,0.8333333333333333
NERC_EIDC_2023_survival_height,real,teme_survival_v4_nerc,,Castanopsis sclerophylla,castanopsis_sclerophylla,Guangdong,Guangdong,90,46,44,0.5111111111111111,0.5111111111111111,1.67,0.459,6.0,Tropical_Forest_Mineral_Soil,5.0,1.0,5.0,5.0,,,,,,,,,,,,,,,,1.6666666666666665
NERC_EIDC_2023_survival_height,real,teme_survival_v4_nerc,,Castanopsis sclerophylla,castanopsis_sclerophylla,Guangdong,Guangdong,90,59,31,0.6555555555555556,0.6555555555555556,1.67,0.459,6.0,Tropical_Forest_Mineral_Soil,5.0,1.0,5.0,5.0,,,,,,,,,,,,,,,,0.8333333333333333
NERC_EIDC_2023_survival_height,real,teme_survival_v4_nerc,,Castanopsis sclerophylla,castanopsis_sclerophylla,Guangdong,Guangdong,90,44,46,0.4888888888888889,0.4888888888888889,1.67,0.459,6.0,Tropical_Forest_Mineral_Soil,5.0,1.0,5.0,5.0,,,,,,,,,,,,,,,,0.8333333333333333
NERC_EIDC_2023_survival_height,real,teme_survival_v4_nerc,,Castanopsis sclerophylla,castanopsis_sclerophylla,Guangdong,Guangdong,90,74,16,0.8222222222222222,0.8222222222222222,1.67,0.459,6.0,Tropical_Forest_Mineral_Soil,5.0,1.0,5.0,5.0,,,,,,,,,,,,,,,,1.6666666666666665
NERC_EIDC_2023_survival_height,real,teme_survival_v4_nerc,,Castanopsis sclerophylla,castanopsis_sclerophylla,Guangdong,Guangdong,90,44,46,0.4888888888888889,0.4888888888888889,1.67,0.459,6.0,Tropical_Forest_Mineral_Soil,5.0,1.0,5.0,5.0,,,,,,,,,,,,,,,,0.8333333333333333
NERC_EIDC_2023_survival_height,real,teme_survival_v4_nerc,,Castanopsis sclerophylla,castanopsis_sclerophylla,Guangdong,Guangdong,90,70,20,0.7777777777777778,0.7777777777777778,1.67,0.459,6.0,Tropical_Forest_Mineral_Soil,5.0,1.0,5.0,5.0,,,,,,,,,,,,,,,,1.6666666666666665
NERC_EIDC_2023_survival_height,real,teme_survival_v4_nerc,,Castanopsis sclerophylla,castanopsis_sclerophylla,Guangdong,Guangdong,90,54,36,0.6,0.6,1.67,0.459,6.0,Tropical_Forest_Mineral_Soil,5.0,1.0,5.0,5.0,,,,,,,,,,,,,,,,0.8333333333333333
NERC_EIDC_2023_survival_height,real,teme_survival_v4_nerc,,Michelia chapensis,michelia_chapensis,Guangdong,Guangdong,90,42,48,0.4666666666666667,0.4666666666666667,1.67,0.488018519,6.0,Tropical_Forest_Mineral_Soil,5.0,1.0,5.0,5.0,,,,,,,,,,,,,,,,0.8333333333333333
NERC_EIDC_2023_survival_height,real,teme_survival_v4_nerc,,Michelia chapensis,michelia_chapensis,Guangdong,Guangdong,90,59,31,0.6555555555555556,0.6555555555555556,1.67,0.488018519,6.0,Tropical_Forest_Mineral_Soil,5.0,1.0,5.0,5.0,,,,,,,,,,,,,,,,1.6666666666666665
NERC_EIDC_2023_survival_height,real,teme_survival_v4_nerc,,Michelia chapensis,michelia_chapensis,Guangdong,Guangdong,90,43,47,0.4777777777777778,0.4777777777777778,1.67,0.488018519,6.0,Tropical_Forest_Mineral_Soil,5.0,1.0,5.0,5.0,,,,,,,,,,,,,,,,0.8333333333333333
NERC_EIDC_2023_survival_height,real,teme_survival_v4_nerc,,Michelia chapensis,michelia_chapensis,Guangdong,Guangdong,90,15,75,0.16666666666666666,0.16666666666666666,1.67,0.488018519,6.0,Tropical_Forest_Mineral_Soil,5.0,1.0,5.0,5.0,,,,,,,,,,,,,,,,1.6666666666666665
NERC_EIDC_2023_survival_height,real,teme_survival_v4_nerc,,Michelia chapensis,michelia_chapensis,Guangdong,Guangdong,90,4,86,0.044444444444444446,0.044444444444444446,1.67,0.488018519,6.0,Tropical_Forest_Mineral_Soil,5.0,1.0,5.0,5.0,,,,,,,,,,,,,,,,0.8333333333333333
NERC_EIDC_2023_survival_height,real,teme_survival_v4_nerc,,Michelia chapensis,michelia_chapensis,Guangdong,Guangdong,90,55,35,0.6111111111111112,0.6111111111111112,1.67,0.488018519,6.0,Tropical_Forest_Mineral_Soil,5.0,1.0,5.0,5.0,,,,,,,,,,,,,,,,1.6666666666666665
NERC_EIDC_2023_survival_height,real,teme_survival_v4_nerc,,Michelia chapensis,michelia_chapensis,Guangdong,Guangdong,90,43,47,0.4777777777777778,0.4777777777777778,1.67,0.488018519,6.0,Tropical_Forest_Mineral_Soil,5.0,1.0,5.0,5.0,,,,,,,,,,,,,,,,0.8333333333333333
NERC_EIDC_2023_survival_height,real,teme_survival_v4_nerc,,Michelia chapensis,michelia_chapensis,Guangdong,Guangdong,90,27,63,0.3,0.3,1.67,0.488018519,6.0,Tropical_Forest_Mineral_Soil,5.0,1.0,5.0,5.0,,,,,,,,,,,,,,,,1.6666666666666665
NERC_EIDC_2023_survival_height,real,teme_survival_v4_nerc,,Michelia chapensis,michelia_chapensis,Guangdong,Guangdong,90,21,69,0.23333333333333334,0.23333333333333334,1.67,0.488018519,6.0,Tropical_Forest_Mineral_Soil,5.0,1.0,5.0,5.0,,,,,,,,,,,,,,,,0.8333333333333333
NERC_EIDC_2023_survival_height,real,teme_survival_v4_nerc,,Michelia chapensis,michelia_chapensis,Guangdong,Guangdong,90,27,63,0.3,0.3,1.67,0.488018519,6.0,Tropical_Forest_Mineral_Soil,5.0,1.0,5.0,5.0,,,,,,,,,,,,,,,,1.6666666666666665
NERC_EIDC_2023_survival_height,real,teme_survival_v4_nerc,,Psychotria asiatica,psychotria_asiatica,Guangdong,Guangdong,90,27,63,0.3,0.3,1.67,0.5636,6.0,Tropical_Forest_Mineral_Soil,5.0,1.0,5.0,5.0,,,,,,,,,,,,,,,,1.6666666666666665
NERC_EIDC_2023_survival_height,real,teme_survival_v4_nerc,,Psychotria asiatica,psychotria_asiatica,Guangdong,Guangdong,90,44,46,0.4888888888888889,0.4888888888888889,1.67,0.5636,6.0,Tropical_Forest_Mineral_Soil,5.0,1.0,5.0,5.0,,,,,,,,,,,,,,,,0.8333333333333333
NERC_EIDC_2023_survival_height,real,teme_survival_v4_nerc,,Psychotria asiatica,psychotria_asiatica,Guangdong,Guangdong,90,83,7,0.9222222222222223,0.9222222222222223,1.67,0.5636,6.0,Tropical_Forest_Mineral_Soil,5.0,1.0,5.0,5.0,,,,,,,,,,,,,,,,1.6666666666666665
NERC_EIDC_2023_survival_height,real,teme_survival_v4_nerc,,Psychotria asiatica,psychotria_asiatica,Guangdong,Guangdong,90,67,23,0.7444444444444445,0.7444444444444445,1.67,0.5636,6.0,Tropical_Forest_Mineral_Soil,5.0,1.0,5.0,5.0,,,,,,,,,,,,,,,,0.8333333333333333
NERC_EIDC_2023_survival_height,real,teme_survival_v4_nerc,,Psychotria asiatica,psychotria_asiatica,Guangdong,Guangdong,90,61,29,0.6777777777777778,0.6777777777777778,1.67,0.5636,6.0,Tropical_Forest_Mineral_Soil,5.0,1.0,5.0,5.0,,,,,,,,,,,,,,,,1.6666666666666665
NERC_EIDC_2023_survival_height,real,teme_survival_v4_nerc,,Psychotria asiatica,psychotria_asiatica,Guangdong,Guangdong,90,59,31,0.6555555555555556,0.6555555555555556,1.67,0.5636,6.0,Tropical_Forest_Mineral_Soil,5.0,1.0,5.0,5.0,,,,,,,,,,,,,,,,0.8333333333333333
NERC_EIDC_2023_survival_height,real,teme_survival_v4_nerc,,Psychotria asiatica,psychotria_asiatica,Guangdong,Guangdong,90,70,20,0.7777777777777778,0.7777777777777778,1.67,0.5636,6.0,Tropical_Forest_Mineral_Soil,5.0,1.0,5.0,5.0,,,,,,,,,,,,,,,,1.6666666666666665
NERC_EIDC_2023_survival_height,real,teme_survival_v4_nerc,,Psychotria asiatica,psychotria_asiatica,Guangdong,Guangdong,90,58,32,0.6444444444444445,0.6444444444444445,1.67,0.5636,6.0,Tropical_Forest_Mineral_Soil,5.0,1.0,5.0,5.0,,,,,,,,,,,,,,,,0.8333333333333333
NERC_EIDC_2023_survival_height,real,teme_survival_v4_nerc,,Psychotria asiatica,psychotria_asiatica,Guangdong,Guangdong,90,83,7,0.9222222222222223,0.9222222222222223,1.67,0.5636,6.0,Tropical_Forest_Mineral_Soil,5.0,1.0,5.0,5.0,,,,,,,,,,,,,,,,1.6666666666666665
NERC_EIDC_2023_survival_height,real,teme_survival_v4_nerc,,Psychotria asiatica,psychotria_asiatica,Guangdong,Guangdong,90,75,15,0.8333333333333334,0.8333333333333334,1.67,0.5636,6.0,Tropical_Forest_Mineral_Soil,5.0,1.0,5.0,5.0,,,,,,,,,,,,,,,,0.8333333333333333
NERC_EIDC_2023_survival_height,real,teme_survival_v4_nerc,,Cinnamomum burmannii,cinnamomum_burmannii,Guandong,Guandong,64,64,0,1.0,1.0,1.0,0.49,12.0,Tropical_Forest_Mineral_Soil,5.0,1.0,5.0,4.0,,,,,,,,,,,,,,,,1.6666666666666665
NERC_EIDC_2023_survival_height,real,teme_survival_v4_nerc,,Cinnamomum burmannii,cinnamomum_burmannii,Guandong,Guandong,64,64,0,1.0,1.0,1.0,0.49,12.0,Tropical_Forest_Mineral_Soil,5.0,1.0,5.0,5.0,,,,,,,,,,,,,,,,1.6666666666666665
NERC_EIDC_2023_survival_height,real,teme_survival_v4_nerc,,Cinnamomum burmannii,cinnamomum_burmannii,Guandong,Guandong,64,64,0,1.0,1.0,1.0,0.49,12.0,Tropical_Forest_Mineral_Soil,5.0,1.0,5.0,4.0,,,,,,,,,,,,,,,,0.8333333333333333
NERC_EIDC_2023_survival_height,real,teme_survival_v4_nerc,,Cinnamomum burmannii,cinnamomum_burmannii,Guangdong,Guangdong,32,32,0,1.0,1.0,1.0,0.49,,Tropical_Forest_Mineral_Soil,5.0,3.0,5.0,5.0,,,,,,,,,,,,,,,,2.5
NERC_EIDC_2023_survival_height,real,teme_survival_v4_nerc,,Cinnamomum burmannii,cinnamomum_burmannii,Guangdong,Guangdong,32,32,0,1.0,1.0,1.0,0.49,,Tropical_Forest_Mineral_Soil,5.0,3.0,5.0,5.0,,,,,,,,,,,,,,,,1.6666666666666665
NERC_EIDC_2023_survival_height,real,teme_survival_v4_nerc,,Cinnamomum burmannii,cinnamomum_burmannii,Guangdong,Guangdong,32,32,0,1.0,1.0,1.0,0.49,,Tropical_Forest_Mineral_Soil,5.0,3.0,5.0,5.0,,,,,,,,,,,,,,,,1.6666666666666665
NERC_EIDC_2023_survival_height,real,teme_survival_v4_nerc,,Cinnamomum burmannii,cinnamomum_burmannii,Guangdong,Guangdong,32,32,0,1.0,1.0,1.0,0.49,,Tropical_Forest_Mineral_Soil,5.0,3.0,5.0,5.0,,,,,,,,,,,,,,,,0.8333333333333333
NERC_EIDC_2023_survival_height,real,teme_survival_v4_nerc,,Dipterocarpus gracilis,dipterocarpus_gracilis,Phangnaga,Phangnaga,30,0,30,0.0,0.0,3.0,0.603333333,18.0,Tropical_Forest_Mineral_Soil,5.0,3.0,5.0,5.0,,,,,,,,,,,,,,,,0.8333333333333333
NERC_EIDC_2023_survival_height,real,teme_survival_v4_nerc,,Dipterocarpus gracilis,dipterocarpus_gracilis,Phangnaga,Phangnaga,30,11,19,0.36666666666666664,0.36666666666666664,3.0,0.603333333,18.0,Tropical_Forest_Mineral_Soil,5.0,3.0,5.0,6.0,,,,,,,,,,,,,,,,0.8333333333333333
NERC_EIDC_2023_survival_height,real,teme_survival_v4_nerc,,Dipterocarpus scaber,dipterocarpus_scaber,Phangnaga,Phangnaga,30,10,20,0.3333333333333333,0.3333333333333333,3.0,0.654277244,18.0,Tropical_Forest_Mineral_Soil,5.0,3.0,5.0,9.0,,,,,,,,,,,,,,,,0.8333333333333333
NERC_EIDC_2023_survival_height,real,teme_survival_v4_nerc,,Dipterocarpus scaber,dipterocarpus_scaber,Phangnaga,Phangnaga,30,29,1,0.9666666666666667,0.9666666666666667,3.0,0.654277244,18.0,Tropical_Forest_Mineral_Soil,5.0,3.0,5.0,7.0,,,,,,,,,,,,,,,,0.8333333333333333
NERC_EIDC_2023_survival_height,real,teme_survival_v4_nerc,,Hopea odorata,hopea_odorata,Phangnaga,Phangnaga,30,13,17,0.43333333333333335,0.43333333333333335,3.0,0.635,18.0,Tropical_Forest_Mineral_Soil,5.0,3.0,5.0,6.0,,,,,,,,,,,,,,,,0.8333333333333333
NERC_EIDC_2023_survival_height,real,teme_survival_v4_nerc,,Hopea odorata,hopea_odorata,Phangnaga,Phangnaga,30,30,0,1.0,1.0,3.0,0.635,18.0,Tropical_Forest_Mineral_Soil,5.0,3.0,5.0,8.0,,,,,,,,,,,,,,,,0.8333333333333333
NERC_EIDC_2023_survival_height,real,teme_survival_v4_nerc,,Parashorea stellata,parashorea_stellata,Phangnaga,Phangnaga,30,22,8,0.7333333333333333,0.7333333333333333,3.0,0.63,18.0,Tropical_Forest_Mineral_Soil,5.0,3.0,5.0,6.0,,,,,,,,,,,,,,,,0.8333333333333333
NERC_EIDC_2023_survival_height,real,teme_survival_v4_nerc,,Parashorea stellata,parashorea_stellata,Phangnaga,Phangnaga,30,0,30,0.0,0.0,3.0,0.63,18.0,Tropical_Forest_Mineral_Soil,5.0,3.0,5.0,5.0,,,,,,,,,,,,,,,,0.8333333333333333
NERC_EIDC_2023_survival_height,real,teme_survival_v4_nerc,,Shorea gratissima,shorea_gratissima,Phangnaga,Phangnaga,30,30,0,1.0,1.0,3.0,0.64,18.0,Tropical_Forest_Mineral_Soil,5.0,3.0,5.0,6.0,,,,,,,,,,,,,,,,0.8333333333333333
NERC_EIDC_2023_survival_height,real,teme_survival_v4_nerc,,Shorea gratissima,shorea_gratissima,Phangnaga,Phangnaga,30,0,30,0.0,0.0,3.0,0.64,18.0,Tropical_Forest_Mineral_Soil,5.0,3.0,5.0,5.0,,,,,,,,,,,,,,,,0.8333333333333333
NERC_EIDC_2023_survival_height,real,teme_survival_v4_nerc,,Shorea roxburghii,shorea_roxburghii,Phangnaga,Phangnaga,30,29,1,0.9666666666666667,0.9666666666666667,3.0,0.7,18.0,Tropical_Forest_Mineral_Soil,5.0,3.0,5.0,9.0,,,,,,,,,,,,,,,,0.8333333333333333
NERC_EIDC_2023_survival_height,real,teme_survival_v4_nerc,,Shorea roxburghii,shorea_roxburghii,Phangnaga,Phangnaga,30,18,12,0.6,0.6,3.0,0.7,18.0,Tropical_Forest_Mineral_Soil,5.0,3.0,5.0,9.0,,,,,,,,,,,,,,,,0.8333333333333333
NERC_EIDC_2023_survival_height,real,teme_survival_v4_nerc,,Acrocarpus fraxinifolius,acrocarpus_fraxinifolius,Chiang Mai,Chiang Mai,75,11,64,0.14666666666666667,0.14666666666666667,1.92,0.5915,,Tropical_Forest_Mineral_Soil,5.0,1.0,5.0,2.0,,,,,,,,,,,,,,,,2.5
NERC_EIDC_2023_survival_height,real,teme_survival_v4_nerc,,Afzelia xylocarpa,afzelia_xylocarpa,Chiang Mai,Chiang Mai,75,3,72,0.04,0.04,1.92,0.669883983,,Tropical_Forest_Mineral_Soil,5.0,1.0,5.0,2.0,,,,,,,,,,,,,,,,2.5
NERC_EIDC_2023_survival_height,real,teme_survival_v4_nerc,,Alseodaphne andersonii,alseodaphne_andersonii,Chiang Mai,Chiang Mai,75,9,66,0.12,0.12,1.92,0.5631,,Tropical_Forest_Mineral_Soil,5.0,1.0,5.0,1.0,,,,,,,,,,,,,,,,2.5
NERC_EIDC_2023_survival_height,real,teme_survival_v4_nerc,,Castanopsis acuminatissima,castanopsis_acuminatissima,Chiang Mai,Chiang Mai,75,15,60,0.2,0.2,1.92,0.5835,,Tropical_Forest_Mineral_Soil,5.0,1.0,5.0,1.0,,,,,,,,,,,,,,,,2.5
NERC_EIDC_2023_survival_height,real,teme_survival_v4_nerc,,Castanopsis diversifolia,castanopsis_diversifolia,Chiang Mai,Chiang Mai,75,6,69,0.08,0.08,1.92,0.567974786,,Tropical_Forest_Mineral_Soil,5.0,1.0,5.0,1.0,,,,,,,,,,,,,,,,2.5
NERC_EIDC_2023_survival_height,real,teme_survival_v4_nerc,,Castanopsis tribuloides,castanopsis_tribuloides,Chiang Mai,Chiang Mai,75,38,37,0.5066666666666667,0.5066666666666667,0.75,0.595,,Tropical_Forest_Mineral_Soil,5.0,1.0,5.0,5.0,,,,,,,,,,,,,,,,2.5
NERC_EIDC_2023_survival_height,real,teme_survival_v4_nerc,,Castanopsis tribuloides,castanopsis_tribuloides,Chiang Mai,Chiang Mai,75,10,65,0.13333333333333333,0.13333333333333333,1.92,0.595,,Tropical_Forest_Mineral_Soil,5.0,1.0,5.0,1.0,,,,,,,,,,,,,,,,2.5
NERC_EIDC_2023_survival_height,real,teme_survival_v4_nerc,,Dalbergia ovata,dalbergia_ovata,Chiang Mai,Chiang Mai,75,24,51,0.32,0.32,1.92,0.675,,Tropical_Forest_Mineral_Soil,5.0,1.0,5.0,1.0,,,,,,,,,,,,,,,,2.5
NERC_EIDC_2023_survival_height,real,teme_survival_v4_nerc,,Debregeasia longifolia,debregeasia_longifolia,Chiang Mai,Chiang Mai,75,36,39,0.48,0.48,1.92,0.329392847,,Tropical_Forest_Mineral_Soil,5.0,1.0,5.0,3.0,,,,,,,,,,,,,,,,2.5
NERC_EIDC_2023_survival_height,real,teme_survival_v4_nerc,,Erythrina subumbrans,erythrina_subumbrans,Chiang Mai,Chiang Mai,75,6,69,0.08,0.08,1.92,0.23,,Tropical_Forest_Mineral_Soil,5.0,1.0,5.0,3.0,,,,,,,,,,,,,,,,2.5
NERC_EIDC_2023_survival_height,real,teme_survival_v4_nerc,,Ficus fistulosa,ficus_fistulosa,Chiang Mai,Chiang Mai,75,51,24,0.68,0.68,1.92,0.38,,Tropical_Forest_Mineral_Soil,5.0,1.0,5.0,2.0,,,,,,,,,,,,,,,,2.5
NERC_EIDC_2023_survival_height,real,teme_survival_v4_nerc,,Ficus fistulosa,ficus_fistulosa,Chiang Mai,Chiang Mai,75,34,41,0.4533333333333333,0.4533333333333333,0.75,0.38,,Tropical_Forest_Mineral_Soil,5.0,1.0,5.0,5.0,,,,,,,,,,,,,,,,2.5
NERC_EIDC_2023_survival_height,real,teme_survival_v4_nerc,,Ficus subulata,ficus_subulata,Chiang Mai,Chiang Mai,75,34,41,0.4533333333333333,0.4533333333333333,1.92,0.405534662,,Tropical_Forest_Mineral_Soil,5.0,1.0,5.0,2.0,,,,,,,,,,,,,,,,2.5
NERC_EIDC_2023_survival_height,real,teme_survival_v4_nerc,,Helicia nilagirica,helicia_nilagirica,Chiang Mai,Chiang Mai,75,12,63,0.16,0.16,1.92,0.641,,Tropical_Forest_Mineral_Soil,5.0,1.0,5.0,1.0,,,,,,,,,,,,,,,,2.5
NERC_EIDC_2023_survival_height,real,teme_survival_v4_nerc,,Hovenia dulcis,hovenia_dulcis,Chiang Mai,Chiang Mai,75,34,41,0.4533333333333333,0.4533333333333333,1.92,0.543,,Tropical_Forest_Mineral_Soil,5.0,1.0,5.0,3.0,,,,,,,,,,,,,,,,2.5
NERC_EIDC_2023_survival_height,real,teme_survival_v4_nerc,,Hovenia dulcis,hovenia_dulcis,Chiang Mai,Chiang Mai,75,52,23,0.6933333333333334,0.6933333333333334,0.75,0.543,,Tropical_Forest_Mineral_Soil,5.0,1.0,5.0,5.0,,,,,,,,,,,,,,,,2.5
NERC_EIDC_2023_survival_height,real,teme_survival_v4_nerc,,Ostodes paniculata,ostodes_paniculata,Chiang Mai,Chiang Mai,75,14,61,0.18666666666666668,0.18666666666666668,1.92,0.339,,Tropical_Forest_Mineral_Soil,5.0,1.0,5.0,2.0,,,,,,,,,,,,,,,,2.5
NERC_EIDC_2023_survival_height,real,teme_survival_v4_nerc,,Ostodes paniculata,ostodes_paniculata,Chiang Mai,Chiang Mai,75,31,44,0.41333333333333333,0.41333333333333333,0.75,0.339,,Tropical_Forest_Mineral_Soil,5.0,1.0,5.0,5.0,,,,,,,,,,,,,,,,2.5
NERC_EIDC_2023_survival_height,real,teme_survival_v4_nerc,,Phyllanthus emblica,phyllanthus_emblica,Chiang Mai,Chiang Mai,75,31,44,0.41333333333333333,0.41333333333333333,1.92,0.636,,Tropical_Forest_Mineral_Soil,5.0,1.0,5.0,2.0,,,,,,,,,,,,,,,,2.5
NERC_EIDC_2023_survival_height,real,teme_survival_v4_nerc,,Prunus campanulata,prunus_campanulata,Chiang Mai,Chiang Mai,75,11,64,0.14666666666666667,0.14666666666666667,1.92,0.585666667,,Tropical_Forest_Mineral_Soil,5.0,1.0,5.0,2.0,,,,,,,,,,,,,,,,2.5
NERC_EIDC_2023_survival_height,real,teme_survival_v4_nerc,,Quercus gomeziana,quercus_gomeziana,Chiang Mai,Chiang Mai,75,8,67,0.10666666666666667,0.10666666666666667,1.92,0.700799975,,Tropical_Forest_Mineral_Soil,5.0,1.0,5.0,2.0,,,,,,,,,,,,,,,,2.5
NERC_EIDC_2023_survival_height,real,teme_survival_v4_nerc,,Quercus gomeziana,quercus_gomeziana,Chiang Mai,Chiang Mai,75,23,52,0.30666666666666664,0.30666666666666664,0.75,0.700799975,,Tropical_Forest_Mineral_Soil,5.0,1.0,5.0,5.0,,,,,,,,,,,,,,,,2.5
NERC_EIDC_2023_survival_height,real,teme_survival_v4_nerc,,Schima wallichii,schima_wallichii,Chiang Mai,Chiang Mai,75,29,46,0.38666666666666666,0.38666666666666666,1.92,0.55775,,Tropical_Forest_Mineral_Soil,5.0,1.0,5.0,2.0,,,,,,,,,,,,,,,,2.5
NERC_EIDC_2023_survival_height,real,teme_survival_v4_nerc,,Terminalia bellirica,terminalia_bellirica,Chiang Mai,Chiang Mai,75,16,59,0.21333333333333335,0.21333333333333335,1.92,0.630496778,,Tropical_Forest_Mineral_Soil,5.0,1.0,5.0,1.0,,,,,,,,,,,,,,,,2.5
NERC_EIDC_2023_survival_height,real,teme_survival_v4_nerc,,Tetradium glabrifolium,tetradium_glabrifolium,Chiang Mai,Chiang Mai,75,11,64,0.14666666666666667,0.14666666666666667,1.92,0.232,,Tropical_Forest_Mineral_Soil,5.0,1.0,5.0,5.0,,,,,,,,,,,,,,,,2.5
NERC_EIDC_2023_survival_height,real,teme_survival_v4_nerc,,Dryobalanops lanceolata,dryobalanops_lanceolata,Sabah,Sabah,40,32,8,0.8,0.8,1.5,0.62,12.0,Tropical_Forest_Mineral_Soil,5.0,3.0,5.0,2.0,,,,,,,,,,,,,,,,0.8333333333333333
NERC_EIDC_2023_survival_height,real,teme_survival_v4_nerc,,Dryobalanops lanceolata,dryobalanops_lanceolata,Sabah,Sabah,40,28,12,0.7,0.7,1.5,0.62,12.0,Tropical_Forest_Mineral_Soil,5.0,3.0,5.0,2.0,,,,,,,,,,,,,,,,0.8333333333333333
NERC_EIDC_2023_survival_height,real,teme_survival_v4_nerc,,Dryobalanops lanceolata,dryobalanops_lanceolata,Sabah,Sabah,40,28,12,0.7,0.7,1.5,0.62,12.0,Tropical_Forest_Mineral_Soil,5.0,3.0,5.0,3.0,,,,,,,,,,,,,,,,0.8333333333333333
NERC_EIDC_2023_survival_height,real,teme_survival_v4_nerc,,Dryobalanops lanceolata,dryobalanops_lanceolata,Sabah,Sabah,40,28,12,0.7,0.7,1.5,0.62,12.0,Tropical_Forest_Mineral_Soil,5.0,3.0,5.0,2.0,,,,,,,,,,,,,,,,0.8333333333333333
NERC_EIDC_2023_survival_height,real,teme_survival_v4_nerc,,Dryobalanops lanceolata,dryobalanops_lanceolata,Sabah,Sabah,40,28,12,0.7,0.7,1.5,0.62,12.0,Tropical_Forest_Mineral_Soil,5.0,3.0,5.0,3.0,,,,,,,,,,,,,,,,0.8333333333333333
NERC_EIDC_2023_survival_height,real,teme_survival_v4_nerc,,Dryobalanops lanceolata,dryobalanops_lanceolata,Sabah,Sabah,40,30,10,0.75,0.75,1.5,0.62,12.0,Tropical_Forest_Mineral_Soil,5.0,3.0,5.0,3.0,,,,,,,,,,,,,,,,0.8333333333333333
NERC_EIDC_2023_survival_height,real,teme_survival_v4_nerc,,Dryobalanops lanceolata,dryobalanops_lanceolata,Sabah,Sabah,40,28,12,0.7,0.7,1.5,0.62,12.0,Tropical_Forest_Mineral_Soil,5.0,3.0,5.0,1.0,,,,,,,,,,,,,,,,0.8333333333333333
NERC_EIDC_2023_survival_height,real,teme_survival_v4_nerc,,Dryobalanops lanceolata,dryobalanops_lanceolata,Sabah,Sabah,40,27,13,0.675,0.675,1.5,0.62,12.0,Tropical_Forest_Mineral_Soil,5.0,3.0,5.0,2.0,,,,,,,,,,,,,,,,0.8333333333333333
NERC_EIDC_2023_survival_height,real,teme_survival_v4_nerc,,Dryobalanops lanceolata,dryobalanops_lanceolata,Sabah,Sabah,40,31,9,0.775,0.775,1.5,0.62,12.0,Tropical_Forest_Mineral_Soil,5.0,3.0,5.0,1.0,,,,,,,,,,,,,,,,0.8333333333333333
NERC_EIDC_2023_survival_height,real,teme_survival_v4_nerc,,Dryobalanops lanceolata,dryobalanops_lanceolata,Sabah,Sabah,40,26,14,0.65,0.65,1.5,0.62,12.0,Tropical_Forest_Mineral_Soil,5.0,3.0,5.0,2.0,,,,,,,,,,,,,,,,0.8333333333333333
NERC_EIDC_2023_survival_height,real,teme_survival_v4_nerc,,Dryobalanops lanceolata,dryobalanops_lanceolata,Sabah,Sabah,40,27,13,0.675,0.675,1.5,0.62,12.0,Tropical_Forest_Mineral_Soil,5.0,3.0,5.0,2.0,,,,,,,,,,,,,,,,0.8333333333333333
NERC_EIDC_2023_survival_height,real,teme_survival_v4_nerc,,Dryobalanops lanceolata,dryobalanops_lanceolata,Sabah,Sabah,40,25,15,0.625,0.625,1.5,0.62,12.0,Tropical_Forest_Mineral_Soil,5.0,3.0,5.0,2.0,,,,,,,,,,,,,,,,0.8333333333333333
NERC_EIDC_2023_survival_height,real,teme_survival_v4_nerc,,Dryobalanops lanceolata,dryobalanops_lanceolata,Sabah,Sabah,40,13,27,0.325,0.325,1.5,0.62,12.0,Tropical_Forest_Mineral_Soil,5.0,3.0,5.0,3.0,,,,,,,,,,,,,,,,0.8333333333333333
NERC_EIDC_2023_survival_height,real,teme_survival_v4_nerc,,Dryobalanops lanceolata,dryobalanops_lanceolata,Sabah,Sabah,40,25,15,0.625,0.625,1.5,0.62,12.0,Tropical_Forest_Mineral_Soil,5.0,3.0,5.0,3.0,,,,,,,,,,,,,,,,0.8333333333333333
NERC_EIDC_2023_survival_height,real,teme_survival_v4_nerc,,Dryobalanops lanceolata,dryobalanops_lanceolata,Sabah,Sabah,40,25,15,0.625,0.625,1.5,0.62,12.0,Tropical_Forest_Mineral_Soil,5.0,3.0,5.0,3.0,,,,,,,,,,,,,,,,0.8333333333333333
NERC_EIDC_2023_survival_height,real,teme_survival_v4_nerc,,Hopea nervosa,hopea_nervosa,Sabah,Sabah,40,31,9,0.775,0.775,1.5,0.613333333,12.0,Tropical_Forest_Mineral_Soil,5.0,3.0,5.0,3.0,,,,,,,,,,,,,,,,0.8333333333333333
NERC_EIDC_2023_survival_height,real,teme_survival_v4_nerc,,Hopea nervosa,hopea_nervosa,Sabah,Sabah,40,31,9,0.775,0.775,1.5,0.613333333,12.0,Tropical_Forest_Mineral_Soil,5.0,3.0,5.0,2.0,,,,,,,,,,,,,,,,0.8333333333333333
NERC_EIDC_2023_survival_height,real,teme_survival_v4_nerc,,Hopea nervosa,hopea_nervosa,Sabah,Sabah,40,33,7,0.825,0.825,1.5,0.613333333,12.0,Tropical_Forest_Mineral_Soil,5.0,3.0,5.0,3.0,,,,,,,,,,,,,,,,0.8333333333333333
NERC_EIDC_2023_survival_height,real,teme_survival_v4_nerc,,Hopea nervosa,hopea_nervosa,Sabah,Sabah,40,31,9,0.775,0.775,1.5,0.613333333,12.0,Tropical_Forest_Mineral_Soil,5.0,3.0,5.0,2.0,,,,,,,,,,,,,,,,0.8333333333333333
NERC_EIDC_2023_survival_height,real,teme_survival_v4_nerc,,Hopea nervosa,hopea_nervosa,Sabah,Sabah,40,33,7,0.825,0.825,1.5,0.613333333,12.0,Tropical_Forest_Mineral_Soil,5.0,3.0,5.0,3.0,,,,,,,,,,,,,,,,0.8333333333333333
NERC_EIDC_2023_survival_height,real,teme_survival_v4_nerc,,Hopea nervosa,hopea_nervosa,Sabah,Sabah,40,28,12,0.7,0.7,1.5,0.613333333,12.0,Tropical_Forest_Mineral_Soil,5.0,3.0,5.0,4.0,,,,,,,,,,,,,,,,0.8333333333333333
NERC_EIDC_2023_survival_height,real,teme_survival_v4_nerc,,Hopea nervosa,hopea_nervosa,Sabah,Sabah,40,36,4,0.9,0.9,1.5,0.613333333,12.0,Tropical_Forest_Mineral_Soil,5.0,3.0,5.0,1.0,,,,,,,,,,,,,,,,0.8333333333333333
NERC_EIDC_2023_survival_height,real,teme_survival_v4_nerc,,Hopea nervosa,hopea_nervosa,Sabah,Sabah,40,29,11,0.725,0.725,1.5,0.613333333,12.0,Tropical_Forest_Mineral_Soil,5.0,3.0,5.0,2.0,,,,,,,,,,,,,,,,0.8333333333333333
NERC_EIDC_2023_survival_height,real,teme_survival_v4_nerc,,Hopea nervosa,hopea_nervosa,Sabah,Sabah,40,28,12,0.7,0.7,1.5,0.613333333,12.0,Tropical_Forest_Mineral_Soil,5.0,3.0,5.0,1.0,,,,,,,,,,,,,,,,0.8333333333333333
NERC_EIDC_2023_survival_height,real,teme_survival_v4_nerc,,Hopea nervosa,hopea_nervosa,Sabah,Sabah,40,34,6,0.85,0.85,1.5,0.613333333,12.0,Tropical_Forest_Mineral_Soil,5.0,3.0,5.0,1.0,,,,,,,,,,,,,,,,0.8333333333333333
NERC_EIDC_2023_survival_height,real,teme_survival_v4_nerc,,Hopea nervosa,hopea_nervosa,Sabah,Sabah,40,33,7,0.825,0.825,1.5,0.613333333,12.0,Tropical_Forest_Mineral_Soil,5.0,3.0,5.0,1.0,,,,,,,,,,,,,,,,0.8333333333333333
NERC_EIDC_2023_survival_height,real,teme_survival_v4_nerc,,Hopea nervosa,hopea_nervosa,Sabah,Sabah,40,32,8,0.8,0.8,1.5,0.613333333,12.0,Tropical_Forest_Mineral_Soil,5.0,3.0,5.0,1.0,,,,,,,,,,,,,,,,0.8333333333333333
NERC_EIDC_2023_survival_height,real,teme_survival_v4_nerc,,Hopea nervosa,hopea_nervosa,Sabah,Sabah,40,17,23,0.425,0.425,1.5,0.613333333,12.0,Tropical_Forest_Mineral_Soil,5.0,3.0,5.0,3.0,,,,,,,,,,,,,,,,0.8333333333333333
NERC_EIDC_2023_survival_height,real,teme_survival_v4_nerc,,Hopea nervosa,hopea_nervosa,Sabah,Sabah,40,27,13,0.675,0.675,1.5,0.613333333,12.0,Tropical_Forest_Mineral_Soil,5.0,3.0,5.0,2.0,,,,,,,,,,,,,,,,0.8333333333333333
NERC_EIDC_2023_survival_height,real,teme_survival_v4_nerc,,Hopea nervosa,hopea_nervosa,Sabah,Sabah,40,27,13,0.675,0.675,1.5,0.613333333,12.0,Tropical_Forest_Mineral_Soil,5.0,3.0,5.0,4.0,,,,,,,,,,,,,,,,0.8333333333333333
NERC_EIDC_2023_survival_height,real,teme_survival_v4_nerc,,Parashorea malaanonan,parashorea_malaanonan,Sabah,Sabah,40,7,33,0.175,0.175,1.5,0.415,12.0,Tropical_Forest_Mineral_Soil,5.0,3.0,5.0,3.0,,,,,,,,,,,,,,,,0.8333333333333333
NERC_EIDC_2023_survival_height,real,teme_survival_v4_nerc,,Parashorea malaanonan,parashorea_malaanonan,Sabah,Sabah,40,21,19,0.525,0.525,1.5,0.415,12.0,Tropical_Forest_Mineral_Soil,5.0,3.0,5.0,3.0,,,,,,,,,,,,,,,,0.8333333333333333
NERC_EIDC_2023_survival_height,real,teme_survival_v4_nerc,,Parashorea malaanonan,parashorea_malaanonan,Sabah,Sabah,40,23,17,0.575,0.575,1.5,0.415,12.0,Tropical_Forest_Mineral_Soil,5.0,3.0,5.0,2.0,,,,,,,,,,,,,,,,0.8333333333333333
NERC_EIDC_2023_survival_height,real,teme_survival_v4_nerc,,Parashorea malaanonan,parashorea_malaanonan,Sabah,Sabah,40,24,16,0.6,0.6,1.5,0.415,12.0,Tropical_Forest_Mineral_Soil,5.0,3.0,5.0,3.0,,,,,,,,,,,,,,,,0.8333333333333333
NERC_EIDC_2023_survival_height,real,teme_survival_v4_nerc,,Parashorea malaanonan,parashorea_malaanonan,Sabah,Sabah,40,23,17,0.575,0.575,1.5,0.415,12.0,Tropical_Forest_Mineral_Soil,5.0,3.0,5.0,3.0,,,,,,,,,,,,,,,,0.8333333333333333
NERC_EIDC_2023_survival_height,real,teme_survival_v4_nerc,,Parashorea malaanonan,parashorea_malaanonan,Sabah,Sabah,40,24,16,0.6,0.6,1.5,0.415,12.0,Tropical_Forest_Mineral_Soil,5.0,3.0,5.0,4.0,,,,,,,,,,,,,,,,0.8333333333333333
NERC_EIDC_2023_survival_height,real,teme_survival_v4_nerc,,Parashorea malaanonan,parashorea_malaanonan,Sabah,Sabah,40,26,14,0.65,0.65,1.5,0.415,12.0,Tropical_Forest_Mineral_Soil,5.0,3.0,5.0,4.0,,,,,,,,,,,,,,,,0.8333333333333333
NERC_EIDC_2023_survival_height,real,teme_survival_v4_nerc,,Parashorea malaanonan,parashorea_malaanonan,Sabah,Sabah,40,23,17,0.575,0.575,1.5,0.415,12.0,Tropical_Forest_Mineral_Soil,5.0,3.0,5.0,3.0,,,,,,,,,,,,,,,,0.8333333333333333
NERC_EIDC_2023_survival_height,real,teme_survival_v4_nerc,,Parashorea malaanonan,parashorea_malaanonan,Sabah,Sabah,40,14,26,0.35,0.35,1.5,0.415,12.0,Tropical_Forest_Mineral_Soil,5.0,3.0,5.0,1.0,,,,,,,,,,,,,,,,0.8333333333333333
NERC_EIDC_2023_survival_height,real,teme_survival_v4_nerc,,Parashorea malaanonan,parashorea_malaanonan,Sabah,Sabah,40,23,17,0.575,0.575,1.5,0.415,12.0,Tropical_Forest_Mineral_Soil,5.0,3.0,5.0,1.0,,,,,,,,,,,,,,,,0.8333333333333333
NERC_EIDC_2023_survival_height,real,teme_survival_v4_nerc,,Parashorea malaanonan,parashorea_malaanonan,Sabah,Sabah,40,20,20,0.5,0.5,1.5,0.415,12.0,Tropical_Forest_Mineral_Soil,5.0,3.0,5.0,7.0,,,,,,,,,,,,,,,,0.8333333333333333
NERC_EIDC_2023_survival_height,real,teme_survival_v4_nerc,,Parashorea malaanonan,parashorea_malaanonan,Sabah,Sabah,40,20,20,0.5,0.5,1.5,0.415,12.0,Tropical_Forest_Mineral_Soil,5.0,3.0,5.0,1.0,,,,,,,,,,,,,,,,0.8333333333333333
NERC_EIDC_2023_survival_height,real,teme_survival_v4_nerc,,Parashorea malaanonan,parashorea_malaanonan,Sabah,Sabah,40,22,18,0.55,0.55,1.5,0.415,12.0,Tropical_Forest_Mineral_Soil,5.0,3.0,5.0,2.0,,,,,,,,,,,,,,,,0.8333333333333333
NERC_EIDC_2023_survival_height,real,teme_survival_v4_nerc,,Parashorea malaanonan,parashorea_malaanonan,Sabah,Sabah,40,19,21,0.475,0.475,1.5,0.415,12.0,Tropical_Forest_Mineral_Soil,5.0,3.0,5.0,2.0,,,,,,,,,,,,,,,,0.8333333333333333
NERC_EIDC_2023_survival_height,real,teme_survival_v4_nerc,,Parashorea malaanonan,parashorea_malaanonan,Sabah,Sabah,40,16,24,0.4,0.4,1.5,0.415,12.0,Tropical_Forest_Mineral_Soil,5.0,3.0,5.0,1.0,,,,,,,,,,,,,,,,0.8333333333333333
NERC_EIDC_2023_survival_height,real,teme_survival_v4_nerc,,Castanopsis fissa,castanopsis_fissa,Guangdong,Guangdong,150,82,68,0.5466666666666666,0.5466666666666666,1.42,0.4446,6.0,Tropical_Forest_Mineral_Soil,5.0,3.0,5.0,2.0,,,,,,,,,,,,,,,,0.8333333333333333
NERC_EIDC_2023_survival_height,real,teme_survival_v4_nerc,,Castanopsis fissa,castanopsis_fissa,Guangdong,Guangdong,150,14,136,0.09333333333333334,0.09333333333333334,1.42,0.4446,6.0,Tropical_Forest_Mineral_Soil,5.0,3.0,5.0,2.0,,,,,,,,,,,,,,,,0.0
NERC_EIDC_2023_survival_height,real,teme_survival_v4_nerc,,Castanopsis fissa,castanopsis_fissa,Guangdong,Guangdong,150,7,143,0.04666666666666667,0.04666666666666667,1.42,0.4446,6.0,Tropical_Forest_Mineral_Soil,5.0,3.0,5.0,2.0,,,,,,,,,,,,,,,,0.8333333333333333
NERC_EIDC_2023_survival_height,real,teme_survival_v4_nerc,,Castanopsis fissa,castanopsis_fissa,Guangdong,Guangdong,150,52,98,0.3466666666666667,0.3466666666666667,1.42,0.4446,6.0,Tropical_Forest_Mineral_Soil,5.0,3.0,5.0,2.0,,,,,,,,,,,,,,,,0.0
NERC_EIDC_2023_survival_height,real,teme_survival_v4_nerc,,Michelia macclurei,michelia_macclurei,Guangdong,Guangdong,150,54,96,0.36,0.36,1.42,0.5435,6.0,Tropical_Forest_Mineral_Soil,5.0,3.0,5.0,3.0,,,,,,,,,,,,,,,,0.0
NERC_EIDC_2023_survival_height,real,teme_survival_v4_nerc,,Michelia macclurei,michelia_macclurei,Guangdong,Guangdong,150,7,143,0.04666666666666667,0.04666666666666667,1.42,0.5435,6.0,Tropical_Forest_Mineral_Soil,5.0,3.0,5.0,2.0,,,,,,,,,,,,,,,,0.8333333333333333
NERC_EIDC_2023_survival_height,real,teme_survival_v4_nerc,,Michelia macclurei,michelia_macclurei,Guangdong,Guangdong,150,74,76,0.49333333333333335,0.49333333333333335,1.42,0.5435,6.0,Tropical_Forest_Mineral_Soil,5.0,3.0,5.0,3.0,,,,,,,,,,,,,,,,0.0
NERC_EIDC_2023_survival_height,real,teme_survival_v4_nerc,,Michelia macclurei,michelia_macclurei,Guangdong,Guangdong,150,111,39,0.74,0.74,1.42,0.5435,6.0,Tropical_Forest_Mineral_Soil,5.0,3.0,5.0,3.0,,,,,,,,,,,,,,,,0.8333333333333333
NERC_EIDC_2023_survival_height,real,teme_survival_v4_nerc,,Schima superba,schima_superba,Guangdong,Guangdong,150,112,38,0.7466666666666667,0.7466666666666667,1.42,0.5375,6.0,Tropical_Forest_Mineral_Soil,5.0,3.0,5.0,5.0,,,,,,,,,,,,,,,,0.8333333333333333
NERC_EIDC_2023_survival_height,real,teme_survival_v4_nerc,,Schima superba,schima_superba,Guangdong,Guangdong,150,69,81,0.46,0.46,1.42,0.5375,6.0,Tropical_Forest_Mineral_Soil,5.0,3.0,5.0,5.0,,,,,,,,,,,,,,,,0.0
NERC_EIDC_2023_survival_height,real,teme_survival_v4_nerc,,Schima superba,schima_superba,Guangdong,Guangdong,150,51,99,0.34,0.34,1.42,0.5375,6.0,Tropical_Forest_Mineral_Soil,5.0,3.0,5.0,4.0,,,,,,,,,,,,,,,,0.8333333333333333
NERC_EIDC_2023_survival_height,real,teme_survival_v4_nerc,,Schima superba,schima_superba,Guangdong,Guangdong,150,108,42,0.72,0.72,1.42,0.5375,6.0,Tropical_Forest_Mineral_Soil,5.0,3.0,5.0,6.0,,,,,,,,,,,,,,,,0.0
NERC_EIDC_2023_survival_height,real,teme_survival_v4_nerc,,Castanea chinensis,castanea_chinensis,Guangdong,Guangdong,90,43,47,0.4777777777777778,0.4777777777777778,1.17,0.497716667,12.0,Tropical_Forest_Mineral_Soil,5.0,3.0,5.0,3.0,,,,,,,,,,,,,,,,0.0
NERC_EIDC_2023_survival_height,real,teme_survival_v4_nerc,,Castanea chinensis,castanea_chinensis,Guangdong,Guangdong,90,58,32,0.6444444444444445,0.6444444444444445,1.17,0.497716667,12.0,Tropical_Forest_Mineral_Soil,5.0,3.0,5.0,2.0,,,,,,,,,,,,,,,,0.8333333333333333
NERC_EIDC_2023_survival_height,real,teme_survival_v4_nerc,,Castanea chinensis,castanea_chinensis,Guangdong,Guangdong,90,53,37,0.5888888888888889,0.5888888888888889,1.17,0.497716667,12.0,Tropical_Forest_Mineral_Soil,5.0,3.0,5.0,4.0,,,,,,,,,,,,,,,,0.8333333333333333
NERC_EIDC_2023_survival_height,real,teme_survival_v4_nerc,,Castanopsis hystrix,castanopsis_hystrix,Guangdong,Guangdong,90,90,0,1.0,1.0,1.17,0.565,12.0,Tropical_Forest_Mineral_Soil,5.0,3.0,5.0,2.0,,,,,,,,,,,,,,,,0.0
NERC_EIDC_2023_survival_height,real,teme_survival_v4_nerc,,Castanopsis hystrix,castanopsis_hystrix,Guangdong,Guangdong,90,86,4,0.9555555555555556,0.9555555555555556,1.17,0.565,12.0,Tropical_Forest_Mineral_Soil,5.0,3.0,5.0,2.0,,,,,,,,,,,,,,,,0.8333333333333333
NERC_EIDC_2023_survival_height,real,teme_survival_v4_nerc,,Castanopsis hystrix,castanopsis_hystrix,Guangdong,Guangdong,90,86,4,0.9555555555555556,0.9555555555555556,1.17,0.565,12.0,Tropical_Forest_Mineral_Soil,5.0,3.0,5.0,2.0,,,,,,,,,,,,,,,,0.8333333333333333
NERC_EIDC_2023_survival_height,real,teme_survival_v4_nerc,,Cryptocarya chinensis,cryptocarya_chinensis,Guangdong,Guangdong,90,77,13,0.8555555555555555,0.8555555555555555,1.17,0.5,12.0,Tropical_Forest_Mineral_Soil,5.0,3.0,5.0,3.0,,,,,,,,,,,,,,,,0.0
NERC_EIDC_2023_survival_height,real,teme_survival_v4_nerc,,Cryptocarya chinensis,cryptocarya_chinensis,Guangdong,Guangdong,90,75,15,0.8333333333333334,0.8333333333333334,1.17,0.5,12.0,Tropical_Forest_Mineral_Soil,5.0,3.0,5.0,3.0,,,,,,,,,,,,,,,,0.8333333333333333
NERC_EIDC_2023_survival_height,real,teme_survival_v4_nerc,,Cryptocarya chinensis,cryptocarya_chinensis,Guangdong,Guangdong,90,69,21,0.7666666666666667,0.7666666666666667,1.17,0.5,12.0,Tropical_Forest_Mineral_Soil,5.0,3.0,5.0,4.0,,,,,,,,,,,,,,,,0.8333333333333333
NERC_EIDC_2023_survival_height,real,teme_survival_v4_nerc,,Pinus thunbergii,pinus_thunbergii,Guangdong,Guangdong,90,77,13,0.8555555555555555,0.8555555555555555,1.17,0.45,12.0,Tropical_Forest_Mineral_Soil,5.0,3.0,5.0,2.0,,,,,,,,,,,,,,,,0.0
NERC_EIDC_2023_survival_height,real,teme_survival_v4_nerc,,Pinus thunbergii,pinus_thunbergii,Guangdong,Guangdong,90,66,24,0.7333333333333333,0.7333333333333333,1.17,0.45,12.0,Tropical_Forest_Mineral_Soil,5.0,3.0,5.0,2.0,,,,,,,,,,,,,,,,0.8333333333333333
NERC_EIDC_2023_survival_height,real,teme_survival_v4_nerc,,Pinus thunbergii,pinus_thunbergii,Guangdong,Guangdong,90,73,17,0.8111111111111111,0.8111111111111111,1.17,0.45,12.0,Tropical_Forest_Mineral_Soil,5.0,3.0,5.0,2.0,,,,,,,,,,,,,,,,0.8333333333333333
NERC_EIDC_2023_survival_height,real,teme_survival_v4_nerc,,Schefflera heptaphylla,schefflera_heptaphylla,Guangdong,Guangdong,90,55,35,0.6111111111111112,0.6111111111111112,1.17,0.394552976,12.0,Tropical_Forest_Mineral_Soil,5.0,3.0,5.0,3.0,,,,,,,,,,,,,,,,0.0
NERC_EIDC_2023_survival_height,real,teme_survival_v4_nerc,,Schefflera heptaphylla,schefflera_heptaphylla,Guangdong,Guangdong,90,71,19,0.7888888888888889,0.7888888888888889,1.17,0.394552976,12.0,Tropical_Forest_Mineral_Soil,5.0,3.0,5.0,5.0,,,,,,,,,,,,,,,,0.8333333333333333
NERC_EIDC_2023_survival_height,real,teme_survival_v4_nerc,,Schefflera heptaphylla,schefflera_heptaphylla,Guangdong,Guangdong,90,73,17,0.8111111111111111,0.8111111111111111,1.17,0.394552976,12.0,Tropical_Forest_Mineral_Soil,5.0,3.0,5.0,4.0,,,,,,,,,,,,,,,,0.8333333333333333
NERC_EIDC_2023_survival_height,real,teme_survival_v4_nerc,,Schima wallichii,schima_wallichii,Guangdong,Guangdong,90,52,38,0.5777777777777777,0.5777777777777777,1.17,0.55775,12.0,Tropical_Forest_Mineral_Soil,5.0,3.0,5.0,2.0,,,,,,,,,,,,,,,,0.0
NERC_EIDC_2023_survival_height,real,teme_survival_v4_nerc,,Schima wallichii,schima_wallichii,Guangdong,Guangdong,90,57,33,0.6333333333333333,0.6333333333333333,1.17,0.55775,12.0,Tropical_Forest_Mineral_Soil,5.0,3.0,5.0,2.0,,,,,,,,,,,,,,,,0.8333333333333333
NERC_EIDC_2023_survival_height,real,teme_survival_v4_nerc,,Schima wallichii,schima_wallichii,Guangdong,Guangdong,90,48,42,0.5333333333333333,0.5333333333333333,1.17,0.55775,12.0,Tropical_Forest_Mineral_Soil,5.0,3.0,5.0,2.0,,,,,,,,,,,,,,,,0.8333333333333333
NERC_EIDC_2023_survival_height,real,teme_survival_v4_nerc,,Allophylus cobbe,allophylus_cobbe,Negeri Sembilan,Negeri Sembilan,3,3,0,1.0,1.0,1.0,0.385,,Tropical_Forest_Mineral_Soil,5.0,3.0,5.0,5.0,,,,,,,,,,,,,,,,0.8333333333333333
NERC_EIDC_2023_survival_height,real,teme_survival_v4_nerc,,Artocarpus altilis,artocarpus_altilis,Negeri Sembilan,Negeri Sembilan,100,87,13,0.87,0.87,1.0,0.4325,,Tropical_Forest_Mineral_Soil,5.0,3.0,5.0,5.0,,,,,,,,,,,,,,,,0.8333333333333333
NERC_EIDC_2023_survival_height,real,teme_survival_v4_nerc,,Artocarpus hispidus,artocarpus_hispidus,Negeri Sembilan,Negeri Sembilan,10,4,6,0.4,0.4,1.0,0.486363636,,Tropical_Forest_Mineral_Soil,5.0,3.0,5.0,5.0,,,,,,,,,,,,,,,,0.8333333333333333
NERC_EIDC_2023_survival_height,real,teme_survival_v4_nerc,,Calophyllum wallichiana,calophyllum_wallichiana,Negeri Sembilan,Negeri Sembilan,50,42,8,0.84,0.84,1.0,0.669211656,,Tropical_Forest_Mineral_Soil,5.0,3.0,5.0,5.0,,,,,,,,,,,,,,,,0.8333333333333333
NERC_EIDC_2023_survival_height,real,teme_survival_v4_nerc,,Dipterocarpus oblongifolius,dipterocarpus_oblongifolius,Negeri Sembilan,Negeri Sembilan,50,50,0,1.0,1.0,1.0,0.615,,Tropical_Forest_Mineral_Soil,5.0,3.0,5.0,5.0,,,,,,,,,,,,,,,,0.8333333333333333
NERC_EIDC_2023_survival_height,real,teme_survival_v4_nerc,,Dryobalanops oblongifolia,dryobalanops_oblongifolia,Negeri Sembilan,Negeri Sembilan,40,37,3,0.925,0.925,1.0,0.61,,Tropical_Forest_Mineral_Soil,5.0,3.0,5.0,5.0,,,,,,,,,,,,,,,,0.8333333333333333
NERC_EIDC_2023_survival_height,real,teme_survival_v4_nerc,,Heritiera javanica,heritiera_javanica,Negeri Sembilan,Negeri Sembilan,24,23,1,0.9583333333333334,0.9583333333333334,1.0,0.62,,Tropical_Forest_Mineral_Soil,5.0,3.0,5.0,5.0,,,,,,,,,,,,,,,,0.8333333333333333
NERC_EIDC_2023_survival_height,real,teme_survival_v4_nerc,,Intsia palembanica,intsia_palembanica,Negeri Sembilan,Negeri Sembilan,52,50,2,0.9615384615384616,0.9615384615384616,1.0,0.658666667,,Tropical_Forest_Mineral_Soil,5.0,3.0,5.0,5.0,,,,,,,,,,,,,,,,0.8333333333333333
NERC_EIDC_2023_survival_height,real,teme_survival_v4_nerc,,Sindora coriacea,sindora_coriacea,Negeri Sembilan,Negeri Sembilan,22,22,0,1.0,1.0,1.0,0.55,,Tropical_Forest_Mineral_Soil,5.0,3.0,5.0,5.0,,,,,,,,,,,,,,,,0.8333333333333333
NERC_EIDC_2023_survival_height,real,teme_survival_v4_nerc,,Acer davidii,acer_davidii,Jiangxi,Jiangxi,399,149,250,0.37343358395989973,0.37343358395989973,0.58,0.458,,Tropical_Forest_Mineral_Soil,5.0,3.0,5.0,5.0,,,,,,,,,,,,,,,,0.8333333333333333
NERC_EIDC_2023_survival_height,real,teme_survival_v4_nerc,,Castanea henryi,castanea_henryi,Jiangxi,Jiangxi,1426,803,623,0.5631136044880786,0.5631136044880786,0.58,0.541,,Tropical_Forest_Mineral_Soil,5.0,3.0,5.0,5.0,,,,,,,,,,,,,,,,0.8333333333333333
NERC_EIDC_2023_survival_height,real,teme_survival_v4_nerc,,Castanopsis carlesii,castanopsis_carlesii,Jiangxi,Jiangxi,644,26,618,0.040372670807453416,0.040372670807453416,0.58,0.44075,,Tropical_Forest_Mineral_Soil,5.0,3.0,5.0,5.0,,,,,,,,,,,,,,,,0.8333333333333333
NERC_EIDC_2023_survival_height,real,teme_survival_v4_nerc,,Castanopsis eyrei,castanopsis_eyrei,Jiangxi,Jiangxi,1748,101,1647,0.057780320366132724,0.057780320366132724,0.58,0.49425,,Tropical_Forest_Mineral_Soil,5.0,3.0,5.0,5.0,,,,,,,,,,,,,,,,0.8333333333333333
NERC_EIDC_2023_survival_height,real,teme_survival_v4_nerc,,Castanopsis indica,castanopsis_indica,Jiangxi,Jiangxi,1580,1076,504,0.6810126582278481,0.6810126582278481,0.58,0.59575,,Tropical_Forest_Mineral_Soil,5.0,3.0,5.0,5.0,,,,,,,,,,,,,,,,0.8333333333333333
NERC_EIDC_2023_survival_height,real,teme_survival_v4_nerc,,Castanopsis sclerophylla,castanopsis_sclerophylla,Jiangxi,Jiangxi,1871,646,1225,0.3452699091394976,0.3452699091394976,0.58,0.459,,Tropical_Forest_Mineral_Soil,5.0,3.0,5.0,5.0,,,,,,,,,,,,,,,,0.8333333333333333
NERC_EIDC_2023_survival_height,real,teme_survival_v4_nerc,,Choerospondias axillaris,choerospondias_axillaris,Jiangxi,Jiangxi,1457,1282,175,0.8798901853122855,0.8798901853122855,0.58,0.487,,Tropical_Forest_Mineral_Soil,5.0,3.0,5.0,5.0,,,,,,,,,,,,,,,,0.8333333333333333
NERC_EIDC_2023_survival_height,real,teme_survival_v4_nerc,,Cinnamomum camphora,cinnamomum_camphora,Jiangxi,Jiangxi,521,328,193,0.6295585412667947,0.6295585412667947,0.58,0.4874,,Tropical_Forest_Mineral_Soil,5.0,3.0,5.0,5.0,,,,,,,,,,,,,,,,0.8333333333333333
NERC_EIDC_2023_survival_height,real,teme_survival_v4_nerc,,Cunninghamia lanceolata,cunninghamia_lanceolata,Jiangxi,Jiangxi,613,446,167,0.7275693311582382,0.7275693311582382,0.58,0.315692308,,Tropical_Forest_Mineral_Soil,5.0,3.0,5.0,5.0,,,,,,,,,,,,,,,,0.8333333333333333
NERC_EIDC_2023_survival_height,real,teme_survival_v4_nerc,,Daphniphyllum pentandrum,daphniphyllum_pentandrum,Jiangxi,Jiangxi,521,46,475,0.08829174664107485,0.08829174664107485,0.58,0.5063,,Tropical_Forest_Mineral_Soil,5.0,3.0,5.0,5.0,,,,,,,,,,,,,,,,0.8333333333333333
NERC_EIDC_2023_survival_height,real,teme_survival_v4_nerc,,Diospyros japonica,diospyros_japonica,Jiangxi,Jiangxi,460,195,265,0.42391304347826086,0.42391304347826086,0.58,0.683275126,,Tropical_Forest_Mineral_Soil,5.0,3.0,5.0,5.0,,,,,,,,,,,,,,,,0.8333333333333333
NERC_EIDC_2023_survival_height,real,teme_survival_v4_nerc,,Koelreuteria bipinnata,koelreuteria_bipinnata,Jiangxi,Jiangxi,1303,1028,275,0.7889485801995395,0.7889485801995395,0.58,0.57,,Tropical_Forest_Mineral_Soil,5.0,3.0,5.0,5.0,,,,,,,,,,,,,,,,0.8333333333333333
NERC_EIDC_2023_survival_height,real,teme_survival_v4_nerc,,Liquidambar formosana,liquidambar_formosana,Jiangxi,Jiangxi,1426,1073,353,0.7524544179523142,0.7524544179523142,0.58,0.488833333,,Tropical_Forest_Mineral_Soil,5.0,3.0,5.0,5.0,,,,,,,,,,,,,,,,0.8333333333333333
NERC_EIDC_2023_survival_height,real,teme_survival_v4_nerc,,Lithocarpus glaber,lithocarpus_glaber,Jiangxi,Jiangxi,2208,973,1235,0.44067028985507245,0.44067028985507245,0.58,0.55075,,Tropical_Forest_Mineral_Soil,5.0,3.0,5.0,5.0,,,,,,,,,,,,,,,,0.8333333333333333
NERC_EIDC_2023_survival_height,real,teme_survival_v4_nerc,,Melia azedarach,melia_azedarach,Jiangxi,Jiangxi,353,294,59,0.8328611898016998,0.8328611898016998,0.58,0.437777778,,Tropical_Forest_Mineral_Soil,5.0,3.0,5.0,5.0,,,,,,,,,,,,,,,,0.8333333333333333
NERC_EIDC_2023_survival_height,real,teme_survival_v4_nerc,,Nyssa sinensis,nyssa_sinensis,Jiangxi,Jiangxi,1365,658,707,0.48205128205128206,0.48205128205128206,0.58,0.604,,Tropical_Forest_Mineral_Soil,5.0,3.0,5.0,5.0,,,,,,,,,,,,,,,,0.8333333333333333
NERC_EIDC_2023_survival_height,real,teme_survival_v4_nerc,,Pinus thunbergii,pinus_thunbergii,Jiangxi,Jiangxi,613,328,285,0.5350734094616639,0.5350734094616639,0.58,0.45,,Tropical_Forest_Mineral_Soil,5.0,3.0,5.0,5.0,,,,,,,,,,,,,,,,0.8333333333333333
NERC_EIDC_2023_survival_height,real,teme_survival_v4_nerc,,Quercus acutissima,quercus_acutissima,Jiangxi,Jiangxi,475,289,186,0.608421052631579,0.608421052631579,0.58,0.7334,,Tropical_Forest_Mineral_Soil,5.0,3.0,5.0,5.0,,,,,,,,,,,,,,,,0.8333333333333333
NERC_EIDC_2023_survival_height,real,teme_survival_v4_nerc,,Quercus fabrei,quercus_fabrei,Jiangxi,Jiangxi,1395,764,631,0.5476702508960574,0.5476702508960574,0.58,0.66,,Tropical_Forest_Mineral_Soil,5.0,3.0,5.0,5.0,,,,,,,,,,,,,,,,0.8333333333333333
NERC_EIDC_2023_survival_height,real,teme_survival_v4_nerc,,Quercus glauca,quercus_glauca,Jiangxi,Jiangxi,2132,764,1368,0.35834896810506567,0.35834896810506567,0.58,0.73275,,Tropical_Forest_Mineral_Soil,5.0,3.0,5.0,5.0,,,,,,,,,,,,,,,,0.8333333333333333
NERC_EIDC_2023_survival_height,real,teme_survival_v4_nerc,,Quercus myrsinifolia,quercus_myrsinifolia,Jiangxi,Jiangxi,1840,638,1202,0.3467391304347826,0.3467391304347826,0.58,0.716666667,,Tropical_Forest_Mineral_Soil,5.0,3.0,5.0,5.0,,,,,,,,,,,,,,,,0.8333333333333333
NERC_EIDC_2023_survival_height,real,teme_survival_v4_nerc,,Rhus chinensis,rhus_chinensis,Jiangxi,Jiangxi,1349,936,413,0.6938472942920682,0.6938472942920682,0.58,0.627181818,,Tropical_Forest_Mineral_Soil,5.0,3.0,5.0,5.0,,,,,,,,,,,,,,,,0.8333333333333333
NERC_EIDC_2023_survival_height,real,teme_survival_v4_nerc,,Sapindus mukorossi,sapindus_mukorossi,Jiangxi,Jiangxi,1334,1158,176,0.8680659670164917,0.8680659670164917,0.58,0.7015,,Tropical_Forest_Mineral_Soil,5.0,3.0,5.0,5.0,,,,,,,,,,,,,,,,0.8333333333333333
NERC_EIDC_2023_survival_height,real,teme_survival_v4_nerc,,Schima superba,schima_superba,Jiangxi,Jiangxi,2024,1193,831,0.5894268774703557,0.5894268774703557,0.58,0.5375,,Tropical_Forest_Mineral_Soil,5.0,3.0,5.0,5.0,,,,,,,,,,,,,,,,0.8333333333333333
NERC_EIDC_2023_survival_height,real,teme_survival_v4_nerc,,Triadica cochinchinensis,triadica_cochinchinensis,Jiangxi,Jiangxi,414,86,328,0.20772946859903382,0.20772946859903382,0.58,0.544977248,,Tropical_Forest_Mineral_Soil,5.0,3.0,5.0,5.0,,,,,,,,,,,,,,,,0.8333333333333333
NERC_EIDC_2023_survival_height,real,teme_survival_v4_nerc,,Triadica sebifera,triadica_sebifera,Jiangxi,Jiangxi,1319,1012,307,0.7672479150871873,0.7672479150871873,0.58,0.544977248,,Tropical_Forest_Mineral_Soil,5.0,3.0,5.0,5.0,,,,,,,,,,,,,,,,0.8333333333333333
NERC_EIDC_2023_survival_height,real,teme_survival_v4_nerc,,Bischofia javanica,bischofia_javanica,Guangdong,Guangdong,36,0,36,0.0,0.0,6.0,0.6017,,Tropical_Forest_Mineral_Soil,5.0,8.0,5.0,5.0,,,,,,,,,,,,,,,,0.8333333333333333
NERC_EIDC_2023_survival_height,real,teme_survival_v4_nerc,,Castanopsis hystrix,castanopsis_hystrix,Guangdong,Guangdong,36,19,17,0.5277777777777778,0.5277777777777778,6.0,0.565,,Tropical_Forest_Mineral_Soil,5.0,8.0,5.0,5.0,,,,,,,,,,,,,,,,0.8333333333333333
NERC_EIDC_2023_survival_height,real,teme_survival_v4_nerc,,Cinnamomum burmannii,cinnamomum_burmannii,Guangdong,Guangdong,36,32,4,0.8888888888888888,0.8888888888888888,6.0,0.49,,Tropical_Forest_Mineral_Soil,5.0,8.0,5.0,5.0,,,,,,,,,,,,,,,,0.8333333333333333
NERC_EIDC_2023_survival_height,real,teme_survival_v4_nerc,,Cinnamomum camphora,cinnamomum_camphora,Guangdong,Guangdong,36,29,7,0.8055555555555556,0.8055555555555556,6.0,0.4874,,Tropical_Forest_Mineral_Soil,5.0,8.0,5.0,5.0,,,,,,,,,,,,,,,,0.8333333333333333
NERC_EIDC_2023_survival_height,real,teme_survival_v4_nerc,,Elaeocarpus obtusus,elaeocarpus_obtusus,Guangdong,Guangdong,36,29,7,0.8055555555555556,0.8055555555555556,6.0,0.445,,Tropical_Forest_Mineral_Soil,5.0,8.0,5.0,5.0,,,,,,,,,,,,,,,,0.8333333333333333
NERC_EIDC_2023_survival_height,real,teme_survival_v4_nerc,,Garcinia oblongifolia,garcinia_oblongifolia,Guangdong,Guangdong,36,2,34,0.05555555555555555,0.05555555555555555,6.0,0.6268,,Tropical_Forest_Mineral_Soil,5.0,8.0,5.0,5.0,,,,,,,,,,,,,,,,0.8333333333333333
NERC_EIDC_2023_survival_height,real,teme_survival_v4_nerc,,Liquidambar formosana,liquidambar_formosana,Guangdong,Guangdong,36,28,8,0.7777777777777778,0.7777777777777778,6.0,0.488833333,,Tropical_Forest_Mineral_Soil,5.0,8.0,5.0,5.0,,,,,,,,,,,,,,,,0.8333333333333333
NERC_EIDC_2023_survival_height,real,teme_survival_v4_nerc,,Litsea cubeba,litsea_cubeba,Guangdong,Guangdong,36,8,28,0.2222222222222222,0.2222222222222222,6.0,0.31,,Tropical_Forest_Mineral_Soil,5.0,8.0,5.0,5.0,,,,,,,,,,,,,,,,0.8333333333333333
NERC_EIDC_2023_survival_height,real,teme_survival_v4_nerc,,Machilus chinensis,machilus_chinensis,Guangdong,Guangdong,36,35,1,0.9722222222222222,0.9722222222222222,6.0,0.56441757,,Tropical_Forest_Mineral_Soil,5.0,8.0,5.0,5.0,,,,,,,,,,,,,,,,0.8333333333333333
NERC_EIDC_2023_survival_height,real,teme_survival_v4_nerc,,Magnolia odora,magnolia_odora,Guangdong,Guangdong,36,24,12,0.6666666666666666,0.6666666666666666,6.0,0.504583333,,Tropical_Forest_Mineral_Soil,5.0,8.0,5.0,5.0,,,,,,,,,,,,,,,,0.8333333333333333
NERC_EIDC_2023_survival_height,real,teme_survival_v4_nerc,,Magnolia sumatrana,magnolia_sumatrana,Guangdong,Guangdong,36,18,18,0.5,0.5,6.0,0.504583333,,Tropical_Forest_Mineral_Soil,5.0,8.0,5.0,5.0,,,,,,,,,,,,,,,,0.8333333333333333
NERC_EIDC_2023_survival_height,real,teme_survival_v4_nerc,,Michelia macclurei,michelia_macclurei,Guangdong,Guangdong,36,25,11,0.6944444444444444,0.6944444444444444,6.0,0.5435,,Tropical_Forest_Mineral_Soil,5.0,8.0,5.0,5.0,,,,,,,,,,,,,,,,0.8333333333333333
NERC_EIDC_2023_survival_height,real,teme_survival_v4_nerc,,Michelia maudiae,michelia_maudiae,Guangdong,Guangdong,36,32,4,0.8888888888888888,0.8888888888888888,6.0,0.488018519,,Tropical_Forest_Mineral_Soil,5.0,8.0,5.0,5.0,,,,,,,,,,,,,,,,0.8333333333333333
NERC_EIDC_2023_survival_height,real,teme_survival_v4_nerc,,Schima superba,schima_superba,Guangdong,Guangdong,36,31,5,0.8611111111111112,0.8611111111111112,6.0,0.5375,,Tropical_Forest_Mineral_Soil,5.0,8.0,5.0,5.0,,,,,,,,,,,,,,,,0.8333333333333333
NERC_EIDC_2023_survival_height,real,teme_survival_v4_nerc,,Syzygium hainanense,syzygium_hainanense,Guangdong,Guangdong,36,18,18,0.5,0.5,6.0,0.664366667,,Tropical_Forest_Mineral_Soil,5.0,8.0,5.0,5.0,,,,,,,,,,,,,,,,0.8333333333333333
NERC_EIDC_2023_survival_height,real,teme_survival_v4_nerc,,Trema cannabina,trema_cannabina,Guangdong,Guangdong,36,3,33,0.08333333333333333,0.08333333333333333,6.0,0.3422,,Tropical_Forest_Mineral_Soil,5.0,8.0,5.0,5.0,,,,,,,,,,,,,,,,0.8333333333333333
